--
-- PostgreSQL database dump
--

-- Dumped from database version 12.2 (Ubuntu 12.2-4)
-- Dumped by pg_dump version 12.2 (Ubuntu 12.2-4)

SET statement_timeout = 0;
SET lock_timeout = 0;
SET idle_in_transaction_session_timeout = 0;
SET client_encoding = 'UTF8';
SET standard_conforming_strings = on;
SELECT pg_catalog.set_config('search_path', '', false);
SET check_function_bodies = false;
SET xmloption = content;
SET client_min_messages = warning;
SET row_security = off;

SET default_tablespace = '';

SET default_table_access_method = heap;

--
-- Name: commission; Type: TABLE; Schema: public; Owner: postgres
--

CREATE TABLE public.commission (
    commission_id integer NOT NULL,
    code character varying(20) NOT NULL,
    fullname character varying(255) NOT NULL
);


ALTER TABLE public.commission OWNER TO postgres;

--
-- Name: commission_commission_id_seq; Type: SEQUENCE; Schema: public; Owner: postgres
--

CREATE SEQUENCE public.commission_commission_id_seq
    AS integer
    START WITH 1
    INCREMENT BY 1
    NO MINVALUE
    NO MAXVALUE
    CACHE 1;


ALTER TABLE public.commission_commission_id_seq OWNER TO postgres;

--
-- Name: commission_commission_id_seq; Type: SEQUENCE OWNED BY; Schema: public; Owner: postgres
--

ALTER SEQUENCE public.commission_commission_id_seq OWNED BY public.commission.commission_id;


--
-- Name: construction; Type: TABLE; Schema: public; Owner: postgres
--

CREATE TABLE public.construction (
    construction_id integer NOT NULL,
    project_code character varying(40) NOT NULL,
    project_name character varying(255) NOT NULL,
    construction_categories_id integer,
    subcategories_list_id integer,
    is_critical boolean NOT NULL,
    commission_id integer NOT NULL,
    "idMU" integer,
    contract_date date NOT NULL,
    object_amount integer NOT NULL,
    planned_date date NOT NULL,
    CONSTRAINT construction_object_amount_check CHECK ((object_amount > 0))
);


ALTER TABLE public.construction OWNER TO postgres;

--
-- Name: construction_categories; Type: TABLE; Schema: public; Owner: postgres
--

CREATE TABLE public.construction_categories (
    construction_categories_id integer NOT NULL,
    fullname character varying(255) NOT NULL
);


ALTER TABLE public.construction_categories OWNER TO postgres;

--
-- Name: construction_categories_construction_categories_id_seq; Type: SEQUENCE; Schema: public; Owner: postgres
--

CREATE SEQUENCE public.construction_categories_construction_categories_id_seq
    AS integer
    START WITH 1
    INCREMENT BY 1
    NO MINVALUE
    NO MAXVALUE
    CACHE 1;


ALTER TABLE public.construction_categories_construction_categories_id_seq OWNER TO postgres;

--
-- Name: construction_categories_construction_categories_id_seq; Type: SEQUENCE OWNED BY; Schema: public; Owner: postgres
--

ALTER SEQUENCE public.construction_categories_construction_categories_id_seq OWNED BY public.construction_categories.construction_categories_id;


--
-- Name: construction_construction_id_seq; Type: SEQUENCE; Schema: public; Owner: postgres
--

CREATE SEQUENCE public.construction_construction_id_seq
    AS integer
    START WITH 1
    INCREMENT BY 1
    NO MINVALUE
    NO MAXVALUE
    CACHE 1;


ALTER TABLE public.construction_construction_id_seq OWNER TO postgres;

--
-- Name: construction_construction_id_seq; Type: SEQUENCE OWNED BY; Schema: public; Owner: postgres
--

ALTER SEQUENCE public.construction_construction_id_seq OWNED BY public.construction.construction_id;


--
-- Name: construction_objects; Type: TABLE; Schema: public; Owner: postgres
--

CREATE TABLE public.construction_objects (
    construction_objects_id integer NOT NULL,
    construction_id integer NOT NULL,
    object_code character varying(40) NOT NULL,
    object_name character varying(255) NOT NULL,
    zones_id integer,
    object_categories_list_id integer,
    planned_date date NOT NULL,
    weight integer NOT NULL,
    generalplan_number integer,
    building_volume numeric(17,3),
    floors_amount integer,
    construction_stages_id integer,
    CONSTRAINT construction_objects_weight_check CHECK (((weight > 0) AND (weight <= 100)))
);


ALTER TABLE public.construction_objects OWNER TO postgres;

--
-- Name: construction_objects_construction_objects_id_seq; Type: SEQUENCE; Schema: public; Owner: postgres
--

CREATE SEQUENCE public.construction_objects_construction_objects_id_seq
    AS integer
    START WITH 1
    INCREMENT BY 1
    NO MINVALUE
    NO MAXVALUE
    CACHE 1;


ALTER TABLE public.construction_objects_construction_objects_id_seq OWNER TO postgres;

--
-- Name: construction_objects_construction_objects_id_seq; Type: SEQUENCE OWNED BY; Schema: public; Owner: postgres
--

ALTER SEQUENCE public.construction_objects_construction_objects_id_seq OWNED BY public.construction_objects.construction_objects_id;


--
-- Name: construction_stages; Type: TABLE; Schema: public; Owner: postgres
--

CREATE TABLE public.construction_stages (
    construction_stages_id integer NOT NULL,
    code character varying(20) NOT NULL,
    fullname character varying(255) NOT NULL
);


ALTER TABLE public.construction_stages OWNER TO postgres;

--
-- Name: construction_stages_construction_stages_id_seq; Type: SEQUENCE; Schema: public; Owner: postgres
--

CREATE SEQUENCE public.construction_stages_construction_stages_id_seq
    AS integer
    START WITH 1
    INCREMENT BY 1
    NO MINVALUE
    NO MAXVALUE
    CACHE 1;


ALTER TABLE public.construction_stages_construction_stages_id_seq OWNER TO postgres;

--
-- Name: construction_stages_construction_stages_id_seq; Type: SEQUENCE OWNED BY; Schema: public; Owner: postgres
--

ALTER SEQUENCE public.construction_stages_construction_stages_id_seq OWNED BY public.construction_stages.construction_stages_id;


--
-- Name: construction_subcategories; Type: TABLE; Schema: public; Owner: postgres
--

CREATE TABLE public.construction_subcategories (
    construction_subcategories_id integer NOT NULL,
    fullname character varying(255) NOT NULL
);


ALTER TABLE public.construction_subcategories OWNER TO postgres;

--
-- Name: construction_subcategories_construction_subcategories_id_seq; Type: SEQUENCE; Schema: public; Owner: postgres
--

CREATE SEQUENCE public.construction_subcategories_construction_subcategories_id_seq
    AS integer
    START WITH 1
    INCREMENT BY 1
    NO MINVALUE
    NO MAXVALUE
    CACHE 1;


ALTER TABLE public.construction_subcategories_construction_subcategories_id_seq OWNER TO postgres;

--
-- Name: construction_subcategories_construction_subcategories_id_seq; Type: SEQUENCE OWNED BY; Schema: public; Owner: postgres
--

ALTER SEQUENCE public.construction_subcategories_construction_subcategories_id_seq OWNED BY public.construction_subcategories.construction_subcategories_id;


--
-- Name: filestorage; Type: TABLE; Schema: public; Owner: postgres
--

CREATE TABLE public.filestorage (
    idfilestorage uuid NOT NULL,
    filename character varying(255) NOT NULL,
    uri character varying(1024) NOT NULL,
    filesize integer,
    "mimeType" character varying(45),
    "createdOn" timestamp with time zone,
    description character varying(100),
    authorid integer
);


ALTER TABLE public.filestorage OWNER TO postgres;

--
-- Name: meeting; Type: TABLE; Schema: public; Owner: postgres
--

CREATE TABLE public.meeting (
    meetings_type_id integer NOT NULL,
    fullname character varying(255) NOT NULL
);


ALTER TABLE public.meeting OWNER TO postgres;

--
-- Name: meeting_meetings_type_id_seq; Type: SEQUENCE; Schema: public; Owner: postgres
--

CREATE SEQUENCE public.meeting_meetings_type_id_seq
    AS integer
    START WITH 1
    INCREMENT BY 1
    NO MINVALUE
    NO MAXVALUE
    CACHE 1;


ALTER TABLE public.meeting_meetings_type_id_seq OWNER TO postgres;

--
-- Name: meeting_meetings_type_id_seq; Type: SEQUENCE OWNED BY; Schema: public; Owner: postgres
--

ALTER SEQUENCE public.meeting_meetings_type_id_seq OWNED BY public.meeting.meetings_type_id;


--
-- Name: military_unit; Type: TABLE; Schema: public; Owner: postgres
--

CREATE TABLE public.military_unit (
    "idMU" integer NOT NULL,
    "pidMU" integer,
    "vChNumber" character varying(4),
    "idNameMU" integer NOT NULL
);


ALTER TABLE public.military_unit OWNER TO postgres;

--
-- Name: military_unit_idMU_seq; Type: SEQUENCE; Schema: public; Owner: postgres
--

CREATE SEQUENCE public."military_unit_idMU_seq"
    AS integer
    START WITH 1
    INCREMENT BY 1
    NO MINVALUE
    NO MAXVALUE
    CACHE 1;


ALTER TABLE public."military_unit_idMU_seq" OWNER TO postgres;

--
-- Name: military_unit_idMU_seq; Type: SEQUENCE OWNED BY; Schema: public; Owner: postgres
--

ALTER SEQUENCE public."military_unit_idMU_seq" OWNED BY public.military_unit."idMU";


--
-- Name: object_categories; Type: TABLE; Schema: public; Owner: postgres
--

CREATE TABLE public.object_categories (
    object_categories_id integer NOT NULL,
    fullname character varying(255) NOT NULL,
    note character varying(1000)
);


ALTER TABLE public.object_categories OWNER TO postgres;

--
-- Name: object_categories_list; Type: TABLE; Schema: public; Owner: postgres
--

CREATE TABLE public.object_categories_list (
    object_categories_list_id integer NOT NULL,
    zones_id integer NOT NULL,
    object_categories_id integer NOT NULL
);


ALTER TABLE public.object_categories_list OWNER TO postgres;

--
-- Name: object_categories_list_object_categories_list_id_seq; Type: SEQUENCE; Schema: public; Owner: postgres
--

CREATE SEQUENCE public.object_categories_list_object_categories_list_id_seq
    AS integer
    START WITH 1
    INCREMENT BY 1
    NO MINVALUE
    NO MAXVALUE
    CACHE 1;


ALTER TABLE public.object_categories_list_object_categories_list_id_seq OWNER TO postgres;

--
-- Name: object_categories_list_object_categories_list_id_seq; Type: SEQUENCE OWNED BY; Schema: public; Owner: postgres
--

ALTER SEQUENCE public.object_categories_list_object_categories_list_id_seq OWNED BY public.object_categories_list.object_categories_list_id;


--
-- Name: object_categories_object_categories_id_seq; Type: SEQUENCE; Schema: public; Owner: postgres
--

CREATE SEQUENCE public.object_categories_object_categories_id_seq
    AS integer
    START WITH 1
    INCREMENT BY 1
    NO MINVALUE
    NO MAXVALUE
    CACHE 1;


ALTER TABLE public.object_categories_object_categories_id_seq OWNER TO postgres;

--
-- Name: object_categories_object_categories_id_seq; Type: SEQUENCE OWNED BY; Schema: public; Owner: postgres
--

ALTER SEQUENCE public.object_categories_object_categories_id_seq OWNED BY public.object_categories.object_categories_id;


--
-- Name: protocol; Type: TABLE; Schema: public; Owner: postgres
--

CREATE TABLE public.protocol (
    protocol_id integer NOT NULL,
    protocol_num character varying(20) NOT NULL,
    protocol_date date NOT NULL,
    meetings_type_id integer,
    protocol_name character varying(255) NOT NULL,
    note character varying(2000),
    idfilestorage uuid
);


ALTER TABLE public.protocol OWNER TO postgres;

--
-- Name: protocol_protocol_id_seq; Type: SEQUENCE; Schema: public; Owner: postgres
--

CREATE SEQUENCE public.protocol_protocol_id_seq
    AS integer
    START WITH 1
    INCREMENT BY 1
    NO MINVALUE
    NO MAXVALUE
    CACHE 1;


ALTER TABLE public.protocol_protocol_id_seq OWNER TO postgres;

--
-- Name: protocol_protocol_id_seq; Type: SEQUENCE OWNED BY; Schema: public; Owner: postgres
--

ALTER SEQUENCE public.protocol_protocol_id_seq OWNED BY public.protocol.protocol_id;


--
-- Name: subcategories_list; Type: TABLE; Schema: public; Owner: postgres
--

CREATE TABLE public.subcategories_list (
    subcategories_list_id integer NOT NULL,
    construction_categories_id integer NOT NULL,
    construction_subcategories_id integer NOT NULL
);


ALTER TABLE public.subcategories_list OWNER TO postgres;

--
-- Name: subcategories_list_subcategories_list_id_seq; Type: SEQUENCE; Schema: public; Owner: postgres
--

CREATE SEQUENCE public.subcategories_list_subcategories_list_id_seq
    AS integer
    START WITH 1
    INCREMENT BY 1
    NO MINVALUE
    NO MAXVALUE
    CACHE 1;


ALTER TABLE public.subcategories_list_subcategories_list_id_seq OWNER TO postgres;

--
-- Name: subcategories_list_subcategories_list_id_seq; Type: SEQUENCE OWNED BY; Schema: public; Owner: postgres
--

ALTER SEQUENCE public.subcategories_list_subcategories_list_id_seq OWNED BY public.subcategories_list.subcategories_list_id;


--
-- Name: zones; Type: TABLE; Schema: public; Owner: postgres
--

CREATE TABLE public.zones (
    zones_id integer NOT NULL,
    fullname character varying(255) NOT NULL
);


ALTER TABLE public.zones OWNER TO postgres;

--
-- Name: zones_zones_id_seq; Type: SEQUENCE; Schema: public; Owner: postgres
--

CREATE SEQUENCE public.zones_zones_id_seq
    AS integer
    START WITH 1
    INCREMENT BY 1
    NO MINVALUE
    NO MAXVALUE
    CACHE 1;


ALTER TABLE public.zones_zones_id_seq OWNER TO postgres;

--
-- Name: zones_zones_id_seq; Type: SEQUENCE OWNED BY; Schema: public; Owner: postgres
--

ALTER SEQUENCE public.zones_zones_id_seq OWNED BY public.zones.zones_id;


--
-- Name: commission commission_id; Type: DEFAULT; Schema: public; Owner: postgres
--

ALTER TABLE ONLY public.commission ALTER COLUMN commission_id SET DEFAULT nextval('public.commission_commission_id_seq'::regclass);


--
-- Name: construction construction_id; Type: DEFAULT; Schema: public; Owner: postgres
--

ALTER TABLE ONLY public.construction ALTER COLUMN construction_id SET DEFAULT nextval('public.construction_construction_id_seq'::regclass);


--
-- Name: construction_categories construction_categories_id; Type: DEFAULT; Schema: public; Owner: postgres
--

ALTER TABLE ONLY public.construction_categories ALTER COLUMN construction_categories_id SET DEFAULT nextval('public.construction_categories_construction_categories_id_seq'::regclass);


--
-- Name: construction_objects construction_objects_id; Type: DEFAULT; Schema: public; Owner: postgres
--

ALTER TABLE ONLY public.construction_objects ALTER COLUMN construction_objects_id SET DEFAULT nextval('public.construction_objects_construction_objects_id_seq'::regclass);


--
-- Name: construction_stages construction_stages_id; Type: DEFAULT; Schema: public; Owner: postgres
--

ALTER TABLE ONLY public.construction_stages ALTER COLUMN construction_stages_id SET DEFAULT nextval('public.construction_stages_construction_stages_id_seq'::regclass);


--
-- Name: construction_subcategories construction_subcategories_id; Type: DEFAULT; Schema: public; Owner: postgres
--

ALTER TABLE ONLY public.construction_subcategories ALTER COLUMN construction_subcategories_id SET DEFAULT nextval('public.construction_subcategories_construction_subcategories_id_seq'::regclass);


--
-- Name: meeting meetings_type_id; Type: DEFAULT; Schema: public; Owner: postgres
--

ALTER TABLE ONLY public.meeting ALTER COLUMN meetings_type_id SET DEFAULT nextval('public.meeting_meetings_type_id_seq'::regclass);


--
-- Name: military_unit idMU; Type: DEFAULT; Schema: public; Owner: postgres
--

ALTER TABLE ONLY public.military_unit ALTER COLUMN "idMU" SET DEFAULT nextval('public."military_unit_idMU_seq"'::regclass);


--
-- Name: object_categories object_categories_id; Type: DEFAULT; Schema: public; Owner: postgres
--

ALTER TABLE ONLY public.object_categories ALTER COLUMN object_categories_id SET DEFAULT nextval('public.object_categories_object_categories_id_seq'::regclass);


--
-- Name: object_categories_list object_categories_list_id; Type: DEFAULT; Schema: public; Owner: postgres
--

ALTER TABLE ONLY public.object_categories_list ALTER COLUMN object_categories_list_id SET DEFAULT nextval('public.object_categories_list_object_categories_list_id_seq'::regclass);


--
-- Name: protocol protocol_id; Type: DEFAULT; Schema: public; Owner: postgres
--

ALTER TABLE ONLY public.protocol ALTER COLUMN protocol_id SET DEFAULT nextval('public.protocol_protocol_id_seq'::regclass);


--
-- Name: subcategories_list subcategories_list_id; Type: DEFAULT; Schema: public; Owner: postgres
--

ALTER TABLE ONLY public.subcategories_list ALTER COLUMN subcategories_list_id SET DEFAULT nextval('public.subcategories_list_subcategories_list_id_seq'::regclass);


--
-- Name: zones zones_id; Type: DEFAULT; Schema: public; Owner: postgres
--

ALTER TABLE ONLY public.zones ALTER COLUMN zones_id SET DEFAULT nextval('public.zones_zones_id_seq'::regclass);


--
-- Data for Name: commission; Type: TABLE DATA; Schema: public; Owner: postgres
--

COPY public.commission (commission_id, code, fullname) FROM stdin;
1	1	НДС
2	2	ОСАГО
3	3	КАСКО
\.


--
-- Data for Name: construction; Type: TABLE DATA; Schema: public; Owner: postgres
--

COPY public.construction (construction_id, project_code, project_name, construction_categories_id, subcategories_list_id, is_critical, commission_id, "idMU", contract_date, object_amount, planned_date) FROM stdin;
4	south_base	Южная база	2	2	t	2	5	2020-08-27	1	2020-08-27
5	nort_west_base	Северо-западная база	2	2	f	3	3	2020-09-01	1	2020-08-31
2	east_base	Восточная база	1	1	f	1	4	2020-08-26	2	2020-08-24
6	south_east_base	Юго-восточная база	2	2	t	3	1	2020-09-02	2	2020-09-03
1	north_base	Северная база	1	1	t	1	1	2020-08-26	4	2020-08-26
3	west_base	Западная база	1	1	t	2	2	2020-08-26	3	2020-08-27
\.


--
-- Data for Name: construction_categories; Type: TABLE DATA; Schema: public; Owner: postgres
--

COPY public.construction_categories (construction_categories_id, fullname) FROM stdin;
1	Военная база
2	Наблюдательная база
3	Исследовательская база
\.


--
-- Data for Name: construction_objects; Type: TABLE DATA; Schema: public; Owner: postgres
--

COPY public.construction_objects (construction_objects_id, construction_id, object_code, object_name, zones_id, object_categories_list_id, planned_date, weight, generalplan_number, building_volume, floors_amount, construction_stages_id) FROM stdin;
36	1	KAZARMA1	Казарма	1	2	2020-09-02	60	2	120.000	3	3
37	1	STOLOVAYA1	Столовая	\N	\N	2020-09-02	30	\N	\N	\N	\N
38	4	OBSERVE1	Наблюдательный пункт	2	2	2020-08-30	20	\N	\N	2	3
39	5	OBSERVE2	Наблюдательный пункт	3	2	2020-08-31	30	1	30.000	3	2
41	2	KAZARMA2	Казарма	4	1	2020-09-24	50	4	120.000	5	1
43	2	STOLOVAYA2	Столовая	4	2	2020-08-31	60	5	10.000	1	1
44	6	ROCKETS2	Ракетная установка	3	1	2020-12-10	60	34	15.000	1	1
45	6	KAZARMA4	Казарма	3	2	2020-11-20	14	35	15.000	6	2
47	3	ROCKETS8	Ракетная установка	1	1	2020-08-29	30	76	15.000	1	1
48	3	ROCKETS52	Ракетная установка	1	1	2020-08-30	30	32	30.000	1	2
46	3	KAZARMA9	Казарма	1	1	2020-09-26	90	23	14.000	3	2
1	1	HOSPITAL1	Госпиталь	1	2	2020-08-31	5	\N	10076.000	1	2
2	1	ROCKETS1	Ракетная установка	1	1	2020-08-31	10	1	50.000	1	\N
\.


--
-- Data for Name: construction_stages; Type: TABLE DATA; Schema: public; Owner: postgres
--

COPY public.construction_stages (construction_stages_id, code, fullname) FROM stdin;
1	start	Начало строительства
2	middle	Середина строительства
3	end	Конец строительства
\.


--
-- Data for Name: construction_subcategories; Type: TABLE DATA; Schema: public; Owner: postgres
--

COPY public.construction_subcategories (construction_subcategories_id, fullname) FROM stdin;
1	Тактическоое значение
2	Гражданское значение
\.


--
-- Data for Name: filestorage; Type: TABLE DATA; Schema: public; Owner: postgres
--

COPY public.filestorage (idfilestorage, filename, uri, filesize, "mimeType", "createdOn", description, authorid) FROM stdin;
b6f52d00-b474-45e7-b2b7-66a2c98ba0f0	Протокол369Q.odt	protocols/download/b6f52d00-b474-45e7-b2b7-66a2c98ba0f0	94	application/vnd.oasis.opendocument.text	2020-08-25 13:21:01.464567+03	file description	1
8af8e51b-13bb-4645-b578-2a7f489491ce	Протокол253M.pdf	protocols/download/8af8e51b-13bb-4645-b578-2a7f489491ce	12315	application/pdf	2020-08-25 13:21:01.513446+03	file description	1
0dddfba9-ac76-4c8c-a593-0102fb283985	Протокол334V.odt	protocols/download/0dddfba9-ac76-4c8c-a593-0102fb283985	94	application/vnd.oasis.opendocument.text	2020-08-25 13:21:01.466963+03	file description	1
ed23a6ba-ceae-48e8-a635-fcaba319b19c	Протокол268V.odt	protocols/download/ed23a6ba-ceae-48e8-a635-fcaba319b19c	94	application/vnd.oasis.opendocument.text	2020-08-25 13:21:01.515544+03	file description	1
9251ce74-8887-444f-9d54-f1cb0377eec4	Протокол155X.odt	protocols/download/9251ce74-8887-444f-9d54-f1cb0377eec4	94	application/vnd.oasis.opendocument.text	2020-08-25 13:21:01.54835+03	file description	1
f34d2334-79bf-43b8-a5d1-487c7496964d	Протокол226P.pdf	protocols/download/f34d2334-79bf-43b8-a5d1-487c7496964d	12315	application/pdf	2020-08-25 13:21:01.560926+03	file description	1
22f22212-cc08-4f74-8841-498fcdf1e33d	Протокол322S.odt	protocols/download/22f22212-cc08-4f74-8841-498fcdf1e33d	94	application/vnd.oasis.opendocument.text	2020-08-25 13:21:01.574391+03	file description	1
20419695-7fdb-4950-bd5e-de0f5a61e86f	Протокол137O.odt	protocols/download/20419695-7fdb-4950-bd5e-de0f5a61e86f	94	application/vnd.oasis.opendocument.text	2020-08-25 13:21:01.624624+03	file description	1
8872dfe0-d908-4611-a4c3-42988c884352	Протокол470S.odt	protocols/download/8872dfe0-d908-4611-a4c3-42988c884352	94	application/vnd.oasis.opendocument.text	2020-08-25 13:21:01.640331+03	file description	1
19e2a3fa-2056-4560-a1ea-b874a47ede4c	Протокол102H.pdf	protocols/download/19e2a3fa-2056-4560-a1ea-b874a47ede4c	12315	application/pdf	2020-08-25 13:21:01.658272+03	file description	1
cdfdf494-1073-443d-a916-6d4eb6e4730c	Протокол109F.pdf	protocols/download/cdfdf494-1073-443d-a916-6d4eb6e4730c	12313	application/pdf	2020-08-26 10:50:28.677062+03	file description	1
738671d6-ec10-4f96-bea1-23ef36f0295c	Протокол460M.pdf	protocols/download/738671d6-ec10-4f96-bea1-23ef36f0295c	12315	application/pdf	2020-08-26 10:50:28.718217+03	file description	1
a03ff813-b3ba-4f64-9116-6fc921bae09b	Протокол362A.odt	protocols/download/a03ff813-b3ba-4f64-9116-6fc921bae09b	94	application/vnd.oasis.opendocument.text	2020-08-26 10:50:28.679705+03	file description	1
3b306c03-6bad-4b8f-8c66-5e361d85cc51	Протокол292D.pdf	protocols/download/3b306c03-6bad-4b8f-8c66-5e361d85cc51	12313	application/pdf	2020-08-26 10:50:28.720313+03	file description	1
0c1533cf-3cd0-4b67-b821-8b52d0fcceed	Протокол120T.odt	protocols/download/0c1533cf-3cd0-4b67-b821-8b52d0fcceed	94	application/vnd.oasis.opendocument.text	2020-08-26 10:50:28.754319+03	file description	1
e0767c85-9616-4c6e-b7bd-c7040c11697d	Протокол331G.odt	protocols/download/e0767c85-9616-4c6e-b7bd-c7040c11697d	94	application/vnd.oasis.opendocument.text	2020-08-26 10:50:28.770126+03	file description	1
1acaff5c-e8ed-4102-8291-2dac452ecab1	Протокол333T.odt	protocols/download/1acaff5c-e8ed-4102-8291-2dac452ecab1	94	application/vnd.oasis.opendocument.text	2020-08-26 10:50:28.782676+03	file description	1
89c1d4b4-9581-4248-b5da-f7e3c8f1ed07	Протокол266T.odt	protocols/download/89c1d4b4-9581-4248-b5da-f7e3c8f1ed07	94	application/vnd.oasis.opendocument.text	2020-08-26 10:50:28.795835+03	file description	1
b9e3644a-60d9-4b83-aae1-b2f4c31f16ed	Протокол171V.pdf	protocols/download/b9e3644a-60d9-4b83-aae1-b2f4c31f16ed	12313	application/pdf	2020-08-26 10:50:28.809447+03	file description	1
19edeb93-ad67-48e9-8055-605f7b0227cb	Протокол480L.pdf	protocols/download/19edeb93-ad67-48e9-8055-605f7b0227cb	12313	application/pdf	2020-08-26 10:50:28.846983+03	file description	1
\.


--
-- Data for Name: meeting; Type: TABLE DATA; Schema: public; Owner: postgres
--

COPY public.meeting (meetings_type_id, fullname) FROM stdin;
1	Заседание
2	Совещание
3	Совет
4	Форум
5	Пленум
6	Митинг
\.


--
-- Data for Name: military_unit; Type: TABLE DATA; Schema: public; Owner: postgres
--

COPY public.military_unit ("idMU", "pidMU", "vChNumber", "idNameMU") FROM stdin;
1	1	MU1	1
2	2	MU2	2
3	3	MU3	3
4	4	MU4	4
5	5	MU5	5
6	6	MU6	6
\.


--
-- Data for Name: object_categories; Type: TABLE DATA; Schema: public; Owner: postgres
--

COPY public.object_categories (object_categories_id, fullname, note) FROM stdin;
2	Гражданские сооружения	Не военные
1	Военные сооружения	Не гражданские
\.


--
-- Data for Name: object_categories_list; Type: TABLE DATA; Schema: public; Owner: postgres
--

COPY public.object_categories_list (object_categories_list_id, zones_id, object_categories_id) FROM stdin;
1	1	1
2	2	2
\.


--
-- Data for Name: protocol; Type: TABLE DATA; Schema: public; Owner: postgres
--

COPY public.protocol (protocol_id, protocol_num, protocol_date, meetings_type_id, protocol_name, note, idfilestorage) FROM stdin;
3	45	2020-08-03	3	Протокол334V	Заметка о протоколе Протокол334V	0dddfba9-ac76-4c8c-a593-0102fb283985
4	10	2020-08-06	1	Протокол268V	Заметка о протоколе Протокол268V	ed23a6ba-ceae-48e8-a635-fcaba319b19c
6	88	2020-08-09	3	Протокол226P	Заметка о протоколе Протокол226P	f34d2334-79bf-43b8-a5d1-487c7496964d
7	53	2020-08-07	1	Протокол137O	Заметка о протоколе Протокол137O	20419695-7fdb-4950-bd5e-de0f5a61e86f
8	17	2020-08-03	1	Протокол102H	Заметка о протоколе Протокол102H	19e2a3fa-2056-4560-a1ea-b874a47ede4c
9	81	2020-08-02	6	Протокол109F	Заметка о протоколе Протокол109F	cdfdf494-1073-443d-a916-6d4eb6e4730c
10	86	2020-08-02	2	Протокол460M	Заметка о протоколе Протокол460M	738671d6-ec10-4f96-bea1-23ef36f0295c
11	99	2020-08-02	2	Протокол362A	Заметка о протоколе Протокол362A	a03ff813-b3ba-4f64-9116-6fc921bae09b
12	47	2020-08-08	4	Протокол292D	Заметка о протоколе Протокол292D	3b306c03-6bad-4b8f-8c66-5e361d85cc51
13	95	2020-08-08	3	Протокол120T	Заметка о протоколе Протокол120T	0c1533cf-3cd0-4b67-b821-8b52d0fcceed
14	24	2020-08-02	5	Протокол331G	Заметка о протоколе Протокол331G	e0767c85-9616-4c6e-b7bd-c7040c11697d
16	51	2020-08-03	2	Протокол266T	Заметка о протоколе Протокол266T	89c1d4b4-9581-4248-b5da-f7e3c8f1ed07
17	93	2020-08-07	2	Протокол480L	Заметка о протоколе Протокол480L	19edeb93-ad67-48e9-8055-605f7b0227cb
2	70-1	2020-08-08	1	Протокол253M	Заметка о протоколе Протокол253M	8af8e51b-13bb-4645-b578-2a7f489491ce
1	68	2020-08-01	1	Протокол369Q	Заметка о протоколе Протокол369Q	b6f52d00-b474-45e7-b2b7-66a2c98ba0f0
\.


--
-- Data for Name: subcategories_list; Type: TABLE DATA; Schema: public; Owner: postgres
--

COPY public.subcategories_list (subcategories_list_id, construction_categories_id, construction_subcategories_id) FROM stdin;
1	1	1
2	2	2
\.


--
-- Data for Name: zones; Type: TABLE DATA; Schema: public; Owner: postgres
--

COPY public.zones (zones_id, fullname) FROM stdin;
1	Пустыня
2	Тундра
3	Лес
4	Горы
\.


--
-- Name: commission_commission_id_seq; Type: SEQUENCE SET; Schema: public; Owner: postgres
--

SELECT pg_catalog.setval('public.commission_commission_id_seq', 1, false);


--
-- Name: construction_categories_construction_categories_id_seq; Type: SEQUENCE SET; Schema: public; Owner: postgres
--

SELECT pg_catalog.setval('public.construction_categories_construction_categories_id_seq', 1, false);


--
-- Name: construction_construction_id_seq; Type: SEQUENCE SET; Schema: public; Owner: postgres
--

SELECT pg_catalog.setval('public.construction_construction_id_seq', 12, true);


--
-- Name: construction_objects_construction_objects_id_seq; Type: SEQUENCE SET; Schema: public; Owner: postgres
--

SELECT pg_catalog.setval('public.construction_objects_construction_objects_id_seq', 48, true);


--
-- Name: construction_stages_construction_stages_id_seq; Type: SEQUENCE SET; Schema: public; Owner: postgres
--

SELECT pg_catalog.setval('public.construction_stages_construction_stages_id_seq', 1, false);


--
-- Name: construction_subcategories_construction_subcategories_id_seq; Type: SEQUENCE SET; Schema: public; Owner: postgres
--

SELECT pg_catalog.setval('public.construction_subcategories_construction_subcategories_id_seq', 1, false);


--
-- Name: meeting_meetings_type_id_seq; Type: SEQUENCE SET; Schema: public; Owner: postgres
--

SELECT pg_catalog.setval('public.meeting_meetings_type_id_seq', 1, false);


--
-- Name: military_unit_idMU_seq; Type: SEQUENCE SET; Schema: public; Owner: postgres
--

SELECT pg_catalog.setval('public."military_unit_idMU_seq"', 1, false);


--
-- Name: object_categories_list_object_categories_list_id_seq; Type: SEQUENCE SET; Schema: public; Owner: postgres
--

SELECT pg_catalog.setval('public.object_categories_list_object_categories_list_id_seq', 1, false);


--
-- Name: object_categories_object_categories_id_seq; Type: SEQUENCE SET; Schema: public; Owner: postgres
--

SELECT pg_catalog.setval('public.object_categories_object_categories_id_seq', 1, false);


--
-- Name: protocol_protocol_id_seq; Type: SEQUENCE SET; Schema: public; Owner: postgres
--

SELECT pg_catalog.setval('public.protocol_protocol_id_seq', 17, true);


--
-- Name: subcategories_list_subcategories_list_id_seq; Type: SEQUENCE SET; Schema: public; Owner: postgres
--

SELECT pg_catalog.setval('public.subcategories_list_subcategories_list_id_seq', 1, false);


--
-- Name: zones_zones_id_seq; Type: SEQUENCE SET; Schema: public; Owner: postgres
--

SELECT pg_catalog.setval('public.zones_zones_id_seq', 1, false);


--
-- Name: commission commission_code_key; Type: CONSTRAINT; Schema: public; Owner: postgres
--

ALTER TABLE ONLY public.commission
    ADD CONSTRAINT commission_code_key UNIQUE (code);


--
-- Name: commission commission_fullname_key; Type: CONSTRAINT; Schema: public; Owner: postgres
--

ALTER TABLE ONLY public.commission
    ADD CONSTRAINT commission_fullname_key UNIQUE (fullname);


--
-- Name: commission commission_pkey; Type: CONSTRAINT; Schema: public; Owner: postgres
--

ALTER TABLE ONLY public.commission
    ADD CONSTRAINT commission_pkey PRIMARY KEY (commission_id);


--
-- Name: construction_categories construction_categories_fullname_key; Type: CONSTRAINT; Schema: public; Owner: postgres
--

ALTER TABLE ONLY public.construction_categories
    ADD CONSTRAINT construction_categories_fullname_key UNIQUE (fullname);


--
-- Name: construction_categories construction_categories_pkey; Type: CONSTRAINT; Schema: public; Owner: postgres
--

ALTER TABLE ONLY public.construction_categories
    ADD CONSTRAINT construction_categories_pkey PRIMARY KEY (construction_categories_id);


--
-- Name: construction_objects construction_objects_object_code_key; Type: CONSTRAINT; Schema: public; Owner: postgres
--

ALTER TABLE ONLY public.construction_objects
    ADD CONSTRAINT construction_objects_object_code_key UNIQUE (object_code);


--
-- Name: construction_objects construction_objects_pkey; Type: CONSTRAINT; Schema: public; Owner: postgres
--

ALTER TABLE ONLY public.construction_objects
    ADD CONSTRAINT construction_objects_pkey PRIMARY KEY (construction_objects_id);


--
-- Name: construction construction_pkey; Type: CONSTRAINT; Schema: public; Owner: postgres
--

ALTER TABLE ONLY public.construction
    ADD CONSTRAINT construction_pkey PRIMARY KEY (construction_id);


--
-- Name: construction construction_project_code_key; Type: CONSTRAINT; Schema: public; Owner: postgres
--

ALTER TABLE ONLY public.construction
    ADD CONSTRAINT construction_project_code_key UNIQUE (project_code);


--
-- Name: construction_stages construction_stages_code_key; Type: CONSTRAINT; Schema: public; Owner: postgres
--

ALTER TABLE ONLY public.construction_stages
    ADD CONSTRAINT construction_stages_code_key UNIQUE (code);


--
-- Name: construction_stages construction_stages_fullname_key; Type: CONSTRAINT; Schema: public; Owner: postgres
--

ALTER TABLE ONLY public.construction_stages
    ADD CONSTRAINT construction_stages_fullname_key UNIQUE (fullname);


--
-- Name: construction_stages construction_stages_pkey; Type: CONSTRAINT; Schema: public; Owner: postgres
--

ALTER TABLE ONLY public.construction_stages
    ADD CONSTRAINT construction_stages_pkey PRIMARY KEY (construction_stages_id);


--
-- Name: construction_subcategories construction_subcategories_fullname_key; Type: CONSTRAINT; Schema: public; Owner: postgres
--

ALTER TABLE ONLY public.construction_subcategories
    ADD CONSTRAINT construction_subcategories_fullname_key UNIQUE (fullname);


--
-- Name: construction_subcategories construction_subcategories_pkey; Type: CONSTRAINT; Schema: public; Owner: postgres
--

ALTER TABLE ONLY public.construction_subcategories
    ADD CONSTRAINT construction_subcategories_pkey PRIMARY KEY (construction_subcategories_id);


--
-- Name: filestorage filestorage_pkey; Type: CONSTRAINT; Schema: public; Owner: postgres
--

ALTER TABLE ONLY public.filestorage
    ADD CONSTRAINT filestorage_pkey PRIMARY KEY (idfilestorage);


--
-- Name: meeting meeting_pkey; Type: CONSTRAINT; Schema: public; Owner: postgres
--

ALTER TABLE ONLY public.meeting
    ADD CONSTRAINT meeting_pkey PRIMARY KEY (meetings_type_id);


--
-- Name: military_unit military_unit_pkey; Type: CONSTRAINT; Schema: public; Owner: postgres
--

ALTER TABLE ONLY public.military_unit
    ADD CONSTRAINT military_unit_pkey PRIMARY KEY ("idMU");


--
-- Name: object_categories object_categories_fullname_key; Type: CONSTRAINT; Schema: public; Owner: postgres
--

ALTER TABLE ONLY public.object_categories
    ADD CONSTRAINT object_categories_fullname_key UNIQUE (fullname);


--
-- Name: object_categories_list object_categories_list_object_categories_id_key; Type: CONSTRAINT; Schema: public; Owner: postgres
--

ALTER TABLE ONLY public.object_categories_list
    ADD CONSTRAINT object_categories_list_object_categories_id_key UNIQUE (object_categories_id);


--
-- Name: object_categories_list object_categories_list_pkey; Type: CONSTRAINT; Schema: public; Owner: postgres
--

ALTER TABLE ONLY public.object_categories_list
    ADD CONSTRAINT object_categories_list_pkey PRIMARY KEY (object_categories_list_id);


--
-- Name: object_categories_list object_categories_list_zones_id_key; Type: CONSTRAINT; Schema: public; Owner: postgres
--

ALTER TABLE ONLY public.object_categories_list
    ADD CONSTRAINT object_categories_list_zones_id_key UNIQUE (zones_id);


--
-- Name: object_categories object_categories_pkey; Type: CONSTRAINT; Schema: public; Owner: postgres
--

ALTER TABLE ONLY public.object_categories
    ADD CONSTRAINT object_categories_pkey PRIMARY KEY (object_categories_id);


--
-- Name: protocol protocol_pkey; Type: CONSTRAINT; Schema: public; Owner: postgres
--

ALTER TABLE ONLY public.protocol
    ADD CONSTRAINT protocol_pkey PRIMARY KEY (protocol_id);


--
-- Name: subcategories_list subcategories_list_construction_categories_id_key; Type: CONSTRAINT; Schema: public; Owner: postgres
--

ALTER TABLE ONLY public.subcategories_list
    ADD CONSTRAINT subcategories_list_construction_categories_id_key UNIQUE (construction_categories_id);


--
-- Name: subcategories_list subcategories_list_construction_subcategories_id_key; Type: CONSTRAINT; Schema: public; Owner: postgres
--

ALTER TABLE ONLY public.subcategories_list
    ADD CONSTRAINT subcategories_list_construction_subcategories_id_key UNIQUE (construction_subcategories_id);


--
-- Name: subcategories_list subcategories_list_pkey; Type: CONSTRAINT; Schema: public; Owner: postgres
--

ALTER TABLE ONLY public.subcategories_list
    ADD CONSTRAINT subcategories_list_pkey PRIMARY KEY (subcategories_list_id);


--
-- Name: zones zones_fullname_key; Type: CONSTRAINT; Schema: public; Owner: postgres
--

ALTER TABLE ONLY public.zones
    ADD CONSTRAINT zones_fullname_key UNIQUE (fullname);


--
-- Name: zones zones_pkey; Type: CONSTRAINT; Schema: public; Owner: postgres
--

ALTER TABLE ONLY public.zones
    ADD CONSTRAINT zones_pkey PRIMARY KEY (zones_id);


--
-- Name: construction construction_commission_id_fkey; Type: FK CONSTRAINT; Schema: public; Owner: postgres
--

ALTER TABLE ONLY public.construction
    ADD CONSTRAINT construction_commission_id_fkey FOREIGN KEY (commission_id) REFERENCES public.commission(commission_id) ON DELETE CASCADE;


--
-- Name: construction construction_construction_categories_id_fkey; Type: FK CONSTRAINT; Schema: public; Owner: postgres
--

ALTER TABLE ONLY public.construction
    ADD CONSTRAINT construction_construction_categories_id_fkey FOREIGN KEY (construction_categories_id) REFERENCES public.construction_categories(construction_categories_id);


--
-- Name: construction construction_idMU_fkey; Type: FK CONSTRAINT; Schema: public; Owner: postgres
--

ALTER TABLE ONLY public.construction
    ADD CONSTRAINT "construction_idMU_fkey" FOREIGN KEY ("idMU") REFERENCES public.military_unit("idMU");


--
-- Name: construction_objects construction_objects_construction_id_fkey; Type: FK CONSTRAINT; Schema: public; Owner: postgres
--

ALTER TABLE ONLY public.construction_objects
    ADD CONSTRAINT construction_objects_construction_id_fkey FOREIGN KEY (construction_id) REFERENCES public.construction(construction_id) ON DELETE CASCADE;


--
-- Name: construction_objects construction_objects_construction_stages_id_fkey; Type: FK CONSTRAINT; Schema: public; Owner: postgres
--

ALTER TABLE ONLY public.construction_objects
    ADD CONSTRAINT construction_objects_construction_stages_id_fkey FOREIGN KEY (construction_stages_id) REFERENCES public.construction_stages(construction_stages_id) ON DELETE CASCADE;


--
-- Name: construction_objects construction_objects_object_categories_list_id_fkey; Type: FK CONSTRAINT; Schema: public; Owner: postgres
--

ALTER TABLE ONLY public.construction_objects
    ADD CONSTRAINT construction_objects_object_categories_list_id_fkey FOREIGN KEY (object_categories_list_id) REFERENCES public.object_categories_list(object_categories_list_id);


--
-- Name: construction_objects construction_objects_zones_id_fkey; Type: FK CONSTRAINT; Schema: public; Owner: postgres
--

ALTER TABLE ONLY public.construction_objects
    ADD CONSTRAINT construction_objects_zones_id_fkey FOREIGN KEY (zones_id) REFERENCES public.zones(zones_id);


--
-- Name: construction construction_subcategories_list_id_fkey; Type: FK CONSTRAINT; Schema: public; Owner: postgres
--

ALTER TABLE ONLY public.construction
    ADD CONSTRAINT construction_subcategories_list_id_fkey FOREIGN KEY (subcategories_list_id) REFERENCES public.subcategories_list(subcategories_list_id);


--
-- Name: object_categories_list object_categories_list_object_categories_id_fkey; Type: FK CONSTRAINT; Schema: public; Owner: postgres
--

ALTER TABLE ONLY public.object_categories_list
    ADD CONSTRAINT object_categories_list_object_categories_id_fkey FOREIGN KEY (object_categories_id) REFERENCES public.object_categories(object_categories_id) ON DELETE CASCADE;


--
-- Name: object_categories_list object_categories_list_zones_id_fkey; Type: FK CONSTRAINT; Schema: public; Owner: postgres
--

ALTER TABLE ONLY public.object_categories_list
    ADD CONSTRAINT object_categories_list_zones_id_fkey FOREIGN KEY (zones_id) REFERENCES public.zones(zones_id) ON DELETE CASCADE;


--
-- Name: protocol protocol_idfilestorage_fkey; Type: FK CONSTRAINT; Schema: public; Owner: postgres
--

ALTER TABLE ONLY public.protocol
    ADD CONSTRAINT protocol_idfilestorage_fkey FOREIGN KEY (idfilestorage) REFERENCES public.filestorage(idfilestorage) ON DELETE CASCADE;


--
-- Name: protocol protocol_meetings_type_id_fkey; Type: FK CONSTRAINT; Schema: public; Owner: postgres
--

ALTER TABLE ONLY public.protocol
    ADD CONSTRAINT protocol_meetings_type_id_fkey FOREIGN KEY (meetings_type_id) REFERENCES public.meeting(meetings_type_id);


--
-- Name: subcategories_list subcategories_list_construction_categories_id_fkey; Type: FK CONSTRAINT; Schema: public; Owner: postgres
--

ALTER TABLE ONLY public.subcategories_list
    ADD CONSTRAINT subcategories_list_construction_categories_id_fkey FOREIGN KEY (construction_categories_id) REFERENCES public.construction_categories(construction_categories_id) ON DELETE CASCADE;


--
-- Name: subcategories_list subcategories_list_construction_subcategories_id_fkey; Type: FK CONSTRAINT; Schema: public; Owner: postgres
--

ALTER TABLE ONLY public.subcategories_list
    ADD CONSTRAINT subcategories_list_construction_subcategories_id_fkey FOREIGN KEY (construction_subcategories_id) REFERENCES public.construction_subcategories(construction_subcategories_id) ON DELETE CASCADE;


--
-- PostgreSQL database dump complete
--

