INSERT INTO organization.military_ranks (military_ranks_id, fullname) VALUES (1, 'Старший ранг');INSERT INTO organization.officials (officials_id, position_name, surname, firstname, middlename, begin_date, end_date, phone, secure_channel, email, note, organizations_id, military_ranks_id) VALUES (21, 'ndame', 'oficials sure', 'ofidcial firstndam', 'oficial idglename', '2020-11-12', '2024-11-29', '+7 45 44 577', 'asasdadadadad', 'dddddwwdw@ddd.wed', 'ficialf.note', '8629decc-90fa-4bb5-b23b-7465fc95b3c4', 1);
INSERT INTO organization.officials (officials_id, position_name, surname, firstname, middlename, begin_date, end_date, phone, secure_channel, email, note, organizations_id, military_ranks_id) VALUES (22, 'ndame', 'oficials sure', 'ofidcial firstndam', 'oficial idglename', '2020-11-12', '2024-11-29', '+7 45 44 577', 'asasdadadadad', 'dddddwwdw@ddd.wed', 'ficialf.note', '8629decc-90fa-4bb5-b23b-7465fc95b3c4', 1);
INSERT INTO organization.officials (officials_id, position_name, surname, firstname, middlename, begin_date, end_date, phone, secure_channel, email, note, organizations_id, military_ranks_id) VALUES (23, 'ndame', 'oficials sure', 'ofidcial firstndam', 'oficial idglename', '2020-11-12', '2024-11-29', '+7 45 44 577', 'asasdadadadad', 'dddddwwdw@ddd.wed', 'ficialf.note', 'c4feeb41-889a-4a2d-90d1-8bbf3292d3e2', 1);
INSERT INTO organization.officials (officials_id, position_name, surname, firstname, middlename, begin_date, end_date, phone, secure_channel, email, note, organizations_id, military_ranks_id) VALUES (27, 'sds', 'oficial surname', 'oficial firstname', 'oficial middlename', '2020-11-22', '2021-11-01', '8 (900) 795 71-00', null, 'ds777@gmail.com', 'This is oficial note', 'c4feeb41-889a-4a2d-90d1-8bbf3292d3e2', 1);
INSERT INTO organization.officials (officials_id, position_name, surname, firstname, middlename, begin_date, end_date, phone, secure_channel, email, note, organizations_id, military_ranks_id) VALUES (28, 'sdsasdasda', 'oficial surname', 'oficial firstname', 'oficial middlename', '2020-11-22', '2021-11-01', '8 (900) 795 71-00', null, 'ds777@gmail.com', 'This is oficial note', 'c4feeb41-889a-4a2d-90d1-8bbf3292d3e2', 1);
INSERT INTO organization.officials (officials_id, position_name, surname, firstname, middlename, begin_date, end_date, phone, secure_channel, email, note, organizations_id, military_ranks_id) VALUES (29, 'ndame', 'oficials sure', 'ofidcial firstndam', 'oficial idglename', '2020-11-12', '2024-11-29', '+7 45 44 577', '+7 45 44 577', 'dddddwwdw@ddd.wed', 'ficialf.note', 'c4feeb41-889a-4a2d-90d1-8bbf3292d3e2', 1);
INSERT INTO organization.officials (officials_id, position_name, surname, firstname, middlename, begin_date, end_date, phone, secure_channel, email, note, organizations_id, military_ranks_id) VALUES (31, 'asd', 'asd', 'asdasda', 'asd', '2020-11-12', '2020-11-03', '123213', '123213', 'sonn@mail.ru', null, '5dbc2f61-34b8-42f9-ad7e-251b3126210c', 1);INSERT INTO organization.organization_documents (organization_documents_id, doc_name, note, upload_date, doc_date, doc_number, organizations_id, doctypes_id, idfilestorage) VALUES (1, 'Название документа 1', 'Примечание к документу', '2020-11-20 10:43:33.000000', '2020-11-20', '123', 'c4feeb41-889a-4a2d-90d1-8bbf3292d3e2', 1, '82faf8c9-16a9-4dd1-b346-0c4ca79d956c');
INSERT INTO organization.organization_documents (organization_documents_id, doc_name, note, upload_date, doc_date, doc_number, organizations_id, doctypes_id, idfilestorage) VALUES (3, 'Название третьего документа', 'Примечание к третьему документу', '2020-11-20 10:45:51.000000', '2020-11-18', '12', '8629decc-90fa-4bb5-b23b-7465fc95b3c4', 3, '479b379b-498d-45ab-8b93-4fc9f4e8ce2e');INSERT INTO organization.organizations_history (organizations_history_id, shortname, fullname, functions, inn, kpp, ogrn, begin_date, end_date, organizations_id, address_actual, address_legal) VALUES (695, 'sadas', 'dasdasd', null, null, null, '12', '2020-11-03', null, 'cab60722-a43c-40ae-aaad-447dce9dd8f2', null, null);
INSERT INTO organization.organizations_history (organizations_history_id, shortname, fullname, functions, inn, kpp, ogrn, begin_date, end_date, organizations_id, address_actual, address_legal) VALUES (702, 'node 14', 'node 14', 'functions 14', '12345678', '12345678', '1234567890', '2020-11-12', '2020-11-13', '1e9d4730-120a-4e8a-a4dd-7c2d4b3a8ec5', 'addressActual 14', 'addressLegal 14');
INSERT INTO organization.organizations_history (organizations_history_id, shortname, fullname, functions, inn, kpp, ogrn, begin_date, end_date, organizations_id, address_actual, address_legal) VALUES (706, 'node 11', 'node 11', 'functions 11', '12345678', '12345678', '1234567890', '2020-11-12', '2020-11-13', '7d04b141-0b7f-4928-ba46-206e56d1201f', 'addressActual 11', 'addressLegal 11');
INSERT INTO organization.organizations_history (organizations_history_id, shortname, fullname, functions, inn, kpp, ogrn, begin_date, end_date, organizations_id, address_actual, address_legal) VALUES (709, 'node 11', 'node 11', 'functions 11', '12345678', '12345678', '1234567890', '2020-11-12', '2020-11-13', '770ab808-27a1-4576-ab0a-c57566f0b217', 'addressActual 11', 'addressLegal 11');
INSERT INTO organization.organizations_history (organizations_history_id, shortname, fullname, functions, inn, kpp, ogrn, begin_date, end_date, organizations_id, address_actual, address_legal) VALUES (681, 'node 10', 'node 10', 'functions 10', '12345678', '12345678', '1234567890', '2020-11-12', '2020-11-13', 'c4feeb41-889a-4a2d-90d1-8bbf3292d3e2', 'addressActual 10', 'addressLegal 10');
INSERT INTO organization.organizations_history (organizations_history_id, shortname, fullname, functions, inn, kpp, ogrn, begin_date, end_date, organizations_id, address_actual, address_legal) VALUES (689, 'node 14', 'node 14', 'functions 14', '12345678', '12345678', '1234567890', '2020-11-12', '2020-11-13', '8629decc-90fa-4bb5-b23b-7465fc95b3c4', 'addressActual 14', 'addressLegal 14');
INSERT INTO organization.organizations_history (organizations_history_id, shortname, fullname, functions, inn, kpp, ogrn, begin_date, end_date, organizations_id, address_actual, address_legal) VALUES (690, 'node 14 child', 'node 14', 'functions 14', '12345678', '12345678', '1234567890', '2020-11-12', '2020-11-13', 'c6fb21cc-3fa8-48a0-8165-b226c695f072', 'addressActual 14', 'addressLegal 14');
INSERT INTO organization.organizations_history (organizations_history_id, shortname, fullname, functions, inn, kpp, ogrn, begin_date, end_date, organizations_id, address_actual, address_legal) VALUES (712, 'node 11', 'node 11', 'functions 11', '12345678', '12345678', '1234567890', '2020-11-12', '2020-11-13', '31a02328-645f-4193-a16c-1be1771cde27', 'addressActual 11', 'addressLegal 11');
INSERT INTO organization.organizations_history (organizations_history_id, shortname, fullname, functions, inn, kpp, ogrn, begin_date, end_date, organizations_id, address_actual, address_legal) VALUES (713, 'Производство ядерных боеголовок', 'Производство ядерных боеголовок', null, null, null, null, '2020-11-09', '2020-11-17', '01b5a794-9d3a-4e20-afcf-3ec94da61e8c', null, null);
INSERT INTO organization.organizations_history (organizations_history_id, shortname, fullname, functions, inn, kpp, ogrn, begin_date, end_date, organizations_id, address_actual, address_legal) VALUES (696, 'das', 'das', null, null, null, '123', '2020-11-02', null, 'c4feeb41-889a-4a2d-90d1-8bbf3292d3e2', null, null);
INSERT INTO organization.organizations_history (organizations_history_id, shortname, fullname, functions, inn, kpp, ogrn, begin_date, end_date, organizations_id, address_actual, address_legal) VALUES (701, 'node 13', 'node 13', 'functions 13', '12345678', '12345678', '1234567890', '2020-11-12', '2020-11-13', 'cea67411-b49c-4173-97de-2983f3e3aada', 'addressActual 13', 'addressLegal 13');
INSERT INTO organization.organizations_history (organizations_history_id, shortname, fullname, functions, inn, kpp, ogrn, begin_date, end_date, organizations_id, address_actual, address_legal) VALUES (707, 'node 10', 'node 10', 'functions 10', '12345678', '12345678', '1234567890', '2020-11-12', '2020-11-13', '2086eba7-1932-4b03-b28d-71a2646a7043', 'addressActual 10', 'addressLegal 10');
INSERT INTO organization.organizations_history (organizations_history_id, shortname, fullname, functions, inn, kpp, ogrn, begin_date, end_date, organizations_id, address_actual, address_legal) VALUES (710, 'node 10', 'node 10', 'functions 10', '12345678', '12345678', '1234567890', '2020-11-12', '2020-11-13', '8ac7bc27-212b-4ef0-8991-007fc7febf93', 'addressActual 10', 'addressLegal 10');
INSERT INTO organization.organizations_history (organizations_history_id, shortname, fullname, functions, inn, kpp, ogrn, begin_date, end_date, organizations_id, address_actual, address_legal) VALUES (714, 'Производство ядерных боеголовок', 'Производство ядерных боеголовок', null, null, null, null, '2020-11-09', '2020-11-17', '5a6dc9ac-4cd0-4f84-9cb8-89b5a9069c44', null, null);
INSERT INTO organization.organizations_history (organizations_history_id, shortname, fullname, functions, inn, kpp, ogrn, begin_date, end_date, organizations_id, address_actual, address_legal) VALUES (694, 'S', 'S', 'adsdsa', '123123', '123123123', '12', '2020-11-02', null, '39218fcc-6bc6-4812-ad38-8807578fc4d7', 'dasd', 'dasdasdasdasdas');
INSERT INTO organization.organizations_history (organizations_history_id, shortname, fullname, functions, inn, kpp, ogrn, begin_date, end_date, organizations_id, address_actual, address_legal) VALUES (682, 'node 10 child', 'node 10', 'functions 10', '12345678', '12345678', '1234567890', '2020-11-12', '2020-11-13', '4ef1f354-e5c5-4992-bb54-740193ccd1bf', 'addressActual 10', 'addressLegal 10');
INSERT INTO organization.organizations_history (organizations_history_id, shortname, fullname, functions, inn, kpp, ogrn, begin_date, end_date, organizations_id, address_actual, address_legal) VALUES (683, 'node 11', 'node 11', 'functions 11', '12345678', '12345678', '1234567890', '2020-11-12', '2020-11-13', '1dd7c92e-6a5a-416c-9b49-6612cdb42d87', 'addressActual 11', 'addressLegal 11');
INSERT INTO organization.organizations_history (organizations_history_id, shortname, fullname, functions, inn, kpp, ogrn, begin_date, end_date, organizations_id, address_actual, address_legal) VALUES (697, 'node 10', 'node 10', 'functions 10', '12345678', '12345678', '1234567890', '2020-11-12', '2020-11-13', '5dbc2f61-34b8-42f9-ad7e-251b3126210c', 'addressActual 10', 'addressLegal 10');
INSERT INTO organization.organizations_history (organizations_history_id, shortname, fullname, functions, inn, kpp, ogrn, begin_date, end_date, organizations_id, address_actual, address_legal) VALUES (700, 'node 12', 'node 12', 'functions 12', '12345678', '12345678', '1234567890', '2020-11-12', '2020-11-13', '49e6f122-bb9e-4710-93f9-715a8698147c', 'addressActual 12', 'addressLegal 12');
INSERT INTO organization.organizations_history (organizations_history_id, shortname, fullname, functions, inn, kpp, ogrn, begin_date, end_date, organizations_id, address_actual, address_legal) VALUES (711, 'node 10', 'node 10', 'functions 10', '12345678', '12345678', '1234567890', '2020-11-12', '2020-11-13', 'a1c694ee-6de6-40a0-9dc7-e8f357985919', 'addressActual 10', 'addressLegal 10');
INSERT INTO organization.organizations_history (organizations_history_id, shortname, fullname, functions, inn, kpp, ogrn, begin_date, end_date, organizations_id, address_actual, address_legal) VALUES (684, 'node 11 child', 'node 11', 'functions 11', '12345678', '12345678', '1234567890', '2020-11-12', '2020-11-13', '41855ee8-6b9f-4aa7-bb1a-b8a313fde315', 'addressActual 11', 'addressLegal 11');
INSERT INTO organization.organizations_history (organizations_history_id, shortname, fullname, functions, inn, kpp, ogrn, begin_date, end_date, organizations_id, address_actual, address_legal) VALUES (688, 'node 13 child', 'node 13', 'functions 13', '12345678', '12345678', '1234567890', '2020-11-12', '2020-11-13', '9120716e-3aca-4271-9d2f-f853cad0b88e', 'addressActual 13', 'addressLegal 13');INSERT INTO organization.organizations (organizations_id, par_number, org_sign, parent_organizations_id) VALUES ('8629decc-90fa-4bb5-b23b-7465fc95b3c4', 5, false, null);
INSERT INTO organization.organizations (organizations_id, par_number, org_sign, parent_organizations_id) VALUES ('c4feeb41-889a-4a2d-90d1-8bbf3292d3e2', 3, true, null);
INSERT INTO organization.organizations (organizations_id, par_number, org_sign, parent_organizations_id) VALUES ('4ef1f354-e5c5-4992-bb54-740193ccd1bf', 3, true, 'c4feeb41-889a-4a2d-90d1-8bbf3292d3e2');
INSERT INTO organization.organizations (organizations_id, par_number, org_sign, parent_organizations_id) VALUES ('41855ee8-6b9f-4aa7-bb1a-b8a313fde315', 1, false, '1dd7c92e-6a5a-416c-9b49-6612cdb42d87');
INSERT INTO organization.organizations (organizations_id, par_number, org_sign, parent_organizations_id) VALUES ('c6fb21cc-3fa8-48a0-8165-b226c695f072', 5, true, '8629decc-90fa-4bb5-b23b-7465fc95b3c4');
INSERT INTO organization.organizations (organizations_id, par_number, org_sign, parent_organizations_id) VALUES ('1dd7c92e-6a5a-416c-9b49-6612cdb42d87', 4, false, 'c4feeb41-889a-4a2d-90d1-8bbf3292d3e2');
INSERT INTO organization.organizations (organizations_id, par_number, org_sign, parent_organizations_id) VALUES ('39218fcc-6bc6-4812-ad38-8807578fc4d7', null, false, null);
INSERT INTO organization.organizations (organizations_id, par_number, org_sign, parent_organizations_id) VALUES ('cab60722-a43c-40ae-aaad-447dce9dd8f2', null, false, null);
INSERT INTO organization.organizations (organizations_id, par_number, org_sign, parent_organizations_id) VALUES ('5dbc2f61-34b8-42f9-ad7e-251b3126210c', 3, true, null);
INSERT INTO organization.organizations (organizations_id, par_number, org_sign, parent_organizations_id) VALUES ('49e6f122-bb9e-4710-93f9-715a8698147c', 4, false, null);
INSERT INTO organization.organizations (organizations_id, par_number, org_sign, parent_organizations_id) VALUES ('cea67411-b49c-4173-97de-2983f3e3aada', 1, true, null);
INSERT INTO organization.organizations (organizations_id, par_number, org_sign, parent_organizations_id) VALUES ('1e9d4730-120a-4e8a-a4dd-7c2d4b3a8ec5', 2, false, null);
INSERT INTO organization.organizations (organizations_id, par_number, org_sign, parent_organizations_id) VALUES ('7d04b141-0b7f-4928-ba46-206e56d1201f', 3, false, null);
INSERT INTO organization.organizations (organizations_id, par_number, org_sign, parent_organizations_id) VALUES ('2086eba7-1932-4b03-b28d-71a2646a7043', 4, true, null);
INSERT INTO organization.organizations (organizations_id, par_number, org_sign, parent_organizations_id) VALUES ('770ab808-27a1-4576-ab0a-c57566f0b217', 2, true, null);
INSERT INTO organization.organizations (organizations_id, par_number, org_sign, parent_organizations_id) VALUES ('8ac7bc27-212b-4ef0-8991-007fc7febf93', 4, true, null);
INSERT INTO organization.organizations (organizations_id, par_number, org_sign, parent_organizations_id) VALUES ('a1c694ee-6de6-40a0-9dc7-e8f357985919', 1, true, null);
INSERT INTO organization.organizations (organizations_id, par_number, org_sign, parent_organizations_id) VALUES ('31a02328-645f-4193-a16c-1be1771cde27', 3, true, null);
INSERT INTO organization.organizations (organizations_id, par_number, org_sign, parent_organizations_id) VALUES ('01b5a794-9d3a-4e20-afcf-3ec94da61e8c', null, false, null);
INSERT INTO organization.organizations (organizations_id, par_number, org_sign, parent_organizations_id) VALUES ('5a6dc9ac-4cd0-4f84-9cb8-89b5a9069c44', null, false, '01b5a794-9d3a-4e20-afcf-3ec94da61e8c');
INSERT INTO organization.organizations (organizations_id, par_number, org_sign, parent_organizations_id) VALUES ('9120716e-3aca-4271-9d2f-f853cad0b88e', 5, false, 'c4feeb41-889a-4a2d-90d1-8bbf3292d3e2');INSERT INTO public.alembic_version (version_num) VALUES ('f34bfee30c45');INSERT INTO public.combatarm (idcombatarm, namecombatarm) VALUES ('0  ', 'Вооруженные силы');
INSERT INTO public.combatarm (idcombatarm, namecombatarm) VALUES ('3Ц0', 'МВД');
INSERT INTO public.combatarm (idcombatarm, namecombatarm) VALUES ('4Б3', 'ФСБ');
INSERT INTO public.combatarm (idcombatarm, namecombatarm) VALUES ('А00', 'Министерство обороны');
INSERT INTO public.combatarm (idcombatarm, namecombatarm) VALUES ('В00', 'Генеральный штаб ВС');
INSERT INTO public.combatarm (idcombatarm, namecombatarm) VALUES ('ГА0', 'Мотострелковые войска');
INSERT INTO public.combatarm (idcombatarm, namecombatarm) VALUES ('ГА1', 'Мотострелковые соединения и воинские части');
INSERT INTO public.combatarm (idcombatarm, namecombatarm) VALUES ('ГВ0', 'Танковые войска');
INSERT INTO public.combatarm (idcombatarm, namecombatarm) VALUES ('ГВ1', 'Бронетанковая служба');
INSERT INTO public.combatarm (idcombatarm, namecombatarm) VALUES ('ГВ2', 'Автобронетанковые войска');
INSERT INTO public.combatarm (idcombatarm, namecombatarm) VALUES ('ГД0', 'Воздушно-десантные войска');
INSERT INTO public.combatarm (idcombatarm, namecombatarm) VALUES ('ГД1', 'Воздушно-десантные соединения и воинские части');
INSERT INTO public.combatarm (idcombatarm, namecombatarm) VALUES ('ГД2', 'Десантно-штурмовые соединения и воинские части');
INSERT INTO public.combatarm (idcombatarm, namecombatarm) VALUES ('ГД3', 'Воздушно-десантная служба');
INSERT INTO public.combatarm (idcombatarm, namecombatarm) VALUES ('ГД4', 'Служба воздушно-десантной техники');
INSERT INTO public.combatarm (idcombatarm, namecombatarm) VALUES ('ГЖ0', 'Ракетные войска и артиллерия');
INSERT INTO public.combatarm (idcombatarm, namecombatarm) VALUES ('ГЖ1', 'Ракетные войска');
INSERT INTO public.combatarm (idcombatarm, namecombatarm) VALUES ('ГЖ2', 'Ракетно-артиллерийские соединения и воинские части');
INSERT INTO public.combatarm (idcombatarm, namecombatarm) VALUES ('ГЖ3', 'Артиллерия');
INSERT INTO public.combatarm (idcombatarm, namecombatarm) VALUES ('ЕА0', 'Войска ракетно-космической обороны');
INSERT INTO public.combatarm (idcombatarm, namecombatarm) VALUES ('ЕЖ0', 'Зенитные ракетные войска');
INSERT INTO public.combatarm (idcombatarm, namecombatarm) VALUES ('ЕЖ1', 'Зенитные ракетные войска');
INSERT INTO public.combatarm (idcombatarm, namecombatarm) VALUES ('ЕК0', 'Войска противовоздушной обороны');
INSERT INTO public.combatarm (idcombatarm, namecombatarm) VALUES ('ЕК4', 'Радиотехнические соединения и части войск ПВО');
INSERT INTO public.combatarm (idcombatarm, namecombatarm) VALUES ('ЕП0', 'Радиотехнические войска');
INSERT INTO public.combatarm (idcombatarm, namecombatarm) VALUES ('Ж00', 'Ракетные войска стратегического назначения');
INSERT INTO public.combatarm (idcombatarm, namecombatarm) VALUES ('И00', 'Военно-воздушные силы');
INSERT INTO public.combatarm (idcombatarm, namecombatarm) VALUES ('ИА0', 'Дальняя авиация');
INSERT INTO public.combatarm (idcombatarm, namecombatarm) VALUES ('ИА1', 'Бомбардировочная авиация');
INSERT INTO public.combatarm (idcombatarm, namecombatarm) VALUES ('ИА2', 'Разведывательная авиация');
INSERT INTO public.combatarm (idcombatarm, namecombatarm) VALUES ('ИА3', 'Специальная авиация');
INSERT INTO public.combatarm (idcombatarm, namecombatarm) VALUES ('ИВ0', 'Фронтовая авиация');
INSERT INTO public.combatarm (idcombatarm, namecombatarm) VALUES ('ИВ1', 'Бомбардировочная авиация');
INSERT INTO public.combatarm (idcombatarm, namecombatarm) VALUES ('ИВ2', 'Штурмовая авиация');
INSERT INTO public.combatarm (idcombatarm, namecombatarm) VALUES ('ИВ3', 'Истребительно-бомбардировочная авиация');
INSERT INTO public.combatarm (idcombatarm, namecombatarm) VALUES ('ИВ4', 'Истребительная авиация');
INSERT INTO public.combatarm (idcombatarm, namecombatarm) VALUES ('ИВ5', 'Разведывательная авиация');
INSERT INTO public.combatarm (idcombatarm, namecombatarm) VALUES ('ИВ6', 'Транспортная авиация');
INSERT INTO public.combatarm (idcombatarm, namecombatarm) VALUES ('ИВ7', 'Специальная авиация');
INSERT INTO public.combatarm (idcombatarm, namecombatarm) VALUES ('ИД0', 'Армейская авиация');
INSERT INTO public.combatarm (idcombatarm, namecombatarm) VALUES ('ИЖ0', 'Военно-транспортная авиация');
INSERT INTO public.combatarm (idcombatarm, namecombatarm) VALUES ('К00', 'Сухопутные войска');
INSERT INTO public.combatarm (idcombatarm, namecombatarm) VALUES ('Л00', 'Военно-морской флот');
INSERT INTO public.combatarm (idcombatarm, namecombatarm) VALUES ('ЛА0', 'Подводные силы');
INSERT INTO public.combatarm (idcombatarm, namecombatarm) VALUES ('ЛВ0', 'Надводные силы');
INSERT INTO public.combatarm (idcombatarm, namecombatarm) VALUES ('ЛВ1', 'Боевые корабли');
INSERT INTO public.combatarm (idcombatarm, namecombatarm) VALUES ('ЛД0', 'Морская авиация');
INSERT INTO public.combatarm (idcombatarm, namecombatarm) VALUES ('ЛД1', 'Морская ракетоносная авиация');
INSERT INTO public.combatarm (idcombatarm, namecombatarm) VALUES ('ЛД2', 'Противолодочная авиация');
INSERT INTO public.combatarm (idcombatarm, namecombatarm) VALUES ('ЛД3', 'Штурмовая авиация');
INSERT INTO public.combatarm (idcombatarm, namecombatarm) VALUES ('ЛД4', 'Истребительная авиация');
INSERT INTO public.combatarm (idcombatarm, namecombatarm) VALUES ('ЛД5', 'Разведывательная авиация');
INSERT INTO public.combatarm (idcombatarm, namecombatarm) VALUES ('ЛД6', 'Специальная авиация');
INSERT INTO public.combatarm (idcombatarm, namecombatarm) VALUES ('ЛЖ0', 'Морская пехота');
INSERT INTO public.combatarm (idcombatarm, namecombatarm) VALUES ('ЛК0', 'Береговые ракетно-артиллерийские войска');
INSERT INTO public.combatarm (idcombatarm, namecombatarm) VALUES ('НА0', 'Разведывательные соединения и воинские части');
INSERT INTO public.combatarm (idcombatarm, namecombatarm) VALUES ('НА1', 'Служба радиоэлектронной разведки');
INSERT INTO public.combatarm (idcombatarm, namecombatarm) VALUES ('НА2', 'Соединения и воинские части специальной разведки');
INSERT INTO public.combatarm (idcombatarm, namecombatarm) VALUES ('НА3', 'Соединения и воинские части радиоразведки');
INSERT INTO public.combatarm (idcombatarm, namecombatarm) VALUES ('НА4', 'Соединения и воинские части радиотехнической разведки');
INSERT INTO public.combatarm (idcombatarm, namecombatarm) VALUES ('НВ0', 'Соединения и воинские части космических средств');
INSERT INTO public.combatarm (idcombatarm, namecombatarm) VALUES ('НД0', 'Инженерные войска');
INSERT INTO public.combatarm (idcombatarm, namecombatarm) VALUES ('НД1', 'Инженерная служба');
INSERT INTO public.combatarm (idcombatarm, namecombatarm) VALUES ('НЕ0', 'Дорожно-строительные соединения и воинские части');
INSERT INTO public.combatarm (idcombatarm, namecombatarm) VALUES ('НЖ0', 'Химические войска');
INSERT INTO public.combatarm (idcombatarm, namecombatarm) VALUES ('НЖ1', 'Химическая служба');
INSERT INTO public.combatarm (idcombatarm, namecombatarm) VALUES ('НК0', 'Войска связи');
INSERT INTO public.combatarm (idcombatarm, namecombatarm) VALUES ('НК1', 'Воинские части связи и радиотехнического обеспечения');
INSERT INTO public.combatarm (idcombatarm, namecombatarm) VALUES ('НК2', 'Служба радиотехнического обеспечения полетов');
INSERT INTO public.combatarm (idcombatarm, namecombatarm) VALUES ('НК3', 'Служба безопасности связи');
INSERT INTO public.combatarm (idcombatarm, namecombatarm) VALUES ('НМ0', 'Соединения и воинские части радиоэлектронной борьбы');
INSERT INTO public.combatarm (idcombatarm, namecombatarm) VALUES ('НП1', 'Воздухоплавательная служба');
INSERT INTO public.combatarm (idcombatarm, namecombatarm) VALUES ('НС0', 'Ядерно-технические войска');
INSERT INTO public.combatarm (idcombatarm, namecombatarm) VALUES ('НУ0', 'Ракетно-технические войска');
INSERT INTO public.combatarm (idcombatarm, namecombatarm) VALUES ('НУ2', 'Служба ракетно-артиллерийского вооружения');
INSERT INTO public.combatarm (idcombatarm, namecombatarm) VALUES ('НХ0', 'Соединения, воинские части и учреждения технического обеспечения');
INSERT INTO public.combatarm (idcombatarm, namecombatarm) VALUES ('НХ1', 'Техническая служба');
INSERT INTO public.combatarm (idcombatarm, namecombatarm) VALUES ('НХ3', 'Инженерно-техническая служба');
INSERT INTO public.combatarm (idcombatarm, namecombatarm) VALUES ('НШ0', 'Автомобильные войска');
INSERT INTO public.combatarm (idcombatarm, namecombatarm) VALUES ('НШ1', 'Автомобильная служба');
INSERT INTO public.combatarm (idcombatarm, namecombatarm) VALUES ('НШ3', 'Автотранспортная служба');
INSERT INTO public.combatarm (idcombatarm, namecombatarm) VALUES ('НЮ0', 'Железнодорожные войска');
INSERT INTO public.combatarm (idcombatarm, namecombatarm) VALUES ('П00', 'Войска ПВО');
INSERT INTO public.combatarm (idcombatarm, namecombatarm) VALUES ('ПА0', 'Дорожные войска');
INSERT INTO public.combatarm (idcombatarm, namecombatarm) VALUES ('ПА1', 'Дорожная служба');
INSERT INTO public.combatarm (idcombatarm, namecombatarm) VALUES ('ПА2', 'Дорожно-комендантская служба');
INSERT INTO public.combatarm (idcombatarm, namecombatarm) VALUES ('ПВ0', 'Трубопроводные войска');
INSERT INTO public.combatarm (idcombatarm, namecombatarm) VALUES ('ПД0', 'Соединения охраны тыла');
INSERT INTO public.combatarm (idcombatarm, namecombatarm) VALUES ('ПЖ0', 'Инженерно-аэродромные воинские части');
INSERT INTO public.combatarm (idcombatarm, namecombatarm) VALUES ('ПЖ1', 'Инженерно-аэродромная служба');
INSERT INTO public.combatarm (idcombatarm, namecombatarm) VALUES ('ПК0', 'Авиационно-технические воинские части');
INSERT INTO public.combatarm (idcombatarm, namecombatarm) VALUES ('ПК1', 'Авиационно-техническая служба');
INSERT INTO public.combatarm (idcombatarm, namecombatarm) VALUES ('ПК2', 'Служба авиационного вооружения');
INSERT INTO public.combatarm (idcombatarm, namecombatarm) VALUES ('ПМ0', 'Соединения и воинские части поисково-спасательной службы');
INSERT INTO public.combatarm (idcombatarm, namecombatarm) VALUES ('ПМ1', 'Поисково-спасательная служба');
INSERT INTO public.combatarm (idcombatarm, namecombatarm) VALUES ('ПМ2', 'Авиационная поисково-спасательная служба');
INSERT INTO public.combatarm (idcombatarm, namecombatarm) VALUES ('ПМ3', 'Аварийно-спасательная служба');
INSERT INTO public.combatarm (idcombatarm, namecombatarm) VALUES ('ПП0', 'Топогеодезические воинские части');
INSERT INTO public.combatarm (idcombatarm, namecombatarm) VALUES ('ПП1', 'Топогеодезическая служба');
INSERT INTO public.combatarm (idcombatarm, namecombatarm) VALUES ('ПП2', 'Топографическая служба');
INSERT INTO public.combatarm (idcombatarm, namecombatarm) VALUES ('ПП3', 'Аэрофотографическая служба');
INSERT INTO public.combatarm (idcombatarm, namecombatarm) VALUES ('ПС0', 'Гидрографические воинские части');
INSERT INTO public.combatarm (idcombatarm, namecombatarm) VALUES ('ПС1', 'Гидрографическая служба');
INSERT INTO public.combatarm (idcombatarm, namecombatarm) VALUES ('ПУ0', 'Гидрометеорологические (метеорологические) воинские части');
INSERT INTO public.combatarm (idcombatarm, namecombatarm) VALUES ('ПУ1', 'Гидрометеорологическая служба');
INSERT INTO public.combatarm (idcombatarm, namecombatarm) VALUES ('ПУ2', 'Метеорологическая служба');
INSERT INTO public.combatarm (idcombatarm, namecombatarm) VALUES ('ПШ1', 'Парашютно-десантная служба');
INSERT INTO public.combatarm (idcombatarm, namecombatarm) VALUES ('ПШ2', 'Инженерно-авиационная служба');
INSERT INTO public.combatarm (idcombatarm, namecombatarm) VALUES ('РД0', 'Органы единой системы управления воздушным движением');
INSERT INTO public.combatarm (idcombatarm, namecombatarm) VALUES ('РД1', 'Штурманская служба');
INSERT INTO public.combatarm (idcombatarm, namecombatarm) VALUES ('РД2', 'Служба безопасности полетов');
INSERT INTO public.combatarm (idcombatarm, namecombatarm) VALUES ('РЕ0', 'Органы воспитательной работы');
INSERT INTO public.combatarm (idcombatarm, namecombatarm) VALUES ('РЖ0', 'Организационно-мобилизационные органы');
INSERT INTO public.combatarm (idcombatarm, namecombatarm) VALUES ('РК0', 'Кадровые органы');
INSERT INTO public.combatarm (idcombatarm, namecombatarm) VALUES ('РП0', 'Местные органы военного управления');
INSERT INTO public.combatarm (idcombatarm, namecombatarm) VALUES ('РС0', 'Органы военной печати');
INSERT INTO public.combatarm (idcombatarm, namecombatarm) VALUES ('С00', 'Соединения, воинские части и учреждения ВМФ');
INSERT INTO public.combatarm (idcombatarm, namecombatarm) VALUES ('ТА0', 'Органы автоматизации управления');
INSERT INTO public.combatarm (idcombatarm, namecombatarm) VALUES ('ТВ0', 'Органы военных сообщений');
INSERT INTO public.combatarm (idcombatarm, namecombatarm) VALUES ('ТВ1', 'Служба военных сообщений');
INSERT INTO public.combatarm (idcombatarm, namecombatarm) VALUES ('ТМ0', 'Служба материально-технического обеспечения');
INSERT INTO public.combatarm (idcombatarm, namecombatarm) VALUES ('ТС0', 'Служба горючего и смазочных материалов');
INSERT INTO public.combatarm (idcombatarm, namecombatarm) VALUES ('ТУ0', 'Медицинская служба');
INSERT INTO public.combatarm (idcombatarm, namecombatarm) VALUES ('ТЮ0', 'Продовольственная служба');
INSERT INTO public.combatarm (idcombatarm, namecombatarm) VALUES ('У00', 'Соединения, воинские части и учреждения, не входящие в виды ВС');
INSERT INTO public.combatarm (idcombatarm, namecombatarm) VALUES ('УА0', 'Вещевая служба');
INSERT INTO public.combatarm (idcombatarm, namecombatarm) VALUES ('УВ0', 'Шкиперская служба');
INSERT INTO public.combatarm (idcombatarm, namecombatarm) VALUES ('УД0', 'Ветеринарная служба');
INSERT INTO public.combatarm (idcombatarm, namecombatarm) VALUES ('УЖ0', 'Комендантская служба');
INSERT INTO public.combatarm (idcombatarm, namecombatarm) VALUES ('УК0', 'Диспетчерская служба');
INSERT INTO public.combatarm (idcombatarm, namecombatarm) VALUES ('УМ0', 'Финансовая служба');
INSERT INTO public.combatarm (idcombatarm, namecombatarm) VALUES ('УП0', 'Военно-оркестровая служба');
INSERT INTO public.combatarm (idcombatarm, namecombatarm) VALUES ('УУ0', 'Культурно-досуговые учреждения');
INSERT INTO public.combatarm (idcombatarm, namecombatarm) VALUES ('Х00', 'Соединения, воинские части и учреждения тыла ВС');
INSERT INTO public.combatarm (idcombatarm, namecombatarm) VALUES ('Ш00', 'МЧС России');
INSERT INTO public.combatarm (idcombatarm, namecombatarm) VALUES ('Я00', 'Формирования других министерств и ведомств');INSERT INTO public.commission (commission_id, code, fullname) VALUES (3, 'OSAGO', 'ОСАГО');
INSERT INTO public.commission (commission_id, code, fullname) VALUES (2, 'NDS', 'НДС');
INSERT INTO public.commission (commission_id, code, fullname) VALUES (1, 'CASCO', 'КАСКО');INSERT INTO public.construction_categories (construction_categories_id, fullname) VALUES (27, 'Наблюдательная категория');
INSERT INTO public.construction_categories (construction_categories_id, fullname) VALUES (1, 'Заграничная категория');
INSERT INTO public.construction_categories (construction_categories_id, fullname) VALUES (2, 'Ядерная категория');
INSERT INTO public.construction_categories (construction_categories_id, fullname) VALUES (24, 'Гражданская категория');
INSERT INTO public.construction_categories (construction_categories_id, fullname) VALUES (25, 'Военная категория');INSERT INTO public.construction_companies (construction_companies_id, shortname, fullname, address_full, email, equipment, id_fias, people, phone, services) VALUES (7, 'UMBRA', 'Umbrella Corporation', null, null, null, null, null, null, null);
INSERT INTO public.construction_companies (construction_companies_id, shortname, fullname, address_full, email, equipment, id_fias, people, phone, services) VALUES (9, 'РТИ', 'АО РТИ', null, null, null, null, null, null, null);
INSERT INTO public.construction_companies (construction_companies_id, shortname, fullname, address_full, email, equipment, id_fias, people, phone, services) VALUES (1, 'РИК', 'Рога и копыта', null, null, null, null, null, null, null);
INSERT INTO public.construction_companies (construction_companies_id, shortname, fullname, address_full, email, equipment, id_fias, people, phone, services) VALUES (3, 'BM', 'Black Mesa', null, null, null, null, null, null, null);INSERT INTO public.construction_documents (construction_documents_id, construction_id, doc_number, doc_date, doc_name, note, idfilestorage, upload_date, doctypes_id) VALUES (13, 4, 'NDS', '2020-10-27', null, 'NDS', null, '2020-10-27 10:32:13.433762', 3);INSERT INTO public.construction_objects (construction_objects_id, construction_id, object_code, object_name, zones_id, object_categories_list_id, planned_date, weight, generalplan_number, building_volume, floors_amount, construction_stages_id, coordinates_id, fact_date, realty_types_id) VALUES (39, 5, 'KAZARMA1', 'Казармы', 13, 30, '2020-10-15', 22, null, null, 3, 7, null, '2020-10-15', 2);
INSERT INTO public.construction_objects (construction_objects_id, construction_id, object_code, object_name, zones_id, object_categories_list_id, planned_date, weight, generalplan_number, building_volume, floors_amount, construction_stages_id, coordinates_id, fact_date, realty_types_id) VALUES (44, 7, 'NDS', 'NDS', null, null, '2020-10-07', 12, null, null, null, null, null, '2020-10-22', 6);
INSERT INTO public.construction_objects (construction_objects_id, construction_id, object_code, object_name, zones_id, object_categories_list_id, planned_date, weight, generalplan_number, building_volume, floors_amount, construction_stages_id, coordinates_id, fact_date, realty_types_id) VALUES (38, 7, 'STOLOVAYA3', 'Столовая', 2, 18, '2020-09-08', 30, 143, null, 2, 3, null, '2020-09-08', null);
INSERT INTO public.construction_objects (construction_objects_id, construction_id, object_code, object_name, zones_id, object_categories_list_id, planned_date, weight, generalplan_number, building_volume, floors_amount, construction_stages_id, coordinates_id, fact_date, realty_types_id) VALUES (55, 25, 'new_object', 'new_object', null, null, '2020-11-23', 30, null, 3.560, null, null, null, null, null);
INSERT INTO public.construction_objects (construction_objects_id, construction_id, object_code, object_name, zones_id, object_categories_list_id, planned_date, weight, generalplan_number, building_volume, floors_amount, construction_stages_id, coordinates_id, fact_date, realty_types_id) VALUES (56, 25, 'new_object_2', 'new_object_2', null, null, '2020-11-24', 30, null, 3.000, null, null, null, null, null);
INSERT INTO public.construction_objects (construction_objects_id, construction_id, object_code, object_name, zones_id, object_categories_list_id, planned_date, weight, generalplan_number, building_volume, floors_amount, construction_stages_id, coordinates_id, fact_date, realty_types_id) VALUES (37, 4, 'STOLOVAYA1', 'Столовая', 9, 24, '2020-09-28', 10, 144, 15.000, 2, 7, null, '2019-09-28', 2);
INSERT INTO public.construction_objects (construction_objects_id, construction_id, object_code, object_name, zones_id, object_categories_list_id, planned_date, weight, generalplan_number, building_volume, floors_amount, construction_stages_id, coordinates_id, fact_date, realty_types_id) VALUES (34, 4, 'ROCKETS1', 'Ракетная установка', 9, 24, '2020-09-14', 22, 143, 30.000, 1, 7, null, '2020-09-14', 1);INSERT INTO public.construction_progress (construction_progress_id, construction_objects_id, reporting_date, readiness, people, equipment, update_datetime, progress_statuses_id) VALUES (10, 39, '2020-10-19', 90.00, 2, 2, '2020-10-19 15:32:40.383067', 3);
INSERT INTO public.construction_progress (construction_progress_id, construction_objects_id, reporting_date, readiness, people, equipment, update_datetime, progress_statuses_id) VALUES (8, 38, '2020-12-30', 98.00, 123, 213, '2020-10-19 15:44:40.450490', 3);
INSERT INTO public.construction_progress (construction_progress_id, construction_objects_id, reporting_date, readiness, people, equipment, update_datetime, progress_statuses_id) VALUES (11, 38, '2020-12-31', 99.00, 22, 23, '2020-10-19 15:45:36.222726', 3);INSERT INTO public.construction (construction_id, project_code, project_name, construction_categories_id, subcategories_list_id, is_critical, commission_id, "idMU", contract_date, object_amount, planned_date, construction_companies_id, construction_types_id, id_fias, location_types_id, note, oksm_id, address, coordinates_id) VALUES (7, 'north_base', 'Северная база', 25, 39, true, 2, 28000000, '2020-09-28', 2, '2020-09-30', 1, 1, null, null, 'Примечание к проекту', 1, 'Адрес проекта', null);
INSERT INTO public.construction (construction_id, project_code, project_name, construction_categories_id, subcategories_list_id, is_critical, commission_id, "idMU", contract_date, object_amount, planned_date, construction_companies_id, construction_types_id, id_fias, location_types_id, note, oksm_id, address, coordinates_id) VALUES (25, 'asdasd', 'asdasdasd', null, null, false, 1, null, '2020-11-25', 2, '2020-11-18', 3, 3, null, null, 'dasdas', 1, null, null);
INSERT INTO public.construction (construction_id, project_code, project_name, construction_categories_id, subcategories_list_id, is_critical, commission_id, "idMU", contract_date, object_amount, planned_date, construction_companies_id, construction_types_id, id_fias, location_types_id, note, oksm_id, address, coordinates_id) VALUES (5, 'west_base', 'Западная база', 24, 48, false, 3, 25030000, '2020-09-28', 2, '2020-09-29', 1, 3, null, 5, null, 54, null, null);
INSERT INTO public.construction (construction_id, project_code, project_name, construction_categories_id, subcategories_list_id, is_critical, commission_id, "idMU", contract_date, object_amount, planned_date, construction_companies_id, construction_types_id, id_fias, location_types_id, note, oksm_id, address, coordinates_id) VALUES (4, 'south_base', 'Южная база', 25, 40, false, 1, 29000000, '2020-09-28', 2, '2020-09-29', 1, 2, null, 3, null, 2, null, null);INSERT INTO public.construction_stages (construction_stages_id, code, fullname) VALUES (11, 'middle', 'Промежуточный этап');
INSERT INTO public.construction_stages (construction_stages_id, code, fullname) VALUES (13, 'planning', 'Планирование строительства');
INSERT INTO public.construction_stages (construction_stages_id, code, fullname) VALUES (3, 'end', 'Конец строительства');
INSERT INTO public.construction_stages (construction_stages_id, code, fullname) VALUES (7, 'start', 'Начало строительства');INSERT INTO public.construction_subcategories (construction_subcategories_id, fullname) VALUES (108, 'Учебная подкатегория');
INSERT INTO public.construction_subcategories (construction_subcategories_id, fullname) VALUES (109, 'Ракетная подкатегория');
INSERT INTO public.construction_subcategories (construction_subcategories_id, fullname) VALUES (110, 'Танковая подкатегория');
INSERT INTO public.construction_subcategories (construction_subcategories_id, fullname) VALUES (111, 'Зенитная подкатегория');
INSERT INTO public.construction_subcategories (construction_subcategories_id, fullname) VALUES (112, 'Общеобразовательная подкатегория');
INSERT INTO public.construction_subcategories (construction_subcategories_id, fullname) VALUES (113, 'Лабораторная подкатегория');
INSERT INTO public.construction_subcategories (construction_subcategories_id, fullname) VALUES (114, 'Экспериментальная подкатегория');
INSERT INTO public.construction_subcategories (construction_subcategories_id, fullname) VALUES (115, 'Исследовательская подкатегория');
INSERT INTO public.construction_subcategories (construction_subcategories_id, fullname) VALUES (117, 'Ядерная подкатегория');
INSERT INTO public.construction_subcategories (construction_subcategories_id, fullname) VALUES (118, 'Воздушная подкатегория');
INSERT INTO public.construction_subcategories (construction_subcategories_id, fullname) VALUES (119, 'Разведывательная подкатегория');
INSERT INTO public.construction_subcategories (construction_subcategories_id, fullname) VALUES (121, 'Наблюдательная подкатегория');
INSERT INTO public.construction_subcategories (construction_subcategories_id, fullname) VALUES (1, 'Секретная подкатегория');
INSERT INTO public.construction_subcategories (construction_subcategories_id, fullname) VALUES (2, 'Заграничная подкатегория');INSERT INTO public.construction_types (construction_types_id, fullname) VALUES (1, 'Многомиллиардная стройка');
INSERT INTO public.construction_types (construction_types_id, fullname) VALUES (7, 'Спорт-площадка');
INSERT INTO public.construction_types (construction_types_id, fullname) VALUES (2, 'Новый город');
INSERT INTO public.construction_types (construction_types_id, fullname) VALUES (3, 'Военный центр');INSERT INTO public.coordinates (coordinates_id, latitude, longitude, zoom, mark) VALUES (1, 18.544921874999993, 23.69734973992078, 1, '00000000000000000000000000000000');INSERT INTO public.doctypes (doctypes_id, code, fullname) VALUES (3, 'trip', 'Результат поездки');
INSERT INTO public.doctypes (doctypes_id, code, fullname) VALUES (5, 'check', 'Результат проверки');
INSERT INTO public.doctypes (doctypes_id, code, fullname) VALUES (1, 'scratches', 'Чертежи');
INSERT INTO public.doctypes (doctypes_id, code, fullname) VALUES (2, 'landshaft', 'Ландшафтный дизайн');INSERT INTO public.element_types (element_types_id, fullname) VALUES (2, 'Временная подпорка');
INSERT INTO public.element_types (element_types_id, fullname) VALUES (1, 'Жесткая конструкция');
INSERT INTO public.element_types (element_types_id, fullname) VALUES (3, 'Редкоземельный предохранитель');INSERT INTO public.filestorage (idfilestorage, filename, uri, filesize, "mimeType", "createdOn", description, authorid) VALUES ('bc283bc0-8f2b-4426-8978-f824ef13d694', 'Чертежи.pdf', '/file/bc283bc0-8f2b-4426-8978-f824ef13d694', 60077, 'application/pdf', '2020-10-27 07:30:01.410930', 'file description', 1);
INSERT INTO public.filestorage (idfilestorage, filename, uri, filesize, "mimeType", "createdOn", description, authorid) VALUES ('9dd8b21c-0577-42f1-9a9f-f1ad6ba89f5a', 'Протокол_330L.pdf', '/file/9dd8b21c-0577-42f1-9a9f-f1ad6ba89f5a', 12315, 'application/pdf', '2020-10-27 07:53:31.730737', 'file description', 1);
INSERT INTO public.filestorage (idfilestorage, filename, uri, filesize, "mimeType", "createdOn", description, authorid) VALUES ('057e3cc9-0fbf-47c6-8571-5a421e560e3f', 'Протокол_428C.pdf', '/file/057e3cc9-0fbf-47c6-8571-5a421e560e3f', 12315, 'application/pdf', '2020-10-27 07:53:31.748622', 'file description', 1);
INSERT INTO public.filestorage (idfilestorage, filename, uri, filesize, "mimeType", "createdOn", description, authorid) VALUES ('7c0eca68-21a1-4e1c-ac48-087291bc39b6', 'Протокол_267K.pdf', '/file/7c0eca68-21a1-4e1c-ac48-087291bc39b6', 12315, 'application/pdf', '2020-10-27 07:53:31.764064', 'file description', 1);
INSERT INTO public.filestorage (idfilestorage, filename, uri, filesize, "mimeType", "createdOn", description, authorid) VALUES ('90e9798a-d07d-4875-8a7a-18ee31230c68', 'Протокол_140T.pdf', '/file/90e9798a-d07d-4875-8a7a-18ee31230c68', 12312, 'application/pdf', '2020-10-27 07:53:31.779204', 'file description', 1);
INSERT INTO public.filestorage (idfilestorage, filename, uri, filesize, "mimeType", "createdOn", description, authorid) VALUES ('42698c6e-0737-4260-adb0-0f6428fa4ec5', 'Протокол_446R.pdf', '/file/42698c6e-0737-4260-adb0-0f6428fa4ec5', 12313, 'application/pdf', '2020-10-27 07:53:31.795089', 'file description', 1);
INSERT INTO public.filestorage (idfilestorage, filename, uri, filesize, "mimeType", "createdOn", description, authorid) VALUES ('82710968-76f6-4963-917c-2eb20e496875', 'Отчёт по казарме.pdf', '/file/82710968-76f6-4963-917c-2eb20e496875', 7858, 'application/pdf', '2020-10-27 07:59:46.412450', 'file description', 1);
INSERT INTO public.filestorage (idfilestorage, filename, uri, filesize, "mimeType", "createdOn", description, authorid) VALUES ('2321574a-8e30-46c5-99b3-e5a575ab64b2', 'Отчёт по казарме.pdf', '/file/2321574a-8e30-46c5-99b3-e5a575ab64b2', 7858, 'application/pdf', '2020-10-27 08:01:52.004058', 'file description', 1);
INSERT INTO public.filestorage (idfilestorage, filename, uri, filesize, "mimeType", "createdOn", description, authorid) VALUES ('55106e76-e5ac-4e95-bd60-d96958122048', 'Отчёт по казарме.pdf', '/file/55106e76-e5ac-4e95-bd60-d96958122048', 7858, 'application/pdf', '2020-10-27 08:02:04.216224', 'file description', 1);
INSERT INTO public.filestorage (idfilestorage, filename, uri, filesize, "mimeType", "createdOn", description, authorid) VALUES ('219d0bb1-b424-48cc-9e15-b545420d5247', 'Отчёт по казарме.pdf', '/file/219d0bb1-b424-48cc-9e15-b545420d5247', 7858, 'application/pdf', '2020-10-27 08:02:59.029617', 'file description', 1);
INSERT INTO public.filestorage (idfilestorage, filename, uri, filesize, "mimeType", "createdOn", description, authorid) VALUES ('a548d469-7fd7-4d02-84f9-3e4f3e8ea7a0', 'Отчёт по казарме.pdf', '/file/a548d469-7fd7-4d02-84f9-3e4f3e8ea7a0', 7858, 'application/pdf', '2020-10-27 08:03:03.099805', 'file description', 1);
INSERT INTO public.filestorage (idfilestorage, filename, uri, filesize, "mimeType", "createdOn", description, authorid) VALUES ('90943527-1e04-451e-b63b-2865e8960512', 'Отчёт по казарме.pdf', '/file/90943527-1e04-451e-b63b-2865e8960512', 7858, 'application/pdf', '2020-10-27 08:03:07.539353', 'file description', 1);
INSERT INTO public.filestorage (idfilestorage, filename, uri, filesize, "mimeType", "createdOn", description, authorid) VALUES ('cc13e120-1a5f-48bc-8621-3d5430c56d9a', 'Отчёт по казарме.pdf', '/file/cc13e120-1a5f-48bc-8621-3d5430c56d9a', 7858, 'application/pdf', '2020-10-27 08:03:11.605843', 'file description', 1);
INSERT INTO public.filestorage (idfilestorage, filename, uri, filesize, "mimeType", "createdOn", description, authorid) VALUES ('303c8d54-3eff-40d4-990c-be52a1e3b2ea', 'Отчёт по казарме.pdf', '/file/303c8d54-3eff-40d4-990c-be52a1e3b2ea', 7858, 'application/pdf', '2020-10-27 08:03:13.667793', 'file description', 1);
INSERT INTO public.filestorage (idfilestorage, filename, uri, filesize, "mimeType", "createdOn", description, authorid) VALUES ('6225569b-6ac2-4f07-9b78-b19ce180aee8', 'Отчёт по казарме.pdf', '/file/6225569b-6ac2-4f07-9b78-b19ce180aee8', 7858, 'application/pdf', '2020-10-27 08:03:24.234824', 'file description', 1);
INSERT INTO public.filestorage (idfilestorage, filename, uri, filesize, "mimeType", "createdOn", description, authorid) VALUES ('8c25f476-7202-4f9e-9a7e-d0b0a5c96a51', 'Отчёт по казарме.pdf', '/file/8c25f476-7202-4f9e-9a7e-d0b0a5c96a51', 7858, 'application/pdf', '2020-10-27 08:04:09.419146', 'file description', 1);
INSERT INTO public.filestorage (idfilestorage, filename, uri, filesize, "mimeType", "createdOn", description, authorid) VALUES ('ec9e55a6-76c7-458e-99ac-f7254fd33bde', 'Отчёт по казарме.pdf', '/file/ec9e55a6-76c7-458e-99ac-f7254fd33bde', 7858, 'application/pdf', '2020-10-27 08:04:29.138270', 'file description', 1);
INSERT INTO public.filestorage (idfilestorage, filename, uri, filesize, "mimeType", "createdOn", description, authorid) VALUES ('136a4ff4-a134-4985-869b-65bbce31e9cb', 'ATT00001.txt', '/file/136a4ff4-a134-4985-869b-65bbce31e9cb', 46, 'text/plain', '2020-11-09 08:29:39.878104', 'file description', 1);
INSERT INTO public.filestorage (idfilestorage, filename, uri, filesize, "mimeType", "createdOn", description, authorid) VALUES ('f7250177-726f-4e2a-82fe-3c136a2eafb4', 'ATT00001.txt', '/file/f7250177-726f-4e2a-82fe-3c136a2eafb4', 46, 'text/plain', '2020-11-09 10:41:08.507411', 'file description', 1);
INSERT INTO public.filestorage (idfilestorage, filename, uri, filesize, "mimeType", "createdOn", description, authorid) VALUES ('4d8c1518-c688-4027-8ed5-b900462a573c', 'ATT00001 (1).txt', '/file/4d8c1518-c688-4027-8ed5-b900462a573c', 46, 'text/plain', '2020-11-09 13:25:35.107982', 'file description', 1);
INSERT INTO public.filestorage (idfilestorage, filename, uri, filesize, "mimeType", "createdOn", description, authorid) VALUES ('554e07b4-270f-4ec6-be58-13911fe92f00', 'ATT00001 (1).txt', '/file/554e07b4-270f-4ec6-be58-13911fe92f00', 46, 'text/plain', '2020-11-09 13:27:04.942285', 'file description', 1);
INSERT INTO public.filestorage (idfilestorage, filename, uri, filesize, "mimeType", "createdOn", description, authorid) VALUES ('bef76b1f-f3f2-429c-9145-e4c8539e53f6', 'ATT00001 (1).txt', '/file/bef76b1f-f3f2-429c-9145-e4c8539e53f6', 46, 'text/plain', '2020-11-09 13:27:45.143493', 'file description', 1);
INSERT INTO public.filestorage (idfilestorage, filename, uri, filesize, "mimeType", "createdOn", description, authorid) VALUES ('76285bea-1d92-4b83-8a9e-fe025f9c3c69', 'Чертежи.pdf', '/file/76285bea-1d92-4b83-8a9e-fe025f9c3c69', 60089, 'application/pdf', '2020-10-22 10:26:02.986168', 'file description', 1);
INSERT INTO public.filestorage (idfilestorage, filename, uri, filesize, "mimeType", "createdOn", description, authorid) VALUES ('f2323640-e8af-466a-84da-b904e3d147cb', 'ATT00001 (1).txt', '/file/f2323640-e8af-466a-84da-b904e3d147cb', 46, 'text/plain', '2020-11-09 13:29:39.085066', 'file description', 1);
INSERT INTO public.filestorage (idfilestorage, filename, uri, filesize, "mimeType", "createdOn", description, authorid) VALUES ('54ade3c2-59b0-4738-9c71-4382993d41c9', 'ATT00001.txt', '/file/54ade3c2-59b0-4738-9c71-4382993d41c9', 46, 'text/plain', '2020-11-09 13:30:09.515852', 'file description', 1);
INSERT INTO public.filestorage (idfilestorage, filename, uri, filesize, "mimeType", "createdOn", description, authorid) VALUES ('93b2df17-fa56-4182-8206-d3f2ecd12480', 'ATT00001.txt', '/file/93b2df17-fa56-4182-8206-d3f2ecd12480', 46, 'text/plain', '2020-11-09 13:30:57.367945', 'file description', 1);
INSERT INTO public.filestorage (idfilestorage, filename, uri, filesize, "mimeType", "createdOn", description, authorid) VALUES ('652f7f69-ad70-4543-a22d-d3e11f364085', 'ATT00001.txt', '/file/652f7f69-ad70-4543-a22d-d3e11f364085', 46, 'text/plain', '2020-11-09 13:31:16.225702', 'file description', 1);
INSERT INTO public.filestorage (idfilestorage, filename, uri, filesize, "mimeType", "createdOn", description, authorid) VALUES ('78a14b12-80bd-4d09-aa0e-ae6e8a9e9306', 'ATT00001.txt', '/file/78a14b12-80bd-4d09-aa0e-ae6e8a9e9306', 46, 'text/plain', '2020-11-09 13:33:21.583704', 'file description', 1);
INSERT INTO public.filestorage (idfilestorage, filename, uri, filesize, "mimeType", "createdOn", description, authorid) VALUES ('c483c315-aeaa-4156-b5b8-e69e3bc0a301', 'ATT00001.txt', '/file/c483c315-aeaa-4156-b5b8-e69e3bc0a301', 46, 'text/plain', '2020-11-09 13:33:32.756281', 'file description', 1);
INSERT INTO public.filestorage (idfilestorage, filename, uri, filesize, "mimeType", "createdOn", description, authorid) VALUES ('1a8cc6fc-3d62-48ed-b720-d776ba9bbc4d', 'ATT00001.txt', '/file/1a8cc6fc-3d62-48ed-b720-d776ba9bbc4d', 46, 'text/plain', '2020-11-09 13:31:16.252862', 'file description', 1);
INSERT INTO public.filestorage (idfilestorage, filename, uri, filesize, "mimeType", "createdOn", description, authorid) VALUES ('c36c0afc-c9bc-4a21-953c-37843d8eb65a', 'ATT00001 (1).txt', '/file/c36c0afc-c9bc-4a21-953c-37843d8eb65a', 46, 'text/plain', '2020-11-09 13:38:23.204953', 'file description', 1);
INSERT INTO public.filestorage (idfilestorage, filename, uri, filesize, "mimeType", "createdOn", description, authorid) VALUES ('ac150a40-4848-49bb-9541-9b5d87fc2d58', 'Чертежи.pdf', '/file/ac150a40-4848-49bb-9541-9b5d87fc2d58', 60089, 'application/pdf', '2020-10-22 11:12:42.891085', 'file description', 1);
INSERT INTO public.filestorage (idfilestorage, filename, uri, filesize, "mimeType", "createdOn", description, authorid) VALUES ('d50c04d4-cee9-4ca7-8edb-459a284f21cc', 'Чертежи.pdf', '/file/d50c04d4-cee9-4ca7-8edb-459a284f21cc', 60089, 'application/pdf', '2020-10-22 11:13:28.054966', 'file description', 1);
INSERT INTO public.filestorage (idfilestorage, filename, uri, filesize, "mimeType", "createdOn", description, authorid) VALUES ('cbd99432-0777-4849-83b0-aee676256ba8', 'Чертежи.pdf', '/file/cbd99432-0777-4849-83b0-aee676256ba8', 60089, 'application/pdf', '2020-10-22 11:22:55.406288', 'file description', 1);
INSERT INTO public.filestorage (idfilestorage, filename, uri, filesize, "mimeType", "createdOn", description, authorid) VALUES ('64821706-0c2b-412a-90b0-650ae570ac1e', 'Чертежи.pdf', '/file/64821706-0c2b-412a-90b0-650ae570ac1e', 60089, 'application/pdf', '2020-10-23 09:26:49.350738', 'file description', 1);
INSERT INTO public.filestorage (idfilestorage, filename, uri, filesize, "mimeType", "createdOn", description, authorid) VALUES ('67e4b395-09d4-4fda-9ff7-c1de52c9e93f', 'nigga.pdf', '/file/67e4b395-09d4-4fda-9ff7-c1de52c9e93f', 49263, 'application/pdf', '2020-11-09 13:39:58.480070', 'file description', 1);
INSERT INTO public.filestorage (idfilestorage, filename, uri, filesize, "mimeType", "createdOn", description, authorid) VALUES ('82faf8c9-16a9-4dd1-b346-0c4ca79d956c', 'ATT00001.txt', '/file/82faf8c9-16a9-4dd1-b346-0c4ca79d956c', 46, 'text/plain', '2020-11-10 07:34:36.946781', 'file description', 1);
INSERT INTO public.filestorage (idfilestorage, filename, uri, filesize, "mimeType", "createdOn", description, authorid) VALUES ('dd9e73af-127b-4559-bb61-27d9d157e5bd', 'ATT00001.txt', '/file/dd9e73af-127b-4559-bb61-27d9d157e5bd', 46, 'text/plain', '2020-11-11 15:35:04.304514', 'file description', 1);
INSERT INTO public.filestorage (idfilestorage, filename, uri, filesize, "mimeType", "createdOn", description, authorid) VALUES ('59bd2dc3-97c8-49d5-8ee8-c1cf433b436d', 'ATT00001.txt', '/file/59bd2dc3-97c8-49d5-8ee8-c1cf433b436d', 46, 'text/plain', '2020-11-11 15:36:33.231099', 'file description', 1);
INSERT INTO public.filestorage (idfilestorage, filename, uri, filesize, "mimeType", "createdOn", description, authorid) VALUES ('479b379b-498d-45ab-8b93-4fc9f4e8ce2e', 'ATT00001.txt', '/file/479b379b-498d-45ab-8b93-4fc9f4e8ce2e', 46, 'text/plain', '2020-11-11 15:42:03.355535', 'file description', 1);
INSERT INTO public.filestorage (idfilestorage, filename, uri, filesize, "mimeType", "createdOn", description, authorid) VALUES ('da8cb619-25eb-44f9-b210-1db1693135ba', 'ATT00001.txt', '/file/da8cb619-25eb-44f9-b210-1db1693135ba', 46, 'text/plain', '2020-11-11 15:44:09.841711', 'file description', 1);
INSERT INTO public.filestorage (idfilestorage, filename, uri, filesize, "mimeType", "createdOn", description, authorid) VALUES ('20646dd1-1ad2-4999-9bec-d4853ce6c774', 'ATT00001.txt', '/file/20646dd1-1ad2-4999-9bec-d4853ce6c774', 46, 'text/plain', '2020-11-11 15:42:03.266085', 'file description', 1);
INSERT INTO public.filestorage (idfilestorage, filename, uri, filesize, "mimeType", "createdOn", description, authorid) VALUES ('6174eb53-b963-4a81-80dc-85f673d48740', 'ATT00001.txt', '/file/6174eb53-b963-4a81-80dc-85f673d48740', 46, 'text/plain', '2020-11-11 15:50:10.866306', 'file description', 1);
INSERT INTO public.filestorage (idfilestorage, filename, uri, filesize, "mimeType", "createdOn", description, authorid) VALUES ('c9b5c490-96aa-4a23-9861-395d4736ca05', 'Чертежи.pdf', '/file/c9b5c490-96aa-4a23-9861-395d4736ca05', 60077, 'application/pdf', '2020-11-19 14:03:21.791859', 'file description', 1);INSERT INTO public.inspection_files (upload_date, note, idfilestorage, inspections_id) VALUES ('2020-10-23 12:27:33.279760', 'Примечние 4', '64821706-0c2b-412a-90b0-650ae570ac1e', 11);
INSERT INTO public.inspection_files (upload_date, note, idfilestorage, inspections_id) VALUES ('2020-11-09 16:31:16.248172', null, '652f7f69-ad70-4543-a22d-d3e11f364085', 15);
INSERT INTO public.inspection_files (upload_date, note, idfilestorage, inspections_id) VALUES ('2020-11-09 16:31:16.496121', 'sa', '78a14b12-80bd-4d09-aa0e-ae6e8a9e9306', 15);
INSERT INTO public.inspection_files (upload_date, note, idfilestorage, inspections_id) VALUES ('2020-11-09 16:31:39.181163', 'dfs', '1a8cc6fc-3d62-48ed-b720-d776ba9bbc4d', 11);
INSERT INTO public.inspection_files (upload_date, note, idfilestorage, inspections_id) VALUES ('2020-11-09 16:33:52.449459', null, 'c36c0afc-c9bc-4a21-953c-37843d8eb65a', 11);
INSERT INTO public.inspection_files (upload_date, note, idfilestorage, inspections_id) VALUES ('2020-11-09 16:48:58.896083', 'Р а с и з м С е г о д н я', '67e4b395-09d4-4fda-9ff7-c1de52c9e93f', 11);
INSERT INTO public.inspection_files (upload_date, note, idfilestorage, inspections_id) VALUES ('2020-11-10 10:34:36.947161', null, '82faf8c9-16a9-4dd1-b346-0c4ca79d956c', 13);
INSERT INTO public.inspection_files (upload_date, note, idfilestorage, inspections_id) VALUES ('2020-11-19 17:06:40.505310', 'Прикрепленный файл', 'c9b5c490-96aa-4a23-9861-395d4736ca05', 16);INSERT INTO public.inspection_objects (inspections_id, construction_id) VALUES (11, 7);
INSERT INTO public.inspection_objects (inspections_id, construction_id) VALUES (11, 5);
INSERT INTO public.inspection_objects (inspections_id, construction_id) VALUES (15, 4);
INSERT INTO public.inspection_objects (inspections_id, construction_id) VALUES (11, 4);
INSERT INTO public.inspection_objects (inspections_id, construction_id) VALUES (13, 7);
INSERT INTO public.inspection_objects (inspections_id, construction_id) VALUES (13, 4);
INSERT INTO public.inspection_objects (inspections_id, construction_id) VALUES (16, 5);
INSERT INTO public.inspection_objects (inspections_id, construction_id) VALUES (16, 4);
INSERT INTO public.inspection_objects (inspections_id, construction_id) VALUES (16, 25);INSERT INTO public.inspections (inspections_id, insp_date, insp_name, inspector, insp_result) VALUES (11, '2020-10-21', 'Первая поездка', 'Инспектор Гаджет', 'Отлично');
INSERT INTO public.inspections (inspections_id, insp_date, insp_name, inspector, insp_result) VALUES (13, '2020-11-13', 'Не первая поездка', 'Инспектор Мультитул', 'Хорошо');
INSERT INTO public.inspections (inspections_id, insp_date, insp_name, inspector, insp_result) VALUES (15, '2020-11-06', 'Третья поездка', 'Инспектор Мультитул', 'Офигенно просто');
INSERT INTO public.inspections (inspections_id, insp_date, insp_name, inspector, insp_result) VALUES (16, '2020-11-19', 'Важная проверка', 'Инспектор Мультитулл', 'Отлично');INSERT INTO public.keyword (idkeyword, namekeyword) VALUES (3, 'Министерство');
INSERT INTO public.keyword (idkeyword, namekeyword) VALUES (5, 'Штаб');
INSERT INTO public.keyword (idkeyword, namekeyword) VALUES (327, 'Автодром');
INSERT INTO public.keyword (idkeyword, namekeyword) VALUES (405, 'Агрегатная');
INSERT INTO public.keyword (idkeyword, namekeyword) VALUES (187, 'Адьюнктура');
INSERT INTO public.keyword (idkeyword, namekeyword) VALUES (180, 'Академия');
INSERT INTO public.keyword (idkeyword, namekeyword) VALUES (251, 'Ангар');
INSERT INTO public.keyword (idkeyword, namekeyword) VALUES (453, 'Ансамбль');
INSERT INTO public.keyword (idkeyword, namekeyword) VALUES (159, 'Аппарат');
INSERT INTO public.keyword (idkeyword, namekeyword) VALUES (12, 'Аппарат управления');
INSERT INTO public.keyword (idkeyword, namekeyword) VALUES (406, 'Аппаратная');
INSERT INTO public.keyword (idkeyword, namekeyword) VALUES (290, 'Аптека');
INSERT INTO public.keyword (idkeyword, namekeyword) VALUES (271, 'Арбитраж');
INSERT INTO public.keyword (idkeyword, namekeyword) VALUES (20, 'Армия');
INSERT INTO public.keyword (idkeyword, namekeyword) VALUES (250, 'Арсенал');
INSERT INTO public.keyword (idkeyword, namekeyword) VALUES (470, 'Архив');
INSERT INTO public.keyword (idkeyword, namekeyword) VALUES (428, 'Ателье');
INSERT INTO public.keyword (idkeyword, namekeyword) VALUES (325, 'Аэродром');
INSERT INTO public.keyword (idkeyword, namekeyword) VALUES (252, 'База');
INSERT INTO public.keyword (idkeyword, namekeyword) VALUES (429, 'Баня');
INSERT INTO public.keyword (idkeyword, namekeyword) VALUES (125, 'Баржа');
INSERT INTO public.keyword (idkeyword, namekeyword) VALUES (462, 'Бассейн');
INSERT INTO public.keyword (idkeyword, namekeyword) VALUES (45, 'Батальон');
INSERT INTO public.keyword (idkeyword, namekeyword) VALUES (61, 'Батарея');
INSERT INTO public.keyword (idkeyword, namekeyword) VALUES (65, 'Башня');
INSERT INTO public.keyword (idkeyword, namekeyword) VALUES (472, 'Библиотека');
INSERT INTO public.keyword (idkeyword, namekeyword) VALUES (390, 'Биржа');
INSERT INTO public.keyword (idkeyword, namekeyword) VALUES (35, 'Бригада');
INSERT INTO public.keyword (idkeyword, namekeyword) VALUES (124, 'Буксир');
INSERT INTO public.keyword (idkeyword, namekeyword) VALUES (393, 'Бухгалтерия');
INSERT INTO public.keyword (idkeyword, namekeyword) VALUES (391, 'Бюро');
INSERT INTO public.keyword (idkeyword, namekeyword) VALUES (360, 'Верфь');
INSERT INTO public.keyword (idkeyword, namekeyword) VALUES (66, 'Взвод');
INSERT INTO public.keyword (idkeyword, namekeyword) VALUES (303, 'Виварий');
INSERT INTO public.keyword (idkeyword, namekeyword) VALUES (212, 'Военморпроект');
INSERT INTO public.keyword (idkeyword, namekeyword) VALUES (211, 'Военпроект');
INSERT INTO public.keyword (idkeyword, namekeyword) VALUES (238, 'Военторг');
INSERT INTO public.keyword (idkeyword, namekeyword) VALUES (345, 'Высотомер');
INSERT INTO public.keyword (idkeyword, namekeyword) VALUES (181, 'Высшее училище');
INSERT INTO public.keyword (idkeyword, namekeyword) VALUES (350, 'Гавань');
INSERT INTO public.keyword (idkeyword, namekeyword) VALUES (328, 'Гараж');
INSERT INTO public.keyword (idkeyword, namekeyword) VALUES (262, 'Гауптвахта');
INSERT INTO public.keyword (idkeyword, namekeyword) VALUES (331, 'Городок');
INSERT INTO public.keyword (idkeyword, namekeyword) VALUES (280, 'Госпиталь');
INSERT INTO public.keyword (idkeyword, namekeyword) VALUES (422, 'Гостиница');
INSERT INTO public.keyword (idkeyword, namekeyword) VALUES (70, 'Группа');
INSERT INTO public.keyword (idkeyword, namekeyword) VALUES (525, 'Группа(отделение)');
INSERT INTO public.keyword (idkeyword, namekeyword) VALUES (344, 'Дальномер');
INSERT INTO public.keyword (idkeyword, namekeyword) VALUES (449, 'Дворец');
INSERT INTO public.keyword (idkeyword, namekeyword) VALUES (395, 'Делопроизводство');
INSERT INTO public.keyword (idkeyword, namekeyword) VALUES (85, 'Департамент');
INSERT INTO public.keyword (idkeyword, namekeyword) VALUES (380, 'Депо');
INSERT INTO public.keyword (idkeyword, namekeyword) VALUES (46, 'Дивизион');
INSERT INTO public.keyword (idkeyword, namekeyword) VALUES (30, 'Дивизия');
INSERT INTO public.keyword (idkeyword, namekeyword) VALUES (334, 'Директриса');
INSERT INTO public.keyword (idkeyword, namekeyword) VALUES (235, 'Дирекция');
INSERT INTO public.keyword (idkeyword, namekeyword) VALUES (283, 'Диспансер');
INSERT INTO public.keyword (idkeyword, namekeyword) VALUES (386, 'Диспетчерская');
INSERT INTO public.keyword (idkeyword, namekeyword) VALUES (324, 'Дистанция');
INSERT INTO public.keyword (idkeyword, namekeyword) VALUES (199, 'Дисциплина');
INSERT INTO public.keyword (idkeyword, namekeyword) VALUES (361, 'Док');
INSERT INTO public.keyword (idkeyword, namekeyword) VALUES (189, 'Докторантура');
INSERT INTO public.keyword (idkeyword, namekeyword) VALUES (450, 'Дом');
INSERT INTO public.keyword (idkeyword, namekeyword) VALUES (423, 'Домик');
INSERT INTO public.keyword (idkeyword, namekeyword) VALUES (433, 'Домоуправление');
INSERT INTO public.keyword (idkeyword, namekeyword) VALUES (385, 'Дорога');
INSERT INTO public.keyword (idkeyword, namekeyword) VALUES (230, 'Завод');
INSERT INTO public.keyword (idkeyword, namekeyword) VALUES (111, 'Заградитель');
INSERT INTO public.keyword (idkeyword, namekeyword) VALUES (463, 'Зал');
INSERT INTO public.keyword (idkeyword, namekeyword) VALUES (373, 'Запань');
INSERT INTO public.keyword (idkeyword, namekeyword) VALUES (301, 'Заповедник');
INSERT INTO public.keyword (idkeyword, namekeyword) VALUES (62, 'Звено');
INSERT INTO public.keyword (idkeyword, namekeyword) VALUES (311, 'Зона');
INSERT INTO public.keyword (idkeyword, namekeyword) VALUES (480, 'Издательство');
INSERT INTO public.keyword (idkeyword, namekeyword) VALUES (292, 'Изолятор');
INSERT INTO public.keyword (idkeyword, namekeyword) VALUES (156, 'Инспекция');
INSERT INTO public.keyword (idkeyword, namekeyword) VALUES (205, 'Институт');
INSERT INTO public.keyword (idkeyword, namekeyword) VALUES (424, 'Интернат');
INSERT INTO public.keyword (idkeyword, namekeyword) VALUES (186, 'Интернатура');
INSERT INTO public.keyword (idkeyword, namekeyword) VALUES (167, 'Информация');
INSERT INTO public.keyword (idkeyword, namekeyword) VALUES (202, 'Кабинет');
INSERT INTO public.keyword (idkeyword, namekeyword) VALUES (203, 'Кабинеты');
INSERT INTO public.keyword (idkeyword, namekeyword) VALUES (445, 'Камбуз');
INSERT INTO public.keyword (idkeyword, namekeyword) VALUES (293, 'Камера');
INSERT INTO public.keyword (idkeyword, namekeyword) VALUES (164, 'Канцелярия');
INSERT INTO public.keyword (idkeyword, namekeyword) VALUES (263, 'Караул');
INSERT INTO public.keyword (idkeyword, namekeyword) VALUES (384, 'Карьер');
INSERT INTO public.keyword (idkeyword, namekeyword) VALUES (392, 'Касса');
INSERT INTO public.keyword (idkeyword, namekeyword) VALUES (115, 'Катер');
INSERT INTO public.keyword (idkeyword, namekeyword) VALUES (196, 'Кафедра');
INSERT INTO public.keyword (idkeyword, namekeyword) VALUES (201, 'Класс');
INSERT INTO public.keyword (idkeyword, namekeyword) VALUES (307, 'Классы');
INSERT INTO public.keyword (idkeyword, namekeyword) VALUES (282, 'Клиника');
INSERT INTO public.keyword (idkeyword, namekeyword) VALUES (452, 'Клуб');
INSERT INTO public.keyword (idkeyword, namekeyword) VALUES (154, 'Коллегия');
INSERT INTO public.keyword (idkeyword, namekeyword) VALUES (184, 'Колледж');
INSERT INTO public.keyword (idkeyword, namekeyword) VALUES (382, 'Колонна');
INSERT INTO public.keyword (idkeyword, namekeyword) VALUES (71, 'Команда');
INSERT INTO public.keyword (idkeyword, namekeyword) VALUES (72, 'Командование');
INSERT INTO public.keyword (idkeyword, namekeyword) VALUES (233, 'Комбинат');
INSERT INTO public.keyword (idkeyword, namekeyword) VALUES (260, 'Комендатура');
INSERT INTO public.keyword (idkeyword, namekeyword) VALUES (225, 'Комиссариат');
INSERT INTO public.keyword (idkeyword, namekeyword) VALUES (153, 'Комиссия');
INSERT INTO public.keyword (idkeyword, namekeyword) VALUES (152, 'Комитет');
INSERT INTO public.keyword (idkeyword, namekeyword) VALUES (314, 'Комплекс');
INSERT INTO public.keyword (idkeyword, namekeyword) VALUES (289, 'Консультация');
INSERT INTO public.keyword (idkeyword, namekeyword) VALUES (394, 'Контора');
INSERT INTO public.keyword (idkeyword, namekeyword) VALUES (366, 'Копер');
INSERT INTO public.keyword (idkeyword, namekeyword) VALUES (108, 'Корабль');
INSERT INTO public.keyword (idkeyword, namekeyword) VALUES (112, 'Корвет');
INSERT INTO public.keyword (idkeyword, namekeyword) VALUES (25, 'Корпус');
INSERT INTO public.keyword (idkeyword, namekeyword) VALUES (484, 'Корректорская');
INSERT INTO public.keyword (idkeyword, namekeyword) VALUES (208, 'Космодром');
INSERT INTO public.keyword (idkeyword, namekeyword) VALUES (456, 'Костюмерная');
INSERT INTO public.keyword (idkeyword, namekeyword) VALUES (407, 'Котельная');
INSERT INTO public.keyword (idkeyword, namekeyword) VALUES (364, 'Кран');
INSERT INTO public.keyword (idkeyword, namekeyword) VALUES (105, 'Крейсер');
INSERT INTO public.keyword (idkeyword, namekeyword) VALUES (410, 'Кросс');
INSERT INTO public.keyword (idkeyword, namekeyword) VALUES (198, 'Курс');
INSERT INTO public.keyword (idkeyword, namekeyword) VALUES (185, 'Курсы');
INSERT INTO public.keyword (idkeyword, namekeyword) VALUES (446, 'Кухня');
INSERT INTO public.keyword (idkeyword, namekeyword) VALUES (200, 'Лаборатория');
INSERT INTO public.keyword (idkeyword, namekeyword) VALUES (227, 'Лагерь');
INSERT INTO public.keyword (idkeyword, namekeyword) VALUES (288, 'Лазарет');
INSERT INTO public.keyword (idkeyword, namekeyword) VALUES (123, 'Ледокол');
INSERT INTO public.keyword (idkeyword, namekeyword) VALUES (291, 'Летучка');
INSERT INTO public.keyword (idkeyword, namekeyword) VALUES (427, 'Магазин');
INSERT INTO public.keyword (idkeyword, namekeyword) VALUES (241, 'Мастерская');
INSERT INTO public.keyword (idkeyword, namekeyword) VALUES (368, 'Маяк');
INSERT INTO public.keyword (idkeyword, namekeyword) VALUES (447, 'Мельница');
INSERT INTO public.keyword (idkeyword, namekeyword) VALUES (155, 'Миссия');
INSERT INTO public.keyword (idkeyword, namekeyword) VALUES (471, 'Музей');
INSERT INTO public.keyword (idkeyword, namekeyword) VALUES (500, 'Надзор');
INSERT INTO public.keyword (idkeyword, namekeyword) VALUES (459, 'Начальник');
INSERT INTO public.keyword (idkeyword, namekeyword) VALUES (79, 'Обеспечение');
INSERT INTO public.keyword (idkeyword, namekeyword) VALUES (221, 'Обсерватория');
INSERT INTO public.keyword (idkeyword, namekeyword) VALUES (421, 'Общежитие');
INSERT INTO public.keyword (idkeyword, namekeyword) VALUES (491, 'Объединение');
INSERT INTO public.keyword (idkeyword, namekeyword) VALUES (312, 'Объект');
INSERT INTO public.keyword (idkeyword, namekeyword) VALUES (300, 'Океанариум');
INSERT INTO public.keyword (idkeyword, namekeyword) VALUES (17, 'Округ');
INSERT INTO public.keyword (idkeyword, namekeyword) VALUES (160, 'Органы');
INSERT INTO public.keyword (idkeyword, namekeyword) VALUES (188, 'Ординатура');
INSERT INTO public.keyword (idkeyword, namekeyword) VALUES (454, 'Оркестр');
INSERT INTO public.keyword (idkeyword, namekeyword) VALUES (76, 'Отдел');
INSERT INTO public.keyword (idkeyword, namekeyword) VALUES (94, 'Отделение');
INSERT INTO public.keyword (idkeyword, namekeyword) VALUES (77, 'Отделы');
INSERT INTO public.keyword (idkeyword, namekeyword) VALUES (55, 'Отряд');
INSERT INTO public.keyword (idkeyword, namekeyword) VALUES (497, 'Охрана');
INSERT INTO public.keyword (idkeyword, namekeyword) VALUES (286, 'Пансионат');
INSERT INTO public.keyword (idkeyword, namekeyword) VALUES (431, 'Парикмахерская');
INSERT INTO public.keyword (idkeyword, namekeyword) VALUES (323, 'Парк');
INSERT INTO public.keyword (idkeyword, namekeyword) VALUES (362, 'Паром');
INSERT INTO public.keyword (idkeyword, namekeyword) VALUES (222, 'Партия');
INSERT INTO public.keyword (idkeyword, namekeyword) VALUES (346, 'Пеленгатор');
INSERT INTO public.keyword (idkeyword, namekeyword) VALUES (121, 'Перегружатель');
INSERT INTO public.keyword (idkeyword, namekeyword) VALUES (457, 'Персонал');
INSERT INTO public.keyword (idkeyword, namekeyword) VALUES (302, 'Питомник');
INSERT INTO public.keyword (idkeyword, namekeyword) VALUES (372, 'Плотик');
INSERT INTO public.keyword (idkeyword, namekeyword) VALUES (106, 'Подводная лодка');
INSERT INTO public.keyword (idkeyword, namekeyword) VALUES (375, 'Подразделения');
INSERT INTO public.keyword (idkeyword, namekeyword) VALUES (404, 'Подстанция');
INSERT INTO public.keyword (idkeyword, namekeyword) VALUES (381, 'Поезд');
INSERT INTO public.keyword (idkeyword, namekeyword) VALUES (321, 'Позиция');
INSERT INTO public.keyword (idkeyword, namekeyword) VALUES (330, 'Поле');
INSERT INTO public.keyword (idkeyword, namekeyword) VALUES (206, 'Полигон');
INSERT INTO public.keyword (idkeyword, namekeyword) VALUES (281, 'Поликлиника');
INSERT INTO public.keyword (idkeyword, namekeyword) VALUES (40, 'Полк');
INSERT INTO public.keyword (idkeyword, namekeyword) VALUES (92, 'Пост');
INSERT INTO public.keyword (idkeyword, namekeyword) VALUES (430, 'Прачечная');
INSERT INTO public.keyword (idkeyword, namekeyword) VALUES (299, 'Предприятие');
INSERT INTO public.keyword (idkeyword, namekeyword) VALUES (236, 'Предприятия');
INSERT INTO public.keyword (idkeyword, namekeyword) VALUES (150, 'Представительства');
INSERT INTO public.keyword (idkeyword, namekeyword) VALUES (151, 'Представительство');
INSERT INTO public.keyword (idkeyword, namekeyword) VALUES (527, 'Пресс-служба');
INSERT INTO public.keyword (idkeyword, namekeyword) VALUES (486, 'Пресс-центр');
INSERT INTO public.keyword (idkeyword, namekeyword) VALUES (163, 'Приемная');
INSERT INTO public.keyword (idkeyword, namekeyword) VALUES (231, 'Приемник');
INSERT INTO public.keyword (idkeyword, namekeyword) VALUES (351, 'Пристань');
INSERT INTO public.keyword (idkeyword, namekeyword) VALUES (352, 'Причал');
INSERT INTO public.keyword (idkeyword, namekeyword) VALUES (234, 'Производство');
INSERT INTO public.keyword (idkeyword, namekeyword) VALUES (273, 'Прокуратура');
INSERT INTO public.keyword (idkeyword, namekeyword) VALUES (287, 'Профилакторий');
INSERT INTO public.keyword (idkeyword, namekeyword) VALUES (91, 'Пункт');
INSERT INTO public.keyword (idkeyword, namekeyword) VALUES (310, 'Район');
INSERT INTO public.keyword (idkeyword, namekeyword) VALUES (95, 'Расчет');
INSERT INTO public.keyword (idkeyword, namekeyword) VALUES (481, 'Редакция');
INSERT INTO public.keyword (idkeyword, namekeyword) VALUES (226, 'Резерв');
INSERT INTO public.keyword (idkeyword, namekeyword) VALUES (353, 'Рейд');
INSERT INTO public.keyword (idkeyword, namekeyword) VALUES (270, 'Референтура');
INSERT INTO public.keyword (idkeyword, namekeyword) VALUES (60, 'Рота');
INSERT INTO public.keyword (idkeyword, namekeyword) VALUES (425, 'Сад');
INSERT INTO public.keyword (idkeyword, namekeyword) VALUES (285, 'Санаторий');
INSERT INTO public.keyword (idkeyword, namekeyword) VALUES (165, 'Секретариат');
INSERT INTO public.keyword (idkeyword, namekeyword) VALUES (217, 'Сектор');
INSERT INTO public.keyword (idkeyword, namekeyword) VALUES (216, 'Секция');
INSERT INTO public.keyword (idkeyword, namekeyword) VALUES (408, 'Сеть');
INSERT INTO public.keyword (idkeyword, namekeyword) VALUES (313, 'Система');
INSERT INTO public.keyword (idkeyword, namekeyword) VALUES (254, 'Склад');
INSERT INTO public.keyword (idkeyword, namekeyword) VALUES (253, 'Склады');
INSERT INTO public.keyword (idkeyword, namekeyword) VALUES (370, 'Слип');
INSERT INTO public.keyword (idkeyword, namekeyword) VALUES (81, 'Служба');
INSERT INTO public.keyword (idkeyword, namekeyword) VALUES (80, 'Службы');
INSERT INTO public.keyword (idkeyword, namekeyword) VALUES (96, 'Смена');
INSERT INTO public.keyword (idkeyword, namekeyword) VALUES (367, 'Снаряд');
INSERT INTO public.keyword (idkeyword, namekeyword) VALUES (215, 'Совет');
INSERT INTO public.keyword (idkeyword, namekeyword) VALUES (440, 'Совхоз');
INSERT INTO public.keyword (idkeyword, namekeyword) VALUES (460, 'Стадион');
INSERT INTO public.keyword (idkeyword, namekeyword) VALUES (93, 'Станция');
INSERT INTO public.keyword (idkeyword, namekeyword) VALUES (483, 'Стеклография');
INSERT INTO public.keyword (idkeyword, namekeyword) VALUES (411, 'Стенд');
INSERT INTO public.keyword (idkeyword, namekeyword) VALUES (444, 'Столовая');
INSERT INTO public.keyword (idkeyword, namekeyword) VALUES (333, 'Стрельбище');
INSERT INTO public.keyword (idkeyword, namekeyword) VALUES (492, 'Строительство');
INSERT INTO public.keyword (idkeyword, namekeyword) VALUES (455, 'Студия');
INSERT INTO public.keyword (idkeyword, namekeyword) VALUES (275, 'Суд');
INSERT INTO public.keyword (idkeyword, namekeyword) VALUES (116, 'Судно');
INSERT INTO public.keyword (idkeyword, namekeyword) VALUES (122, 'Танкер');
INSERT INTO public.keyword (idkeyword, namekeyword) VALUES (326, 'Танкодром');
INSERT INTO public.keyword (idkeyword, namekeyword) VALUES (451, 'Театр');
INSERT INTO public.keyword (idkeyword, namekeyword) VALUES (402, 'Теплоцентраль');
INSERT INTO public.keyword (idkeyword, namekeyword) VALUES (403, 'Теплоэлектроцентраль');
INSERT INTO public.keyword (idkeyword, namekeyword) VALUES (192, 'Техникум');
INSERT INTO public.keyword (idkeyword, namekeyword) VALUES (482, 'Типография');
INSERT INTO public.keyword (idkeyword, namekeyword) VALUES (332, 'Тир');
INSERT INTO public.keyword (idkeyword, namekeyword) VALUES (110, 'Тральщик');
INSERT INTO public.keyword (idkeyword, namekeyword) VALUES (120, 'Транспорт');
INSERT INTO public.keyword (idkeyword, namekeyword) VALUES (347, 'Тренажер');
INSERT INTO public.keyword (idkeyword, namekeyword) VALUES (229, 'Трест');
INSERT INTO public.keyword (idkeyword, namekeyword) VALUES (274, 'Трибунал');
INSERT INTO public.keyword (idkeyword, namekeyword) VALUES (524, 'Тыл');
INSERT INTO public.keyword (idkeyword, namekeyword) VALUES (90, 'Узел');
INSERT INTO public.keyword (idkeyword, namekeyword) VALUES (183, 'Университет');
INSERT INTO public.keyword (idkeyword, namekeyword) VALUES (10, 'Управление');
INSERT INTO public.keyword (idkeyword, namekeyword) VALUES (526, 'Управления');
INSERT INTO public.keyword (idkeyword, namekeyword) VALUES (316, 'Установка');
INSERT INTO public.keyword (idkeyword, namekeyword) VALUES (320, 'Участок');
INSERT INTO public.keyword (idkeyword, namekeyword) VALUES (182, 'Училище');
INSERT INTO public.keyword (idkeyword, namekeyword) VALUES (162, 'Учреждение');
INSERT INTO public.keyword (idkeyword, namekeyword) VALUES (161, 'Учреждения');
INSERT INTO public.keyword (idkeyword, namekeyword) VALUES (232, 'Фабрика');
INSERT INTO public.keyword (idkeyword, namekeyword) VALUES (195, 'Факультет');
INSERT INTO public.keyword (idkeyword, namekeyword) VALUES (442, 'Ферма');
INSERT INTO public.keyword (idkeyword, namekeyword) VALUES (213, 'Филиал');
INSERT INTO public.keyword (idkeyword, namekeyword) VALUES (473, 'Фильмотека');
INSERT INTO public.keyword (idkeyword, namekeyword) VALUES (18, 'Флот');
INSERT INTO public.keyword (idkeyword, namekeyword) VALUES (21, 'Флотилия');
INSERT INTO public.keyword (idkeyword, namekeyword) VALUES (432, 'Фотография');
INSERT INTO public.keyword (idkeyword, namekeyword) VALUES (443, 'Хлебопекарня');
INSERT INTO public.keyword (idkeyword, namekeyword) VALUES (441, 'Хозяйство');
INSERT INTO public.keyword (idkeyword, namekeyword) VALUES (256, 'Холодильник');
INSERT INTO public.keyword (idkeyword, namekeyword) VALUES (255, 'Хранилище');
INSERT INTO public.keyword (idkeyword, namekeyword) VALUES (485, 'Цензура');
INSERT INTO public.keyword (idkeyword, namekeyword) VALUES (75, 'Центр');
INSERT INTO public.keyword (idkeyword, namekeyword) VALUES (204, 'Центральный институт');
INSERT INTO public.keyword (idkeyword, namekeyword) VALUES (240, 'Цех');
INSERT INTO public.keyword (idkeyword, namekeyword) VALUES (239, 'Цехи');
INSERT INTO public.keyword (idkeyword, namekeyword) VALUES (197, 'Цикл');
INSERT INTO public.keyword (idkeyword, namekeyword) VALUES (82, 'Часть');
INSERT INTO public.keyword (idkeyword, namekeyword) VALUES (190, 'Школа');
INSERT INTO public.keyword (idkeyword, namekeyword) VALUES (132, 'Экипаж');
INSERT INTO public.keyword (idkeyword, namekeyword) VALUES (220, 'Экспедиция');
INSERT INTO public.keyword (idkeyword, namekeyword) VALUES (272, 'Экспертиза');
INSERT INTO public.keyword (idkeyword, namekeyword) VALUES (400, 'Электростанция');
INSERT INTO public.keyword (idkeyword, namekeyword) VALUES (369, 'Эллинг');
INSERT INTO public.keyword (idkeyword, namekeyword) VALUES (26, 'Эскадра');
INSERT INTO public.keyword (idkeyword, namekeyword) VALUES (107, 'Эскадренный миноносец');
INSERT INTO public.keyword (idkeyword, namekeyword) VALUES (47, 'Эскадрилья');
INSERT INTO public.keyword (idkeyword, namekeyword) VALUES (63, 'Эскадрон');
INSERT INTO public.keyword (idkeyword, namekeyword) VALUES (426, 'Ясли');INSERT INTO public.leadership_positions (leadership_positions_id, code, fullname) VALUES (1, 'kpt', 'Капитан');
INSERT INTO public.leadership_positions (leadership_positions_id, code, fullname) VALUES (2, 'lt', 'Лейтенант');
INSERT INTO public.leadership_positions (leadership_positions_id, code, fullname) VALUES (3, 'major', 'Майор');
INSERT INTO public.leadership_positions (leadership_positions_id, code, fullname) VALUES (4, 'plk', 'Полковник');
INSERT INTO public.leadership_positions (leadership_positions_id, code, fullname) VALUES (5, 'gnrl', 'Генерал');INSERT INTO public.location_types (location_types_id, fullname) VALUES (4, 'Подводная местность');
INSERT INTO public.location_types (location_types_id, fullname) VALUES (5, 'Равнина');
INSERT INTO public.location_types (location_types_id, fullname) VALUES (14, 'Арктика');
INSERT INTO public.location_types (location_types_id, fullname) VALUES (15, 'Космос');
INSERT INTO public.location_types (location_types_id, fullname) VALUES (17, 'Побережье');
INSERT INTO public.location_types (location_types_id, fullname) VALUES (3, 'Лесополоса');
INSERT INTO public.location_types (location_types_id, fullname) VALUES (16, 'Поверхность воды');
INSERT INTO public.location_types (location_types_id, fullname) VALUES (2, 'Гористая местность');INSERT INTO public.measure_units (unit_id, unit_code, unit_name) VALUES (1, 'kg', 'Килограммы');
INSERT INTO public.measure_units (unit_id, unit_code, unit_name) VALUES (2, 'mg', 'Миллиграммы');
INSERT INTO public.measure_units (unit_id, unit_code, unit_name) VALUES (3, 't', 'Тонны');INSERT INTO public.meeting (meetings_type_id, fullname) VALUES (2, 'Совет');
INSERT INTO public.meeting (meetings_type_id, fullname) VALUES (3, 'Форум');
INSERT INTO public.meeting (meetings_type_id, fullname) VALUES (4, 'Съезд');
INSERT INTO public.meeting (meetings_type_id, fullname) VALUES (5, 'Пленум');
INSERT INTO public.meeting (meetings_type_id, fullname) VALUES (7, 'Совещание');
INSERT INTO public.meeting (meetings_type_id, fullname) VALUES (8, 'Заседание');INSERT INTO public.militarycity (idmilitarycity, namemilitarycity) VALUES (1, 'Военный городок №1');
INSERT INTO public.militarycity (idmilitarycity, namemilitarycity) VALUES (2, 'Военный городок №2');
INSERT INTO public.militarycity (idmilitarycity, namemilitarycity) VALUES (3, 'Военный городок №3');
INSERT INTO public.militarycity (idmilitarycity, namemilitarycity) VALUES (4, 'Военный городок №4');
INSERT INTO public.militarycity (idmilitarycity, namemilitarycity) VALUES (5, 'Военный городок №5');
INSERT INTO public.militarycity (idmilitarycity, namemilitarycity) VALUES (6, 'Военный городок №6');
INSERT INTO public.militarycity (idmilitarycity, namemilitarycity) VALUES (7, 'Военный городок №7');
INSERT INTO public.militarycity (idmilitarycity, namemilitarycity) VALUES (8, 'Военный городок №8');
INSERT INTO public.militarycity (idmilitarycity, namemilitarycity) VALUES (9, 'Военный городок №9');
INSERT INTO public.militarycity (idmilitarycity, namemilitarycity) VALUES (10, 'Военный городок №10');
INSERT INTO public.militarycity (idmilitarycity, namemilitarycity) VALUES (11, 'Военный городок №11');
INSERT INTO public.militarycity (idmilitarycity, namemilitarycity) VALUES (12, 'Военный городок №12');
INSERT INTO public.militarycity (idmilitarycity, namemilitarycity) VALUES (13, 'Военный городок №13');
INSERT INTO public.militarycity (idmilitarycity, namemilitarycity) VALUES (14, 'Военный городок №14');
INSERT INTO public.militarycity (idmilitarycity, namemilitarycity) VALUES (15, 'Военный городок №15');
INSERT INTO public.militarycity (idmilitarycity, namemilitarycity) VALUES (16, 'Военный городок №16');
INSERT INTO public.militarycity (idmilitarycity, namemilitarycity) VALUES (17, 'Военный городок №17');
INSERT INTO public.militarycity (idmilitarycity, namemilitarycity) VALUES (18, 'Военный городок №18');
INSERT INTO public.militarycity (idmilitarycity, namemilitarycity) VALUES (19, 'Военный городок №19');
INSERT INTO public.militarycity (idmilitarycity, namemilitarycity) VALUES (20, 'Военный городок №20');
INSERT INTO public.militarycity (idmilitarycity, namemilitarycity) VALUES (21, 'Военный городок №21');
INSERT INTO public.militarycity (idmilitarycity, namemilitarycity) VALUES (22, 'Военный городок №22');
INSERT INTO public.militarycity (idmilitarycity, namemilitarycity) VALUES (23, 'Военный городок №23');
INSERT INTO public.militarycity (idmilitarycity, namemilitarycity) VALUES (24, 'Военный городок №24');
INSERT INTO public.militarycity (idmilitarycity, namemilitarycity) VALUES (25, 'Военный городок №25');
INSERT INTO public.militarycity (idmilitarycity, namemilitarycity) VALUES (26, 'Военный городок №26');
INSERT INTO public.militarycity (idmilitarycity, namemilitarycity) VALUES (27, 'Военный городок №27');
INSERT INTO public.militarycity (idmilitarycity, namemilitarycity) VALUES (28, 'Военный городок №28');
INSERT INTO public.militarycity (idmilitarycity, namemilitarycity) VALUES (29, 'Военный городок №29');
INSERT INTO public.militarycity (idmilitarycity, namemilitarycity) VALUES (30, 'Военный городок №30');
INSERT INTO public.militarycity (idmilitarycity, namemilitarycity) VALUES (31, 'Военный городок №31');
INSERT INTO public.militarycity (idmilitarycity, namemilitarycity) VALUES (32, 'Военный городок №32');
INSERT INTO public.militarycity (idmilitarycity, namemilitarycity) VALUES (33, 'Военный городок №33');
INSERT INTO public.militarycity (idmilitarycity, namemilitarycity) VALUES (34, 'Военный городок №34');
INSERT INTO public.militarycity (idmilitarycity, namemilitarycity) VALUES (35, 'Военный городок №35');
INSERT INTO public.militarycity (idmilitarycity, namemilitarycity) VALUES (36, 'Военный городок №36');
INSERT INTO public.militarycity (idmilitarycity, namemilitarycity) VALUES (37, 'Военный городок №37');
INSERT INTO public.militarycity (idmilitarycity, namemilitarycity) VALUES (38, 'Военный городок №38');
INSERT INTO public.militarycity (idmilitarycity, namemilitarycity) VALUES (39, 'Военный городок №39');
INSERT INTO public.militarycity (idmilitarycity, namemilitarycity) VALUES (40, 'Военный городок №40');
INSERT INTO public.militarycity (idmilitarycity, namemilitarycity) VALUES (41, 'Военный городок №41');
INSERT INTO public.militarycity (idmilitarycity, namemilitarycity) VALUES (42, 'Военный городок №42');
INSERT INTO public.militarycity (idmilitarycity, namemilitarycity) VALUES (43, 'Военный городок №43');
INSERT INTO public.militarycity (idmilitarycity, namemilitarycity) VALUES (44, 'Военный городок №44');
INSERT INTO public.militarycity (idmilitarycity, namemilitarycity) VALUES (45, 'Военный городок №45');
INSERT INTO public.militarycity (idmilitarycity, namemilitarycity) VALUES (46, 'Военный городок №46');
INSERT INTO public.militarycity (idmilitarycity, namemilitarycity) VALUES (47, 'Военный городок №47');
INSERT INTO public.militarycity (idmilitarycity, namemilitarycity) VALUES (48, 'Военный городок №48');
INSERT INTO public.militarycity (idmilitarycity, namemilitarycity) VALUES (49, 'Военный городок №49');
INSERT INTO public.militarycity (idmilitarycity, namemilitarycity) VALUES (50, 'Военный городок №50');
INSERT INTO public.militarycity (idmilitarycity, namemilitarycity) VALUES (51, 'Военный городок №51');
INSERT INTO public.militarycity (idmilitarycity, namemilitarycity) VALUES (52, 'Военный городок №52');
INSERT INTO public.militarycity (idmilitarycity, namemilitarycity) VALUES (53, 'Военный городок №53');
INSERT INTO public.militarycity (idmilitarycity, namemilitarycity) VALUES (54, 'Военный городок №54');
INSERT INTO public.militarycity (idmilitarycity, namemilitarycity) VALUES (55, 'Военный городок №55');
INSERT INTO public.militarycity (idmilitarycity, namemilitarycity) VALUES (56, 'Военный городок №56');
INSERT INTO public.militarycity (idmilitarycity, namemilitarycity) VALUES (57, 'Военный городок №57');
INSERT INTO public.militarycity (idmilitarycity, namemilitarycity) VALUES (58, 'Военный городок №58');
INSERT INTO public.militarycity (idmilitarycity, namemilitarycity) VALUES (59, 'Военный городок №59');
INSERT INTO public.militarycity (idmilitarycity, namemilitarycity) VALUES (60, 'Военный городок №60');
INSERT INTO public.militarycity (idmilitarycity, namemilitarycity) VALUES (61, 'Военный городок №61');
INSERT INTO public.militarycity (idmilitarycity, namemilitarycity) VALUES (62, 'Военный городок №62');
INSERT INTO public.militarycity (idmilitarycity, namemilitarycity) VALUES (63, 'Военный городок №63');
INSERT INTO public.militarycity (idmilitarycity, namemilitarycity) VALUES (64, 'Военный городок №64');
INSERT INTO public.militarycity (idmilitarycity, namemilitarycity) VALUES (65, 'Военный городок №65');
INSERT INTO public.militarycity (idmilitarycity, namemilitarycity) VALUES (66, 'Военный городок №66');
INSERT INTO public.militarycity (idmilitarycity, namemilitarycity) VALUES (67, 'Военный городок №67');
INSERT INTO public.militarycity (idmilitarycity, namemilitarycity) VALUES (68, 'Военный городок №68');
INSERT INTO public.militarycity (idmilitarycity, namemilitarycity) VALUES (69, 'Военный городок №69');
INSERT INTO public.militarycity (idmilitarycity, namemilitarycity) VALUES (70, 'Военный городок №70');
INSERT INTO public.militarycity (idmilitarycity, namemilitarycity) VALUES (71, 'Военный городок №71');
INSERT INTO public.militarycity (idmilitarycity, namemilitarycity) VALUES (72, 'Военный городок №72');
INSERT INTO public.militarycity (idmilitarycity, namemilitarycity) VALUES (73, 'Военный городок №73');
INSERT INTO public.militarycity (idmilitarycity, namemilitarycity) VALUES (74, 'Военный городок №74');
INSERT INTO public.militarycity (idmilitarycity, namemilitarycity) VALUES (75, 'Военный городок №75');
INSERT INTO public.militarycity (idmilitarycity, namemilitarycity) VALUES (76, 'Военный городок №76');
INSERT INTO public.militarycity (idmilitarycity, namemilitarycity) VALUES (77, 'Военный городок №77');
INSERT INTO public.militarycity (idmilitarycity, namemilitarycity) VALUES (78, 'Военный городок №78');
INSERT INTO public.militarycity (idmilitarycity, namemilitarycity) VALUES (79, 'Военный городок №79');
INSERT INTO public.militarycity (idmilitarycity, namemilitarycity) VALUES (80, 'Военный городок №80');
INSERT INTO public.militarycity (idmilitarycity, namemilitarycity) VALUES (81, 'Военный городок №81');
INSERT INTO public.militarycity (idmilitarycity, namemilitarycity) VALUES (82, 'Военный городок №82');
INSERT INTO public.militarycity (idmilitarycity, namemilitarycity) VALUES (83, 'Военный городок №83');
INSERT INTO public.militarycity (idmilitarycity, namemilitarycity) VALUES (84, 'Военный городок №84');
INSERT INTO public.militarycity (idmilitarycity, namemilitarycity) VALUES (85, 'Военный городок №85');
INSERT INTO public.militarycity (idmilitarycity, namemilitarycity) VALUES (86, 'Военный городок №86');
INSERT INTO public.militarycity (idmilitarycity, namemilitarycity) VALUES (87, 'Военный городок №87');
INSERT INTO public.militarycity (idmilitarycity, namemilitarycity) VALUES (88, 'Военный городок №88');
INSERT INTO public.militarycity (idmilitarycity, namemilitarycity) VALUES (89, 'Военный городок №89');
INSERT INTO public.militarycity (idmilitarycity, namemilitarycity) VALUES (90, 'Военный городок №90');
INSERT INTO public.militarycity (idmilitarycity, namemilitarycity) VALUES (91, 'Военный городок №91');
INSERT INTO public.militarycity (idmilitarycity, namemilitarycity) VALUES (92, 'Военный городок №92');
INSERT INTO public.militarycity (idmilitarycity, namemilitarycity) VALUES (93, 'Военный городок №93');
INSERT INTO public.militarycity (idmilitarycity, namemilitarycity) VALUES (94, 'Военный городок №94');
INSERT INTO public.militarycity (idmilitarycity, namemilitarycity) VALUES (95, 'Военный городок №95');
INSERT INTO public.militarycity (idmilitarycity, namemilitarycity) VALUES (96, 'Военный городок №96');
INSERT INTO public.militarycity (idmilitarycity, namemilitarycity) VALUES (97, 'Военный городок №97');
INSERT INTO public.militarycity (idmilitarycity, namemilitarycity) VALUES (98, 'Военный городок №98');
INSERT INTO public.militarycity (idmilitarycity, namemilitarycity) VALUES (99, 'Военный городок №99');
INSERT INTO public.militarycity (idmilitarycity, namemilitarycity) VALUES (100, 'Военный городок №100');
INSERT INTO public.militarycity (idmilitarycity, namemilitarycity) VALUES (101, 'Военный городок №101');
INSERT INTO public.militarycity (idmilitarycity, namemilitarycity) VALUES (102, 'Военный городок №102');
INSERT INTO public.militarycity (idmilitarycity, namemilitarycity) VALUES (103, 'Военный городок №103');
INSERT INTO public.militarycity (idmilitarycity, namemilitarycity) VALUES (104, 'Военный городок №104');
INSERT INTO public.militarycity (idmilitarycity, namemilitarycity) VALUES (105, 'Военный городок №105');
INSERT INTO public.militarycity (idmilitarycity, namemilitarycity) VALUES (106, 'Военный городок №106');
INSERT INTO public.militarycity (idmilitarycity, namemilitarycity) VALUES (107, 'Военный городок №107');
INSERT INTO public.militarycity (idmilitarycity, namemilitarycity) VALUES (108, 'Военный городок №108');
INSERT INTO public.militarycity (idmilitarycity, namemilitarycity) VALUES (109, 'Военный городок №109');
INSERT INTO public.militarycity (idmilitarycity, namemilitarycity) VALUES (110, 'Военный городок №110');
INSERT INTO public.militarycity (idmilitarycity, namemilitarycity) VALUES (111, 'Военный городок №111');
INSERT INTO public.militarycity (idmilitarycity, namemilitarycity) VALUES (112, 'Военный городок №112');
INSERT INTO public.militarycity (idmilitarycity, namemilitarycity) VALUES (113, 'Военный городок №113');
INSERT INTO public.militarycity (idmilitarycity, namemilitarycity) VALUES (114, 'Военный городок №114');
INSERT INTO public.militarycity (idmilitarycity, namemilitarycity) VALUES (115, 'Военный городок №115');
INSERT INTO public.militarycity (idmilitarycity, namemilitarycity) VALUES (116, 'Военный городок №116');
INSERT INTO public.militarycity (idmilitarycity, namemilitarycity) VALUES (117, 'Военный городок №117');
INSERT INTO public.militarycity (idmilitarycity, namemilitarycity) VALUES (118, 'Военный городок №118');
INSERT INTO public.militarycity (idmilitarycity, namemilitarycity) VALUES (119, 'Военный городок №119');
INSERT INTO public.militarycity (idmilitarycity, namemilitarycity) VALUES (120, 'Военный городок №120');
INSERT INTO public.militarycity (idmilitarycity, namemilitarycity) VALUES (121, 'Военный городок №121');
INSERT INTO public.militarycity (idmilitarycity, namemilitarycity) VALUES (122, 'Военный городок №122');
INSERT INTO public.militarycity (idmilitarycity, namemilitarycity) VALUES (123, 'Военный городок №123');
INSERT INTO public.militarycity (idmilitarycity, namemilitarycity) VALUES (124, 'Военный городок №124');
INSERT INTO public.militarycity (idmilitarycity, namemilitarycity) VALUES (125, 'Военный городок №125');
INSERT INTO public.militarycity (idmilitarycity, namemilitarycity) VALUES (126, 'Военный городок №126');
INSERT INTO public.militarycity (idmilitarycity, namemilitarycity) VALUES (127, 'Военный городок №127');
INSERT INTO public.militarycity (idmilitarycity, namemilitarycity) VALUES (128, 'Военный городок №128');
INSERT INTO public.militarycity (idmilitarycity, namemilitarycity) VALUES (129, 'Военный городок №129');
INSERT INTO public.militarycity (idmilitarycity, namemilitarycity) VALUES (130, 'Военный городок №130');
INSERT INTO public.militarycity (idmilitarycity, namemilitarycity) VALUES (131, 'Военный городок №131');
INSERT INTO public.militarycity (idmilitarycity, namemilitarycity) VALUES (132, 'Военный городок №132');
INSERT INTO public.militarycity (idmilitarycity, namemilitarycity) VALUES (133, 'Военный городок №133');
INSERT INTO public.militarycity (idmilitarycity, namemilitarycity) VALUES (134, 'Военный городок №134');
INSERT INTO public.militarycity (idmilitarycity, namemilitarycity) VALUES (135, 'Военный городок №135');
INSERT INTO public.militarycity (idmilitarycity, namemilitarycity) VALUES (136, 'Военный городок №136');
INSERT INTO public.militarycity (idmilitarycity, namemilitarycity) VALUES (137, 'Военный городок №137');
INSERT INTO public.militarycity (idmilitarycity, namemilitarycity) VALUES (138, 'Военный городок №138');
INSERT INTO public.militarycity (idmilitarycity, namemilitarycity) VALUES (139, 'Военный городок №139');
INSERT INTO public.militarycity (idmilitarycity, namemilitarycity) VALUES (140, 'Военный городок №140');
INSERT INTO public.militarycity (idmilitarycity, namemilitarycity) VALUES (141, 'Военный городок №141');
INSERT INTO public.militarycity (idmilitarycity, namemilitarycity) VALUES (142, 'Военный городок №142');
INSERT INTO public.militarycity (idmilitarycity, namemilitarycity) VALUES (143, 'Военный городок №143');
INSERT INTO public.militarycity (idmilitarycity, namemilitarycity) VALUES (144, 'Военный городок №144');
INSERT INTO public.militarycity (idmilitarycity, namemilitarycity) VALUES (145, 'Военный городок №145');
INSERT INTO public.militarycity (idmilitarycity, namemilitarycity) VALUES (146, 'Военный городок №146');
INSERT INTO public.militarycity (idmilitarycity, namemilitarycity) VALUES (147, 'Военный городок №147');
INSERT INTO public.militarycity (idmilitarycity, namemilitarycity) VALUES (148, 'Военный городок №148');
INSERT INTO public.militarycity (idmilitarycity, namemilitarycity) VALUES (149, 'Военный городок №149');
INSERT INTO public.militarycity (idmilitarycity, namemilitarycity) VALUES (150, 'Военный городок №150');
INSERT INTO public.militarycity (idmilitarycity, namemilitarycity) VALUES (151, 'Военный городок №151');
INSERT INTO public.militarycity (idmilitarycity, namemilitarycity) VALUES (152, 'Военный городок №152');
INSERT INTO public.militarycity (idmilitarycity, namemilitarycity) VALUES (153, 'Военный городок №153');
INSERT INTO public.militarycity (idmilitarycity, namemilitarycity) VALUES (154, 'Военный городок №154');
INSERT INTO public.militarycity (idmilitarycity, namemilitarycity) VALUES (155, 'Военный городок №155');
INSERT INTO public.militarycity (idmilitarycity, namemilitarycity) VALUES (156, 'Военный городок №156');
INSERT INTO public.militarycity (idmilitarycity, namemilitarycity) VALUES (157, 'Военный городок №157');
INSERT INTO public.militarycity (idmilitarycity, namemilitarycity) VALUES (158, 'Военный городок №158');
INSERT INTO public.militarycity (idmilitarycity, namemilitarycity) VALUES (159, 'Военный городок №159');
INSERT INTO public.militarycity (idmilitarycity, namemilitarycity) VALUES (160, 'Военный городок №160');
INSERT INTO public.militarycity (idmilitarycity, namemilitarycity) VALUES (161, 'Военный городок №161');
INSERT INTO public.militarycity (idmilitarycity, namemilitarycity) VALUES (162, 'Военный городок №162');
INSERT INTO public.militarycity (idmilitarycity, namemilitarycity) VALUES (163, 'Военный городок №163');
INSERT INTO public.militarycity (idmilitarycity, namemilitarycity) VALUES (164, 'Военный городок №164');
INSERT INTO public.militarycity (idmilitarycity, namemilitarycity) VALUES (165, 'Военный городок №165');
INSERT INTO public.militarycity (idmilitarycity, namemilitarycity) VALUES (166, 'Военный городок №166');
INSERT INTO public.militarycity (idmilitarycity, namemilitarycity) VALUES (167, 'Военный городок №167');
INSERT INTO public.militarycity (idmilitarycity, namemilitarycity) VALUES (168, 'Военный городок №168');
INSERT INTO public.militarycity (idmilitarycity, namemilitarycity) VALUES (169, 'Военный городок №169');
INSERT INTO public.militarycity (idmilitarycity, namemilitarycity) VALUES (170, 'Военный городок №170');
INSERT INTO public.militarycity (idmilitarycity, namemilitarycity) VALUES (171, 'Военный городок №171');
INSERT INTO public.militarycity (idmilitarycity, namemilitarycity) VALUES (172, 'Военный городок №172');
INSERT INTO public.militarycity (idmilitarycity, namemilitarycity) VALUES (173, 'Военный городок №173');
INSERT INTO public.militarycity (idmilitarycity, namemilitarycity) VALUES (174, 'Военный городок №174');
INSERT INTO public.militarycity (idmilitarycity, namemilitarycity) VALUES (175, 'Военный городок №175');
INSERT INTO public.militarycity (idmilitarycity, namemilitarycity) VALUES (176, 'Военный городок №176');
INSERT INTO public.militarycity (idmilitarycity, namemilitarycity) VALUES (177, 'Военный городок №177');
INSERT INTO public.militarycity (idmilitarycity, namemilitarycity) VALUES (178, 'Военный городок №178');
INSERT INTO public.militarycity (idmilitarycity, namemilitarycity) VALUES (179, 'Военный городок №179');
INSERT INTO public.militarycity (idmilitarycity, namemilitarycity) VALUES (180, 'Военный городок №180');
INSERT INTO public.militarycity (idmilitarycity, namemilitarycity) VALUES (181, 'Военный городок №181');
INSERT INTO public.militarycity (idmilitarycity, namemilitarycity) VALUES (182, 'Военный городок №182');
INSERT INTO public.militarycity (idmilitarycity, namemilitarycity) VALUES (183, 'Военный городок №183');
INSERT INTO public.militarycity (idmilitarycity, namemilitarycity) VALUES (184, 'Военный городок №184');
INSERT INTO public.militarycity (idmilitarycity, namemilitarycity) VALUES (185, 'Военный городок №185');
INSERT INTO public.militarycity (idmilitarycity, namemilitarycity) VALUES (186, 'Военный городок №186');
INSERT INTO public.militarycity (idmilitarycity, namemilitarycity) VALUES (187, 'Военный городок №187');
INSERT INTO public.militarycity (idmilitarycity, namemilitarycity) VALUES (188, 'Военный городок №188');
INSERT INTO public.militarycity (idmilitarycity, namemilitarycity) VALUES (189, 'Военный городок №189');
INSERT INTO public.militarycity (idmilitarycity, namemilitarycity) VALUES (190, 'Военный городок №190');
INSERT INTO public.militarycity (idmilitarycity, namemilitarycity) VALUES (191, 'Военный городок №191');
INSERT INTO public.militarycity (idmilitarycity, namemilitarycity) VALUES (192, 'Военный городок №192');
INSERT INTO public.militarycity (idmilitarycity, namemilitarycity) VALUES (193, 'Военный городок №193');
INSERT INTO public.militarycity (idmilitarycity, namemilitarycity) VALUES (194, 'Военный городок №194');
INSERT INTO public.militarycity (idmilitarycity, namemilitarycity) VALUES (195, 'Военный городок №195');
INSERT INTO public.militarycity (idmilitarycity, namemilitarycity) VALUES (196, 'Военный городок №196');
INSERT INTO public.militarycity (idmilitarycity, namemilitarycity) VALUES (197, 'Военный городок №197');
INSERT INTO public.militarycity (idmilitarycity, namemilitarycity) VALUES (198, 'Военный городок №198');
INSERT INTO public.militarycity (idmilitarycity, namemilitarycity) VALUES (199, 'Военный городок №199');
INSERT INTO public.militarycity (idmilitarycity, namemilitarycity) VALUES (200, 'Военный городок №200');
INSERT INTO public.militarycity (idmilitarycity, namemilitarycity) VALUES (201, 'Военный городок №201');
INSERT INTO public.militarycity (idmilitarycity, namemilitarycity) VALUES (202, 'Военный городок №202');
INSERT INTO public.militarycity (idmilitarycity, namemilitarycity) VALUES (203, 'Военный городок №203');
INSERT INTO public.militarycity (idmilitarycity, namemilitarycity) VALUES (204, 'Военный городок №204');
INSERT INTO public.militarycity (idmilitarycity, namemilitarycity) VALUES (205, 'Военный городок №205');
INSERT INTO public.militarycity (idmilitarycity, namemilitarycity) VALUES (206, 'Военный городок №206');
INSERT INTO public.militarycity (idmilitarycity, namemilitarycity) VALUES (207, 'Военный городок №207');
INSERT INTO public.militarycity (idmilitarycity, namemilitarycity) VALUES (208, 'Военный городок №208');
INSERT INTO public.militarycity (idmilitarycity, namemilitarycity) VALUES (209, 'Военный городок №209');
INSERT INTO public.militarycity (idmilitarycity, namemilitarycity) VALUES (210, 'Военный городок №210');
INSERT INTO public.militarycity (idmilitarycity, namemilitarycity) VALUES (211, 'Военный городок №211');
INSERT INTO public.militarycity (idmilitarycity, namemilitarycity) VALUES (212, 'Военный городок №212');
INSERT INTO public.militarycity (idmilitarycity, namemilitarycity) VALUES (213, 'Военный городок №213');
INSERT INTO public.militarycity (idmilitarycity, namemilitarycity) VALUES (214, 'Военный городок №214');
INSERT INTO public.militarycity (idmilitarycity, namemilitarycity) VALUES (215, 'Военный городок №215');
INSERT INTO public.militarycity (idmilitarycity, namemilitarycity) VALUES (216, 'Военный городок №216');
INSERT INTO public.militarycity (idmilitarycity, namemilitarycity) VALUES (217, 'Военный городок №217');
INSERT INTO public.militarycity (idmilitarycity, namemilitarycity) VALUES (218, 'Военный городок №218');
INSERT INTO public.militarycity (idmilitarycity, namemilitarycity) VALUES (219, 'Военный городок №219');
INSERT INTO public.militarycity (idmilitarycity, namemilitarycity) VALUES (220, 'Военный городок №220');
INSERT INTO public.militarycity (idmilitarycity, namemilitarycity) VALUES (221, 'Военный городок №221');
INSERT INTO public.militarycity (idmilitarycity, namemilitarycity) VALUES (222, 'Военный городок №222');
INSERT INTO public.militarycity (idmilitarycity, namemilitarycity) VALUES (223, 'Военный городок №223');
INSERT INTO public.militarycity (idmilitarycity, namemilitarycity) VALUES (224, 'Военный городок №224');
INSERT INTO public.militarycity (idmilitarycity, namemilitarycity) VALUES (225, 'Военный городок №225');
INSERT INTO public.militarycity (idmilitarycity, namemilitarycity) VALUES (226, 'Военный городок №226');
INSERT INTO public.militarycity (idmilitarycity, namemilitarycity) VALUES (227, 'Военный городок №227');
INSERT INTO public.militarycity (idmilitarycity, namemilitarycity) VALUES (228, 'Военный городок №228');
INSERT INTO public.militarycity (idmilitarycity, namemilitarycity) VALUES (229, 'Военный городок №229');
INSERT INTO public.militarycity (idmilitarycity, namemilitarycity) VALUES (230, 'Военный городок №230');
INSERT INTO public.militarycity (idmilitarycity, namemilitarycity) VALUES (231, 'Военный городок №231');
INSERT INTO public.militarycity (idmilitarycity, namemilitarycity) VALUES (232, 'Военный городок №232');
INSERT INTO public.militarycity (idmilitarycity, namemilitarycity) VALUES (233, 'Военный городок №233');
INSERT INTO public.militarycity (idmilitarycity, namemilitarycity) VALUES (234, 'Военный городок №234');
INSERT INTO public.militarycity (idmilitarycity, namemilitarycity) VALUES (235, 'Военный городок №235');
INSERT INTO public.militarycity (idmilitarycity, namemilitarycity) VALUES (236, 'Военный городок №236');
INSERT INTO public.militarycity (idmilitarycity, namemilitarycity) VALUES (237, 'Военный городок №237');
INSERT INTO public.militarycity (idmilitarycity, namemilitarycity) VALUES (238, 'Военный городок №238');
INSERT INTO public.militarycity (idmilitarycity, namemilitarycity) VALUES (239, 'Военный городок №239');
INSERT INTO public.militarycity (idmilitarycity, namemilitarycity) VALUES (240, 'Военный городок №240');
INSERT INTO public.militarycity (idmilitarycity, namemilitarycity) VALUES (241, 'Военный городок №241');
INSERT INTO public.militarycity (idmilitarycity, namemilitarycity) VALUES (242, 'Военный городок №242');
INSERT INTO public.militarycity (idmilitarycity, namemilitarycity) VALUES (243, 'Военный городок №243');
INSERT INTO public.militarycity (idmilitarycity, namemilitarycity) VALUES (244, 'Военный городок №244');
INSERT INTO public.militarycity (idmilitarycity, namemilitarycity) VALUES (245, 'Военный городок №245');
INSERT INTO public.militarycity (idmilitarycity, namemilitarycity) VALUES (246, 'Военный городок №246');
INSERT INTO public.militarycity (idmilitarycity, namemilitarycity) VALUES (247, 'Военный городок №247');
INSERT INTO public.militarycity (idmilitarycity, namemilitarycity) VALUES (248, 'Военный городок №248');
INSERT INTO public.militarycity (idmilitarycity, namemilitarycity) VALUES (249, 'Военный городок №249');
INSERT INTO public.militarycity (idmilitarycity, namemilitarycity) VALUES (250, 'Военный городок №250');
INSERT INTO public.militarycity (idmilitarycity, namemilitarycity) VALUES (251, 'Военный городок №251');
INSERT INTO public.militarycity (idmilitarycity, namemilitarycity) VALUES (252, 'Военный городок №252');
INSERT INTO public.militarycity (idmilitarycity, namemilitarycity) VALUES (253, 'Военный городок №253');
INSERT INTO public.militarycity (idmilitarycity, namemilitarycity) VALUES (254, 'Военный городок №254');
INSERT INTO public.militarycity (idmilitarycity, namemilitarycity) VALUES (255, 'Военный городок №255');
INSERT INTO public.militarycity (idmilitarycity, namemilitarycity) VALUES (256, 'Военный городок №256');
INSERT INTO public.militarycity (idmilitarycity, namemilitarycity) VALUES (257, 'Военный городок №257');
INSERT INTO public.militarycity (idmilitarycity, namemilitarycity) VALUES (258, 'Военный городок №258');
INSERT INTO public.militarycity (idmilitarycity, namemilitarycity) VALUES (259, 'Военный городок №259');
INSERT INTO public.militarycity (idmilitarycity, namemilitarycity) VALUES (260, 'Военный городок №260');
INSERT INTO public.militarycity (idmilitarycity, namemilitarycity) VALUES (261, 'Военный городок №261');
INSERT INTO public.militarycity (idmilitarycity, namemilitarycity) VALUES (262, 'Военный городок №262');
INSERT INTO public.militarycity (idmilitarycity, namemilitarycity) VALUES (263, 'Военный городок №263');
INSERT INTO public.militarycity (idmilitarycity, namemilitarycity) VALUES (264, 'Военный городок №264');
INSERT INTO public.militarycity (idmilitarycity, namemilitarycity) VALUES (265, 'Военный городок №265');
INSERT INTO public.militarycity (idmilitarycity, namemilitarycity) VALUES (266, 'Военный городок №266');
INSERT INTO public.militarycity (idmilitarycity, namemilitarycity) VALUES (267, 'Военный городок №267');
INSERT INTO public.militarycity (idmilitarycity, namemilitarycity) VALUES (268, 'Военный городок №268');
INSERT INTO public.militarycity (idmilitarycity, namemilitarycity) VALUES (269, 'Военный городок №269');
INSERT INTO public.militarycity (idmilitarycity, namemilitarycity) VALUES (270, 'Военный городок №270');
INSERT INTO public.militarycity (idmilitarycity, namemilitarycity) VALUES (271, 'Военный городок №271');
INSERT INTO public.militarycity (idmilitarycity, namemilitarycity) VALUES (272, 'Военный городок №272');
INSERT INTO public.militarycity (idmilitarycity, namemilitarycity) VALUES (273, 'Военный городок №273');
INSERT INTO public.militarycity (idmilitarycity, namemilitarycity) VALUES (274, 'Военный городок №274');
INSERT INTO public.militarycity (idmilitarycity, namemilitarycity) VALUES (275, 'Военный городок №275');
INSERT INTO public.militarycity (idmilitarycity, namemilitarycity) VALUES (276, 'Военный городок №276');
INSERT INTO public.militarycity (idmilitarycity, namemilitarycity) VALUES (277, 'Военный городок №277');
INSERT INTO public.militarycity (idmilitarycity, namemilitarycity) VALUES (278, 'Военный городок №278');
INSERT INTO public.militarycity (idmilitarycity, namemilitarycity) VALUES (279, 'Военный городок №279');
INSERT INTO public.militarycity (idmilitarycity, namemilitarycity) VALUES (280, 'Военный городок №280');
INSERT INTO public.militarycity (idmilitarycity, namemilitarycity) VALUES (281, 'Военный городок №281');
INSERT INTO public.militarycity (idmilitarycity, namemilitarycity) VALUES (282, 'Военный городок №282');
INSERT INTO public.militarycity (idmilitarycity, namemilitarycity) VALUES (283, 'Военный городок №283');
INSERT INTO public.militarycity (idmilitarycity, namemilitarycity) VALUES (284, 'Военный городок №284');
INSERT INTO public.militarycity (idmilitarycity, namemilitarycity) VALUES (285, 'Военный городок №285');
INSERT INTO public.militarycity (idmilitarycity, namemilitarycity) VALUES (286, 'Военный городок №286');
INSERT INTO public.militarycity (idmilitarycity, namemilitarycity) VALUES (287, 'Военный городок №287');
INSERT INTO public.militarycity (idmilitarycity, namemilitarycity) VALUES (288, 'Военный городок №288');
INSERT INTO public.militarycity (idmilitarycity, namemilitarycity) VALUES (289, 'Военный городок №289');
INSERT INTO public.militarycity (idmilitarycity, namemilitarycity) VALUES (290, 'Военный городок №290');
INSERT INTO public.militarycity (idmilitarycity, namemilitarycity) VALUES (291, 'Военный городок №291');
INSERT INTO public.militarycity (idmilitarycity, namemilitarycity) VALUES (292, 'Военный городок №292');
INSERT INTO public.militarycity (idmilitarycity, namemilitarycity) VALUES (293, 'Военный городок №293');
INSERT INTO public.militarycity (idmilitarycity, namemilitarycity) VALUES (294, 'Военный городок №294');
INSERT INTO public.militarycity (idmilitarycity, namemilitarycity) VALUES (295, 'Военный городок №295');
INSERT INTO public.militarycity (idmilitarycity, namemilitarycity) VALUES (296, 'Военный городок №296');
INSERT INTO public.militarycity (idmilitarycity, namemilitarycity) VALUES (297, 'Военный городок №297');
INSERT INTO public.militarycity (idmilitarycity, namemilitarycity) VALUES (298, 'Военный городок №298');
INSERT INTO public.militarycity (idmilitarycity, namemilitarycity) VALUES (299, 'Военный городок №299');
INSERT INTO public.militarycity (idmilitarycity, namemilitarycity) VALUES (300, 'Военный городок №300');
INSERT INTO public.militarycity (idmilitarycity, namemilitarycity) VALUES (301, 'Военный городок №301');
INSERT INTO public.militarycity (idmilitarycity, namemilitarycity) VALUES (302, 'Военный городок №302');
INSERT INTO public.militarycity (idmilitarycity, namemilitarycity) VALUES (303, 'Военный городок №303');
INSERT INTO public.militarycity (idmilitarycity, namemilitarycity) VALUES (304, 'Военный городок №304');
INSERT INTO public.militarycity (idmilitarycity, namemilitarycity) VALUES (305, 'Военный городок №305');
INSERT INTO public.militarycity (idmilitarycity, namemilitarycity) VALUES (306, 'Военный городок №306');
INSERT INTO public.militarycity (idmilitarycity, namemilitarycity) VALUES (307, 'Военный городок №307');
INSERT INTO public.militarycity (idmilitarycity, namemilitarycity) VALUES (308, 'Военный городок №308');
INSERT INTO public.militarycity (idmilitarycity, namemilitarycity) VALUES (309, 'Военный городок №309');
INSERT INTO public.militarycity (idmilitarycity, namemilitarycity) VALUES (310, 'Военный городок №310');
INSERT INTO public.militarycity (idmilitarycity, namemilitarycity) VALUES (311, 'Военный городок №311');
INSERT INTO public.militarycity (idmilitarycity, namemilitarycity) VALUES (312, 'Военный городок №312');
INSERT INTO public.militarycity (idmilitarycity, namemilitarycity) VALUES (313, 'Военный городок №313');
INSERT INTO public.militarycity (idmilitarycity, namemilitarycity) VALUES (314, 'Военный городок №314');
INSERT INTO public.militarycity (idmilitarycity, namemilitarycity) VALUES (315, 'Военный городок №315');
INSERT INTO public.militarycity (idmilitarycity, namemilitarycity) VALUES (316, 'Военный городок №316');
INSERT INTO public.militarycity (idmilitarycity, namemilitarycity) VALUES (317, 'Военный городок №317');
INSERT INTO public.militarycity (idmilitarycity, namemilitarycity) VALUES (318, 'Военный городок №318');
INSERT INTO public.militarycity (idmilitarycity, namemilitarycity) VALUES (319, 'Военный городок №319');
INSERT INTO public.militarycity (idmilitarycity, namemilitarycity) VALUES (320, 'Военный городок №320');
INSERT INTO public.militarycity (idmilitarycity, namemilitarycity) VALUES (321, 'Военный городок №321');
INSERT INTO public.militarycity (idmilitarycity, namemilitarycity) VALUES (322, 'Военный городок №322');
INSERT INTO public.militarycity (idmilitarycity, namemilitarycity) VALUES (323, 'Военный городок №323');
INSERT INTO public.militarycity (idmilitarycity, namemilitarycity) VALUES (324, 'Военный городок №324');
INSERT INTO public.militarycity (idmilitarycity, namemilitarycity) VALUES (325, 'Военный городок №325');
INSERT INTO public.militarycity (idmilitarycity, namemilitarycity) VALUES (326, 'Военный городок №326');
INSERT INTO public.militarycity (idmilitarycity, namemilitarycity) VALUES (327, 'Военный городок №327');
INSERT INTO public.militarycity (idmilitarycity, namemilitarycity) VALUES (328, 'Военный городок №328');
INSERT INTO public.militarycity (idmilitarycity, namemilitarycity) VALUES (329, 'Военный городок №329');
INSERT INTO public.militarycity (idmilitarycity, namemilitarycity) VALUES (330, 'Военный городок №330');
INSERT INTO public.militarycity (idmilitarycity, namemilitarycity) VALUES (331, 'Военный городок №331');
INSERT INTO public.militarycity (idmilitarycity, namemilitarycity) VALUES (332, 'Военный городок №332');
INSERT INTO public.militarycity (idmilitarycity, namemilitarycity) VALUES (333, 'Военный городок №333');
INSERT INTO public.militarycity (idmilitarycity, namemilitarycity) VALUES (334, 'Военный городок №334');
INSERT INTO public.militarycity (idmilitarycity, namemilitarycity) VALUES (335, 'Военный городок №335');
INSERT INTO public.militarycity (idmilitarycity, namemilitarycity) VALUES (336, 'Военный городок №336');
INSERT INTO public.militarycity (idmilitarycity, namemilitarycity) VALUES (337, 'Военный городок №337');
INSERT INTO public.militarycity (idmilitarycity, namemilitarycity) VALUES (338, 'Военный городок №338');
INSERT INTO public.militarycity (idmilitarycity, namemilitarycity) VALUES (339, 'Военный городок №339');
INSERT INTO public.militarycity (idmilitarycity, namemilitarycity) VALUES (340, 'Военный городок №340');
INSERT INTO public.militarycity (idmilitarycity, namemilitarycity) VALUES (341, 'Военный городок №341');
INSERT INTO public.militarycity (idmilitarycity, namemilitarycity) VALUES (342, 'Военный городок №342');
INSERT INTO public.militarycity (idmilitarycity, namemilitarycity) VALUES (343, 'Военный городок №343');
INSERT INTO public.militarycity (idmilitarycity, namemilitarycity) VALUES (344, 'Военный городок №344');
INSERT INTO public.militarycity (idmilitarycity, namemilitarycity) VALUES (345, 'Военный городок №345');
INSERT INTO public.militarycity (idmilitarycity, namemilitarycity) VALUES (346, 'Военный городок №346');
INSERT INTO public.militarycity (idmilitarycity, namemilitarycity) VALUES (347, 'Военный городок №347');
INSERT INTO public.militarycity (idmilitarycity, namemilitarycity) VALUES (348, 'Военный городок №348');
INSERT INTO public.militarycity (idmilitarycity, namemilitarycity) VALUES (349, 'Военный городок №349');
INSERT INTO public.militarycity (idmilitarycity, namemilitarycity) VALUES (350, 'Военный городок №350');
INSERT INTO public.militarycity (idmilitarycity, namemilitarycity) VALUES (351, 'Военный городок №351');
INSERT INTO public.militarycity (idmilitarycity, namemilitarycity) VALUES (352, 'Военный городок №352');
INSERT INTO public.militarycity (idmilitarycity, namemilitarycity) VALUES (353, 'Военный городок №353');
INSERT INTO public.militarycity (idmilitarycity, namemilitarycity) VALUES (354, 'Военный городок №354');
INSERT INTO public.militarycity (idmilitarycity, namemilitarycity) VALUES (355, 'Военный городок №355');
INSERT INTO public.militarycity (idmilitarycity, namemilitarycity) VALUES (356, 'Военный городок №356');
INSERT INTO public.militarycity (idmilitarycity, namemilitarycity) VALUES (357, 'Военный городок №357');
INSERT INTO public.militarycity (idmilitarycity, namemilitarycity) VALUES (358, 'Военный городок №358');
INSERT INTO public.militarycity (idmilitarycity, namemilitarycity) VALUES (359, 'Военный городок №359');
INSERT INTO public.militarycity (idmilitarycity, namemilitarycity) VALUES (360, 'Военный городок №360');
INSERT INTO public.militarycity (idmilitarycity, namemilitarycity) VALUES (361, 'Военный городок №361');
INSERT INTO public.militarycity (idmilitarycity, namemilitarycity) VALUES (362, 'Военный городок №362');
INSERT INTO public.militarycity (idmilitarycity, namemilitarycity) VALUES (363, 'Военный городок №363');
INSERT INTO public.militarycity (idmilitarycity, namemilitarycity) VALUES (364, 'Военный городок №364');
INSERT INTO public.militarycity (idmilitarycity, namemilitarycity) VALUES (365, 'Военный городок №365');
INSERT INTO public.militarycity (idmilitarycity, namemilitarycity) VALUES (366, 'Военный городок №366');
INSERT INTO public.militarycity (idmilitarycity, namemilitarycity) VALUES (367, 'Военный городок №367');INSERT INTO public.military_unit ("idMU", "pidMU", "vChNumber", "idNameMU", "idPurpose", "idMilitaryCity", "idSortAF", "idCombatArm", "codeNameMU") VALUES (11010000, 11000000, null, 107, 110, 1, 'В0', 'В00', null);
INSERT INTO public.military_unit ("idMU", "pidMU", "vChNumber", "idNameMU", "idPurpose", "idMilitaryCity", "idSortAF", "idCombatArm", "codeNameMU") VALUES (11030000, 11000000, null, 108, 110, 1, 'В0', 'В00', null);
INSERT INTO public.military_unit ("idMU", "pidMU", "vChNumber", "idNameMU", "idPurpose", "idMilitaryCity", "idSortAF", "idCombatArm", "codeNameMU") VALUES (11040000, 11000000, null, 120, 110, 1, 'В0', 'В00', null);
INSERT INTO public.military_unit ("idMU", "pidMU", "vChNumber", "idNameMU", "idPurpose", "idMilitaryCity", "idSortAF", "idCombatArm", "codeNameMU") VALUES (11050000, 11000000, null, 198, 110, 1, 'А0', 'А00', null);
INSERT INTO public.military_unit ("idMU", "pidMU", "vChNumber", "idNameMU", "idPurpose", "idMilitaryCity", "idSortAF", "idCombatArm", "codeNameMU") VALUES (11060000, 11000000, null, 141, 110, 1, 'В0', 'В00', null);
INSERT INTO public.military_unit ("idMU", "pidMU", "vChNumber", "idNameMU", "idPurpose", "idMilitaryCity", "idSortAF", "idCombatArm", "codeNameMU") VALUES (11070000, 11000000, null, 103, 110, 3, 'В0', 'В00', null);
INSERT INTO public.military_unit ("idMU", "pidMU", "vChNumber", "idNameMU", "idPurpose", "idMilitaryCity", "idSortAF", "idCombatArm", "codeNameMU") VALUES (11080000, 11000000, null, 104, 110, 1, 'В0', 'В00', null);
INSERT INTO public.military_unit ("idMU", "pidMU", "vChNumber", "idNameMU", "idPurpose", "idMilitaryCity", "idSortAF", "idCombatArm", "codeNameMU") VALUES (11090000, 11000000, null, 144, 110, 1, 'В0', 'В00', null);
INSERT INTO public.military_unit ("idMU", "pidMU", "vChNumber", "idNameMU", "idPurpose", "idMilitaryCity", "idSortAF", "idCombatArm", "codeNameMU") VALUES (11100000, 11000000, null, 124, 110, 1, 'В0', 'В00', null);
INSERT INTO public.military_unit ("idMU", "pidMU", "vChNumber", "idNameMU", "idPurpose", "idMilitaryCity", "idSortAF", "idCombatArm", "codeNameMU") VALUES (11110000, 11000000, null, 205, 110, 1, 'В0', 'В00', null);
INSERT INTO public.military_unit ("idMU", "pidMU", "vChNumber", "idNameMU", "idPurpose", "idMilitaryCity", "idSortAF", "idCombatArm", "codeNameMU") VALUES (12000000, 10000000, null, 111, 110, 1, 'А0', 'А00', null);
INSERT INTO public.military_unit ("idMU", "pidMU", "vChNumber", "idNameMU", "idPurpose", "idMilitaryCity", "idSortAF", "idCombatArm", "codeNameMU") VALUES (13000000, 10000000, null, 112, 110, 1, 'А0', 'А00', null);
INSERT INTO public.military_unit ("idMU", "pidMU", "vChNumber", "idNameMU", "idPurpose", "idMilitaryCity", "idSortAF", "idCombatArm", "codeNameMU") VALUES (14000000, 10000000, null, 115, 110, 4, 'А0', 'А00', null);
INSERT INTO public.military_unit ("idMU", "pidMU", "vChNumber", "idNameMU", "idPurpose", "idMilitaryCity", "idSortAF", "idCombatArm", "codeNameMU") VALUES (15000000, 10000000, null, 119, 110, 5, 'А0', 'А00', null);
INSERT INTO public.military_unit ("idMU", "pidMU", "vChNumber", "idNameMU", "idPurpose", "idMilitaryCity", "idSortAF", "idCombatArm", "codeNameMU") VALUES (16000000, 10000000, null, 116, 110, 6, 'А0', 'А00', null);
INSERT INTO public.military_unit ("idMU", "pidMU", "vChNumber", "idNameMU", "idPurpose", "idMilitaryCity", "idSortAF", "idCombatArm", "codeNameMU") VALUES (17000000, 10000000, null, 113, 110, 1, 'А0', 'А00', null);
INSERT INTO public.military_unit ("idMU", "pidMU", "vChNumber", "idNameMU", "idPurpose", "idMilitaryCity", "idSortAF", "idCombatArm", "codeNameMU") VALUES (18000000, 10000000, null, 105, 110, 1, 'А0', 'А00', null);
INSERT INTO public.military_unit ("idMU", "pidMU", "vChNumber", "idNameMU", "idPurpose", "idMilitaryCity", "idSortAF", "idCombatArm", "codeNameMU") VALUES (20000000, 10000000, null, 118, 110, 6, 'А0', 'А00', null);
INSERT INTO public.military_unit ("idMU", "pidMU", "vChNumber", "idNameMU", "idPurpose", "idMilitaryCity", "idSortAF", "idCombatArm", "codeNameMU") VALUES (21000000, 10000000, null, 106, 110, 7, 'А0', 'А00', null);
INSERT INTO public.military_unit ("idMU", "pidMU", "vChNumber", "idNameMU", "idPurpose", "idMilitaryCity", "idSortAF", "idCombatArm", "codeNameMU") VALUES (22000000, 10000000, null, 117, 110, 8, 'А0', 'А00', null);
INSERT INTO public.military_unit ("idMU", "pidMU", "vChNumber", "idNameMU", "idPurpose", "idMilitaryCity", "idSortAF", "idCombatArm", "codeNameMU") VALUES (23000000, 10000000, null, 306, 110, 6, 'А0', 'А00', null);
INSERT INTO public.military_unit ("idMU", "pidMU", "vChNumber", "idNameMU", "idPurpose", "idMilitaryCity", "idSortAF", "idCombatArm", "codeNameMU") VALUES (24000000, 10000000, null, 140, 110, 1, 'А0', 'А00', null);
INSERT INTO public.military_unit ("idMU", "pidMU", "vChNumber", "idNameMU", "idPurpose", "idMilitaryCity", "idSortAF", "idCombatArm", "codeNameMU") VALUES (24010000, 24000000, '111', 166, 340, 9, 'У0', 'НЖ0', '93154');
INSERT INTO public.military_unit ("idMU", "pidMU", "vChNumber", "idNameMU", "idPurpose", "idMilitaryCity", "idSortAF", "idCombatArm", "codeNameMU") VALUES (24020000, 24000000, '112', 179, 340, 10, 'У0', 'НЖ0', '52553');
INSERT INTO public.military_unit ("idMU", "pidMU", "vChNumber", "idNameMU", "idPurpose", "idMilitaryCity", "idSortAF", "idCombatArm", "codeNameMU") VALUES (24030000, 24000000, '113', 184, 340, 11, 'У0', 'НЖ0', '63975');
INSERT INTO public.military_unit ("idMU", "pidMU", "vChNumber", "idNameMU", "idPurpose", "idMilitaryCity", "idSortAF", "idCombatArm", "codeNameMU") VALUES (24040000, 24000000, '114', 184, 340, 10, 'У0', 'НЖ0', '82484');
INSERT INTO public.military_unit ("idMU", "pidMU", "vChNumber", "idNameMU", "idPurpose", "idMilitaryCity", "idSortAF", "idCombatArm", "codeNameMU") VALUES (24050000, 24000000, '115', 184, 340, 11, 'У0', 'НЖ0', '65656');
INSERT INTO public.military_unit ("idMU", "pidMU", "vChNumber", "idNameMU", "idPurpose", "idMilitaryCity", "idSortAF", "idCombatArm", "codeNameMU") VALUES (25000000, 10000000, null, 142, 110, 1, 'А0', 'А00', null);
INSERT INTO public.military_unit ("idMU", "pidMU", "vChNumber", "idNameMU", "idPurpose", "idMilitaryCity", "idSortAF", "idCombatArm", "codeNameMU") VALUES (25010000, 25000000, '222', 169, 340, 12, 'У0', 'НД0', '96957');
INSERT INTO public.military_unit ("idMU", "pidMU", "vChNumber", "idNameMU", "idPurpose", "idMilitaryCity", "idSortAF", "idCombatArm", "codeNameMU") VALUES (25020000, 25000000, '223', 289, 340, 13, 'У0', 'НД0', '32405');
INSERT INTO public.military_unit ("idMU", "pidMU", "vChNumber", "idNameMU", "idPurpose", "idMilitaryCity", "idSortAF", "idCombatArm", "codeNameMU") VALUES (25030000, 25000000, '224', 169, 340, 12, 'У0', 'НД0', '35690');
INSERT INTO public.military_unit ("idMU", "pidMU", "vChNumber", "idNameMU", "idPurpose", "idMilitaryCity", "idSortAF", "idCombatArm", "codeNameMU") VALUES (25040000, 25000000, '225', 289, 340, 13, 'У0', 'НД0', '14829');
INSERT INTO public.military_unit ("idMU", "pidMU", "vChNumber", "idNameMU", "idPurpose", "idMilitaryCity", "idSortAF", "idCombatArm", "codeNameMU") VALUES (26000000, 10000000, null, 148, 110, 14, 'А0', 'А00', null);
INSERT INTO public.military_unit ("idMU", "pidMU", "vChNumber", "idNameMU", "idPurpose", "idMilitaryCity", "idSortAF", "idCombatArm", "codeNameMU") VALUES (28000000, 10000000, null, 149, 110, 1, 'А0', 'А00', null);
INSERT INTO public.military_unit ("idMU", "pidMU", "vChNumber", "idNameMU", "idPurpose", "idMilitaryCity", "idSortAF", "idCombatArm", "codeNameMU") VALUES (29000000, 10000000, null, 127, 110, 1, 'А0', 'А00', null);
INSERT INTO public.military_unit ("idMU", "pidMU", "vChNumber", "idNameMU", "idPurpose", "idMilitaryCity", "idSortAF", "idCombatArm", "codeNameMU") VALUES (30000000, 10000000, null, 130, 110, 1, 'А0', 'А00', null);
INSERT INTO public.military_unit ("idMU", "pidMU", "vChNumber", "idNameMU", "idPurpose", "idMilitaryCity", "idSortAF", "idCombatArm", "codeNameMU") VALUES (31000000, 10000000, null, 138, 110, 1, 'А0', 'А00', null);
INSERT INTO public.military_unit ("idMU", "pidMU", "vChNumber", "idNameMU", "idPurpose", "idMilitaryCity", "idSortAF", "idCombatArm", "codeNameMU") VALUES (32000000, 10000000, null, 137, 110, 6, 'А0', 'А00', null);
INSERT INTO public.military_unit ("idMU", "pidMU", "vChNumber", "idNameMU", "idPurpose", "idMilitaryCity", "idSortAF", "idCombatArm", "codeNameMU") VALUES (33000000, 10000000, null, 128, 110, 15, 'А0', 'А00', null);
INSERT INTO public.military_unit ("idMU", "pidMU", "vChNumber", "idNameMU", "idPurpose", "idMilitaryCity", "idSortAF", "idCombatArm", "codeNameMU") VALUES (34000000, 10000000, null, 131, 110, 1, 'А0', 'А00', null);
INSERT INTO public.military_unit ("idMU", "pidMU", "vChNumber", "idNameMU", "idPurpose", "idMilitaryCity", "idSortAF", "idCombatArm", "codeNameMU") VALUES (35000000, 10000000, null, 146, 110, 1, 'А0', 'А00', null);
INSERT INTO public.military_unit ("idMU", "pidMU", "vChNumber", "idNameMU", "idPurpose", "idMilitaryCity", "idSortAF", "idCombatArm", "codeNameMU") VALUES (36000000, 10000000, null, 136, 110, 16, 'А0', 'А00', null);
INSERT INTO public.military_unit ("idMU", "pidMU", "vChNumber", "idNameMU", "idPurpose", "idMilitaryCity", "idSortAF", "idCombatArm", "codeNameMU") VALUES (37000000, 10000000, null, 122, 110, 1, 'А0', 'А00', null);
INSERT INTO public.military_unit ("idMU", "pidMU", "vChNumber", "idNameMU", "idPurpose", "idMilitaryCity", "idSortAF", "idCombatArm", "codeNameMU") VALUES (38000000, 10000000, null, 139, 110, 6, 'А0', 'А00', null);
INSERT INTO public.military_unit ("idMU", "pidMU", "vChNumber", "idNameMU", "idPurpose", "idMilitaryCity", "idSortAF", "idCombatArm", "codeNameMU") VALUES (39000000, 10000000, null, 121, 110, 1, 'А0', 'А00', null);
INSERT INTO public.military_unit ("idMU", "pidMU", "vChNumber", "idNameMU", "idPurpose", "idMilitaryCity", "idSortAF", "idCombatArm", "codeNameMU") VALUES (40000000, 10000000, null, 134, 110, 17, 'А0', 'А00', null);
INSERT INTO public.military_unit ("idMU", "pidMU", "vChNumber", "idNameMU", "idPurpose", "idMilitaryCity", "idSortAF", "idCombatArm", "codeNameMU") VALUES (41000000, 10000000, null, 145, 110, 14, 'А0', 'А00', null);
INSERT INTO public.military_unit ("idMU", "pidMU", "vChNumber", "idNameMU", "idPurpose", "idMilitaryCity", "idSortAF", "idCombatArm", "codeNameMU") VALUES (42000000, 10000000, null, 126, 110, 14, 'А0', 'А00', null);
INSERT INTO public.military_unit ("idMU", "pidMU", "vChNumber", "idNameMU", "idPurpose", "idMilitaryCity", "idSortAF", "idCombatArm", "codeNameMU") VALUES (43000000, 10000000, null, 133, 110, 1, 'А0', 'А00', null);
INSERT INTO public.military_unit ("idMU", "pidMU", "vChNumber", "idNameMU", "idPurpose", "idMilitaryCity", "idSortAF", "idCombatArm", "codeNameMU") VALUES (45000000, 10000000, null, 244, 110, 6, 'А0', 'А00', null);
INSERT INTO public.military_unit ("idMU", "pidMU", "vChNumber", "idNameMU", "idPurpose", "idMilitaryCity", "idSortAF", "idCombatArm", "codeNameMU") VALUES (46000000, 10000000, null, 231, 110, 6, 'А0', 'А00', null);
INSERT INTO public.military_unit ("idMU", "pidMU", "vChNumber", "idNameMU", "idPurpose", "idMilitaryCity", "idSortAF", "idCombatArm", "codeNameMU") VALUES (47000000, 10000000, null, 230, 110, 1, 'В0', 'В00', null);
INSERT INTO public.military_unit ("idMU", "pidMU", "vChNumber", "idNameMU", "idPurpose", "idMilitaryCity", "idSortAF", "idCombatArm", "codeNameMU") VALUES (48000000, 10000000, null, 102, 110, 18, 'А0', 'А00', null);
INSERT INTO public.military_unit ("idMU", "pidMU", "vChNumber", "idNameMU", "idPurpose", "idMilitaryCity", "idSortAF", "idCombatArm", "codeNameMU") VALUES (49000000, 10000000, null, 219, 110, 18, 'А0', 'А00', null);
INSERT INTO public.military_unit ("idMU", "pidMU", "vChNumber", "idNameMU", "idPurpose", "idMilitaryCity", "idSortAF", "idCombatArm", "codeNameMU") VALUES (50000000, 10000000, null, 225, 110, 6, 'А0', 'А00', null);
INSERT INTO public.military_unit ("idMU", "pidMU", "vChNumber", "idNameMU", "idPurpose", "idMilitaryCity", "idSortAF", "idCombatArm", "codeNameMU") VALUES (51000000, 10000000, null, 217, 110, 14, 'А0', 'А00', null);
INSERT INTO public.military_unit ("idMU", "pidMU", "vChNumber", "idNameMU", "idPurpose", "idMilitaryCity", "idSortAF", "idCombatArm", "codeNameMU") VALUES (52000000, 10000000, null, 214, 110, 19, 'А0', 'А00', null);
INSERT INTO public.military_unit ("idMU", "pidMU", "vChNumber", "idNameMU", "idPurpose", "idMilitaryCity", "idSortAF", "idCombatArm", "codeNameMU") VALUES (53000000, 10000000, null, 215, 110, 19, 'А0', 'А00', null);
INSERT INTO public.military_unit ("idMU", "pidMU", "vChNumber", "idNameMU", "idPurpose", "idMilitaryCity", "idSortAF", "idCombatArm", "codeNameMU") VALUES (54000000, 10000000, null, 221, 110, 20, 'А0', 'А00', null);
INSERT INTO public.military_unit ("idMU", "pidMU", "vChNumber", "idNameMU", "idPurpose", "idMilitaryCity", "idSortAF", "idCombatArm", "codeNameMU") VALUES (55000000, 10000000, null, 222, 110, 19, 'А0', 'А00', null);
INSERT INTO public.military_unit ("idMU", "pidMU", "vChNumber", "idNameMU", "idPurpose", "idMilitaryCity", "idSortAF", "idCombatArm", "codeNameMU") VALUES (56000000, 10000000, null, 218, 110, 1, 'А0', 'А00', null);
INSERT INTO public.military_unit ("idMU", "pidMU", "vChNumber", "idNameMU", "idPurpose", "idMilitaryCity", "idSortAF", "idCombatArm", "codeNameMU") VALUES (57000000, 10000000, null, 224, 110, 21, 'А0', 'А00', null);
INSERT INTO public.military_unit ("idMU", "pidMU", "vChNumber", "idNameMU", "idPurpose", "idMilitaryCity", "idSortAF", "idCombatArm", "codeNameMU") VALUES (58000000, 10000000, null, 226, 110, 22, 'А0', 'А00', null);
INSERT INTO public.military_unit ("idMU", "pidMU", "vChNumber", "idNameMU", "idPurpose", "idMilitaryCity", "idSortAF", "idCombatArm", "codeNameMU") VALUES (59000000, 10000000, null, 227, 110, 22, 'А0', 'А00', null);
INSERT INTO public.military_unit ("idMU", "pidMU", "vChNumber", "idNameMU", "idPurpose", "idMilitaryCity", "idSortAF", "idCombatArm", "codeNameMU") VALUES (60000000, 10000000, null, 228, 110, 1, 'А0', 'А00', null);
INSERT INTO public.military_unit ("idMU", "pidMU", "vChNumber", "idNameMU", "idPurpose", "idMilitaryCity", "idSortAF", "idCombatArm", "codeNameMU") VALUES (62000000, 10000000, null, 216, 110, 24, 'А0', 'А00', null);
INSERT INTO public.military_unit ("idMU", "pidMU", "vChNumber", "idNameMU", "idPurpose", "idMilitaryCity", "idSortAF", "idCombatArm", "codeNameMU") VALUES (63000000, 10000000, null, 223, 110, 24, 'А0', 'А00', null);
INSERT INTO public.military_unit ("idMU", "pidMU", "vChNumber", "idNameMU", "idPurpose", "idMilitaryCity", "idSortAF", "idCombatArm", "codeNameMU") VALUES (64000000, 10000000, null, 212, 110, 25, 'А0', 'А00', null);
INSERT INTO public.military_unit ("idMU", "pidMU", "vChNumber", "idNameMU", "idPurpose", "idMilitaryCity", "idSortAF", "idCombatArm", "codeNameMU") VALUES (65000000, 10000000, null, 220, 110, 1, 'А0', 'А00', null);
INSERT INTO public.military_unit ("idMU", "pidMU", "vChNumber", "idNameMU", "idPurpose", "idMilitaryCity", "idSortAF", "idCombatArm", "codeNameMU") VALUES (66000000, 10000000, null, 209, 110, 1, 'В0', 'В00', null);
INSERT INTO public.military_unit ("idMU", "pidMU", "vChNumber", "idNameMU", "idPurpose", "idMilitaryCity", "idSortAF", "idCombatArm", "codeNameMU") VALUES (67000000, 10000000, null, 207, 110, 26, 'А0', 'А00', null);
INSERT INTO public.military_unit ("idMU", "pidMU", "vChNumber", "idNameMU", "idPurpose", "idMilitaryCity", "idSortAF", "idCombatArm", "codeNameMU") VALUES (68000000, 10000000, null, 206, 110, 26, 'А0', 'А00', null);
INSERT INTO public.military_unit ("idMU", "pidMU", "vChNumber", "idNameMU", "idPurpose", "idMilitaryCity", "idSortAF", "idCombatArm", "codeNameMU") VALUES (69000000, 10000000, null, 210, 110, 26, 'А0', 'А00', null);
INSERT INTO public.military_unit ("idMU", "pidMU", "vChNumber", "idNameMU", "idPurpose", "idMilitaryCity", "idSortAF", "idCombatArm", "codeNameMU") VALUES (70000000, 10000000, null, 208, 110, 1, 'А0', 'А00', null);
INSERT INTO public.military_unit ("idMU", "pidMU", "vChNumber", "idNameMU", "idPurpose", "idMilitaryCity", "idSortAF", "idCombatArm", "codeNameMU") VALUES (80000000, 10000000, null, 194, 111, 27, 'К0', 'К00', null);
INSERT INTO public.military_unit ("idMU", "pidMU", "vChNumber", "idNameMU", "idPurpose", "idMilitaryCity", "idSortAF", "idCombatArm", "codeNameMU") VALUES (80010100, 80000000, '45', 160, 330, 164, 'К0', 'ГА1', '32977');
INSERT INTO public.military_unit ("idMU", "pidMU", "vChNumber", "idNameMU", "idPurpose", "idMilitaryCity", "idSortAF", "idCombatArm", "codeNameMU") VALUES (80010200, 80010100, null, 132, 310, 164, 'К0', 'ГА1', null);
INSERT INTO public.military_unit ("idMU", "pidMU", "vChNumber", "idNameMU", "idPurpose", "idMilitaryCity", "idSortAF", "idCombatArm", "codeNameMU") VALUES (80010300, 80010100, '46', 178, 330, 165, 'К0', 'ГА1', '36355');
INSERT INTO public.military_unit ("idMU", "pidMU", "vChNumber", "idNameMU", "idPurpose", "idMilitaryCity", "idSortAF", "idCombatArm", "codeNameMU") VALUES (80010600, 80010100, '49', 180, 330, 166, 'К0', 'ГВ0', '54494');
INSERT INTO public.military_unit ("idMU", "pidMU", "vChNumber", "idNameMU", "idPurpose", "idMilitaryCity", "idSortAF", "idCombatArm", "codeNameMU") VALUES (80010700, 80010100, '50', 175, 330, 166, 'К0', 'ГЖ0', '63745');
INSERT INTO public.military_unit ("idMU", "pidMU", "vChNumber", "idNameMU", "idPurpose", "idMilitaryCity", "idSortAF", "idCombatArm", "codeNameMU") VALUES (80010800, 80010100, '51', 176, 330, 164, 'К0', 'ЕЖ1', '73770');
INSERT INTO public.military_unit ("idMU", "pidMU", "vChNumber", "idNameMU", "idPurpose", "idMilitaryCity", "idSortAF", "idCombatArm", "codeNameMU") VALUES (80011000, 80010100, '53', 189, 340, 164, 'К0', 'НА0', '31376');
INSERT INTO public.military_unit ("idMU", "pidMU", "vChNumber", "idNameMU", "idPurpose", "idMilitaryCity", "idSortAF", "idCombatArm", "codeNameMU") VALUES (80011100, 80010100, '54', 186, 340, 165, 'К0', 'НК0', '98349');
INSERT INTO public.military_unit ("idMU", "pidMU", "vChNumber", "idNameMU", "idPurpose", "idMilitaryCity", "idSortAF", "idCombatArm", "codeNameMU") VALUES (80011200, 80010100, '55', 187, 340, 164, 'К0', 'НД0', '80786');
INSERT INTO public.military_unit ("idMU", "pidMU", "vChNumber", "idNameMU", "idPurpose", "idMilitaryCity", "idSortAF", "idCombatArm", "codeNameMU") VALUES (80011300, 80010100, '56', 184, 340, 165, 'К0', 'НЖ0', '19745');
INSERT INTO public.military_unit ("idMU", "pidMU", "vChNumber", "idNameMU", "idPurpose", "idMilitaryCity", "idSortAF", "idCombatArm", "codeNameMU") VALUES (80011400, 80010100, '57', 185, 340, 166, 'К0', 'ЕП0', '75513');
INSERT INTO public.military_unit ("idMU", "pidMU", "vChNumber", "idNameMU", "idPurpose", "idMilitaryCity", "idSortAF", "idCombatArm", "codeNameMU") VALUES (80011500, 80010100, '58', 312, 333, 166, 'К0', 'Х00', '31488');
INSERT INTO public.military_unit ("idMU", "pidMU", "vChNumber", "idNameMU", "idPurpose", "idMilitaryCity", "idSortAF", "idCombatArm", "codeNameMU") VALUES (80011600, 80010100, '59', 313, 333, 165, 'К0', 'ТМ0', '85849');
INSERT INTO public.military_unit ("idMU", "pidMU", "vChNumber", "idNameMU", "idPurpose", "idMilitaryCity", "idSortAF", "idCombatArm", "codeNameMU") VALUES (80020000, 80000000, '12', 160, 330, 167, 'К0', 'ГА1', '70112');
INSERT INTO public.military_unit ("idMU", "pidMU", "vChNumber", "idNameMU", "idPurpose", "idMilitaryCity", "idSortAF", "idCombatArm", "codeNameMU") VALUES (80020100, 80020000, null, 132, 310, 167, 'К0', 'ГА1', null);
INSERT INTO public.military_unit ("idMU", "pidMU", "vChNumber", "idNameMU", "idPurpose", "idMilitaryCity", "idSortAF", "idCombatArm", "codeNameMU") VALUES (80020200, 80020000, '13', 178, 330, 168, 'К0', 'ГА1', '73643');
INSERT INTO public.military_unit ("idMU", "pidMU", "vChNumber", "idNameMU", "idPurpose", "idMilitaryCity", "idSortAF", "idCombatArm", "codeNameMU") VALUES (80020500, 80020000, '16', 180, 330, 171, 'К0', 'ГВ0', '68477');
INSERT INTO public.military_unit ("idMU", "pidMU", "vChNumber", "idNameMU", "idPurpose", "idMilitaryCity", "idSortAF", "idCombatArm", "codeNameMU") VALUES (80020600, 80020000, '17', 175, 330, 172, 'К0', 'ГЖ0', '67836');
INSERT INTO public.military_unit ("idMU", "pidMU", "vChNumber", "idNameMU", "idPurpose", "idMilitaryCity", "idSortAF", "idCombatArm", "codeNameMU") VALUES (80020700, 80020000, '18', 176, 330, 169, 'К0', 'ЕЖ1', '16933');
INSERT INTO public.military_unit ("idMU", "pidMU", "vChNumber", "idNameMU", "idPurpose", "idMilitaryCity", "idSortAF", "idCombatArm", "codeNameMU") VALUES (80020800, 80020000, '19', 190, 330, 168, 'К0', 'ГЖ0', '50441');
INSERT INTO public.military_unit ("idMU", "pidMU", "vChNumber", "idNameMU", "idPurpose", "idMilitaryCity", "idSortAF", "idCombatArm", "codeNameMU") VALUES (80020900, 80020000, '20', 189, 340, 170, 'К0', 'НА0', '94214');
INSERT INTO public.military_unit ("idMU", "pidMU", "vChNumber", "idNameMU", "idPurpose", "idMilitaryCity", "idSortAF", "idCombatArm", "codeNameMU") VALUES (80021000, 80020000, '21', 186, 340, 167, 'К0', 'НК0', '69341');
INSERT INTO public.military_unit ("idMU", "pidMU", "vChNumber", "idNameMU", "idPurpose", "idMilitaryCity", "idSortAF", "idCombatArm", "codeNameMU") VALUES (80010500, 80010100, '48', 178, 330, 164, 'К0', 'ГА1', '47643');
INSERT INTO public.military_unit ("idMU", "pidMU", "vChNumber", "idNameMU", "idPurpose", "idMilitaryCity", "idSortAF", "idCombatArm", "codeNameMU") VALUES (80021100, 80020000, '22', 187, 340, 170, 'К0', 'НД0', '30339');
INSERT INTO public.military_unit ("idMU", "pidMU", "vChNumber", "idNameMU", "idPurpose", "idMilitaryCity", "idSortAF", "idCombatArm", "codeNameMU") VALUES (80021200, 80020000, '23', 184, 340, 168, 'К0', 'НЖ0', '76559');
INSERT INTO public.military_unit ("idMU", "pidMU", "vChNumber", "idNameMU", "idPurpose", "idMilitaryCity", "idSortAF", "idCombatArm", "codeNameMU") VALUES (80021300, 80020000, '24', 185, 340, 172, 'К0', 'ЕП0', '79470');
INSERT INTO public.military_unit ("idMU", "pidMU", "vChNumber", "idNameMU", "idPurpose", "idMilitaryCity", "idSortAF", "idCombatArm", "codeNameMU") VALUES (80021400, 80020000, '25', 312, 333, 169, 'К0', 'Х00', '81282');
INSERT INTO public.military_unit ("idMU", "pidMU", "vChNumber", "idNameMU", "idPurpose", "idMilitaryCity", "idSortAF", "idCombatArm", "codeNameMU") VALUES (80021500, 80020000, '26', 313, 333, 171, 'К0', 'ТМ0', '95323');
INSERT INTO public.military_unit ("idMU", "pidMU", "vChNumber", "idNameMU", "idPurpose", "idMilitaryCity", "idSortAF", "idCombatArm", "codeNameMU") VALUES (80030000, 80000000, '123', 160, 330, 173, 'К0', 'ГА1', '57438');
INSERT INTO public.military_unit ("idMU", "pidMU", "vChNumber", "idNameMU", "idPurpose", "idMilitaryCity", "idSortAF", "idCombatArm", "codeNameMU") VALUES (80030100, 80030000, null, 132, 310, 173, 'К0', 'ГА1', null);
INSERT INTO public.military_unit ("idMU", "pidMU", "vChNumber", "idNameMU", "idPurpose", "idMilitaryCity", "idSortAF", "idCombatArm", "codeNameMU") VALUES (80030200, 80030000, '102', 178, 330, 174, 'К0', 'ГА1', '98466');
INSERT INTO public.military_unit ("idMU", "pidMU", "vChNumber", "idNameMU", "idPurpose", "idMilitaryCity", "idSortAF", "idCombatArm", "codeNameMU") VALUES (80030300, 80030000, '103', 178, 330, 175, 'К0', 'ГА1', '97643');
INSERT INTO public.military_unit ("idMU", "pidMU", "vChNumber", "idNameMU", "idPurpose", "idMilitaryCity", "idSortAF", "idCombatArm", "codeNameMU") VALUES (80030400, 80030000, '104', 178, 330, 176, 'К0', 'ГА1', '42090');
INSERT INTO public.military_unit ("idMU", "pidMU", "vChNumber", "idNameMU", "idPurpose", "idMilitaryCity", "idSortAF", "idCombatArm", "codeNameMU") VALUES (80030500, 80030000, '105', 180, 330, 177, 'К0', 'ГВ0', '22480');
INSERT INTO public.military_unit ("idMU", "pidMU", "vChNumber", "idNameMU", "idPurpose", "idMilitaryCity", "idSortAF", "idCombatArm", "codeNameMU") VALUES (80030600, 80030000, '106', 175, 330, 173, 'К0', 'ГЖ0', '65415');
INSERT INTO public.military_unit ("idMU", "pidMU", "vChNumber", "idNameMU", "idPurpose", "idMilitaryCity", "idSortAF", "idCombatArm", "codeNameMU") VALUES (80030900, 80030000, '109', 189, 340, 174, 'К0', 'НА0', '74693');
INSERT INTO public.military_unit ("idMU", "pidMU", "vChNumber", "idNameMU", "idPurpose", "idMilitaryCity", "idSortAF", "idCombatArm", "codeNameMU") VALUES (80031000, 80030000, '110', 186, 340, 177, 'К0', 'НК0', '17613');
INSERT INTO public.military_unit ("idMU", "pidMU", "vChNumber", "idNameMU", "idPurpose", "idMilitaryCity", "idSortAF", "idCombatArm", "codeNameMU") VALUES (80031100, 80030000, '111', 187, 340, 176, 'К0', 'НД0', '41178');
INSERT INTO public.military_unit ("idMU", "pidMU", "vChNumber", "idNameMU", "idPurpose", "idMilitaryCity", "idSortAF", "idCombatArm", "codeNameMU") VALUES (80031200, 80030000, '112', 184, 340, 174, 'К0', 'НЖ0', '71926');
INSERT INTO public.military_unit ("idMU", "pidMU", "vChNumber", "idNameMU", "idPurpose", "idMilitaryCity", "idSortAF", "idCombatArm", "codeNameMU") VALUES (80031300, 80030000, '113', 185, 340, 175, 'К0', 'ЕП0', '56205');
INSERT INTO public.military_unit ("idMU", "pidMU", "vChNumber", "idNameMU", "idPurpose", "idMilitaryCity", "idSortAF", "idCombatArm", "codeNameMU") VALUES (80031400, 80030000, '114', 312, 333, 176, 'К0', 'Х00', '96653');
INSERT INTO public.military_unit ("idMU", "pidMU", "vChNumber", "idNameMU", "idPurpose", "idMilitaryCity", "idSortAF", "idCombatArm", "codeNameMU") VALUES (80031500, 80030000, '115', 313, 333, 177, 'К0', 'ТМ0', '98032');
INSERT INTO public.military_unit ("idMU", "pidMU", "vChNumber", "idNameMU", "idPurpose", "idMilitaryCity", "idSortAF", "idCombatArm", "codeNameMU") VALUES (10000000, null, null, 100, 0, 1, 'А0', 'А00', null);
INSERT INTO public.military_unit ("idMU", "pidMU", "vChNumber", "idNameMU", "idPurpose", "idMilitaryCity", "idSortAF", "idCombatArm", "codeNameMU") VALUES (11000000, 10000000, null, 101, 0, 1, 'В0', 'В00', null);
INSERT INTO public.military_unit ("idMU", "pidMU", "vChNumber", "idNameMU", "idPurpose", "idMilitaryCity", "idSortAF", "idCombatArm", "codeNameMU") VALUES (81000000, 10000000, null, 192, 111, 34, 'П0', 'И00', null);
INSERT INTO public.military_unit ("idMU", "pidMU", "vChNumber", "idNameMU", "idPurpose", "idMilitaryCity", "idSortAF", "idCombatArm", "codeNameMU") VALUES (81010000, 81000000, '900', 254, 140, 32, 'П0', 'И00', '75679');
INSERT INTO public.military_unit ("idMU", "pidMU", "vChNumber", "idNameMU", "idPurpose", "idMilitaryCity", "idSortAF", "idCombatArm", "codeNameMU") VALUES (81010100, 81010000, null, 135, 140, 32, 'П0', 'И00', null);
INSERT INTO public.military_unit ("idMU", "pidMU", "vChNumber", "idNameMU", "idPurpose", "idMilitaryCity", "idSortAF", "idCombatArm", "codeNameMU") VALUES (81010200, 81010000, '901', 159, 330, 196, 'П0', 'ЕК0', '28242');
INSERT INTO public.military_unit ("idMU", "pidMU", "vChNumber", "idNameMU", "idPurpose", "idMilitaryCity", "idSortAF", "idCombatArm", "codeNameMU") VALUES (81010201, 81010200, null, 132, 310, 196, 'П0', 'ЕК0', null);
INSERT INTO public.military_unit ("idMU", "pidMU", "vChNumber", "idNameMU", "idPurpose", "idMilitaryCity", "idSortAF", "idCombatArm", "codeNameMU") VALUES (81010202, 81010200, '902', 252, 330, 197, 'П0', 'ЕК0', '66593');
INSERT INTO public.military_unit ("idMU", "pidMU", "vChNumber", "idNameMU", "idPurpose", "idMilitaryCity", "idSortAF", "idCombatArm", "codeNameMU") VALUES (81010203, 81010200, '903', 252, 330, 198, 'П0', 'ЕК0', '25201');
INSERT INTO public.military_unit ("idMU", "pidMU", "vChNumber", "idNameMU", "idPurpose", "idMilitaryCity", "idSortAF", "idCombatArm", "codeNameMU") VALUES (81010204, 81010200, '904', 252, 330, 199, 'П0', 'ЕК0', '76913');
INSERT INTO public.military_unit ("idMU", "pidMU", "vChNumber", "idNameMU", "idPurpose", "idMilitaryCity", "idSortAF", "idCombatArm", "codeNameMU") VALUES (81010205, 81010200, '905', 304, 330, 198, 'П0', 'ЕК0', '60245');
INSERT INTO public.military_unit ("idMU", "pidMU", "vChNumber", "idNameMU", "idPurpose", "idMilitaryCity", "idSortAF", "idCombatArm", "codeNameMU") VALUES (81010206, 81010200, '906', 305, 330, 197, 'П0', 'ЕК0', '57672');
INSERT INTO public.military_unit ("idMU", "pidMU", "vChNumber", "idNameMU", "idPurpose", "idMilitaryCity", "idSortAF", "idCombatArm", "codeNameMU") VALUES (81010207, 81010200, '907', 186, 340, 196, 'П0', 'ЕК0', '17010');
INSERT INTO public.military_unit ("idMU", "pidMU", "vChNumber", "idNameMU", "idPurpose", "idMilitaryCity", "idSortAF", "idCombatArm", "codeNameMU") VALUES (81010208, 81010200, '908', 187, 340, 198, 'П0', 'ЕК0', '58485');
INSERT INTO public.military_unit ("idMU", "pidMU", "vChNumber", "idNameMU", "idPurpose", "idMilitaryCity", "idSortAF", "idCombatArm", "codeNameMU") VALUES (81010209, 81010200, '909', 184, 340, 199, 'П0', 'ЕК0', '69907');
INSERT INTO public.military_unit ("idMU", "pidMU", "vChNumber", "idNameMU", "idPurpose", "idMilitaryCity", "idSortAF", "idCombatArm", "codeNameMU") VALUES (81010210, 81010200, '910', 185, 340, 197, 'П0', 'ЕК0', '75986');
INSERT INTO public.military_unit ("idMU", "pidMU", "vChNumber", "idNameMU", "idPurpose", "idMilitaryCity", "idSortAF", "idCombatArm", "codeNameMU") VALUES (81010211, 81010200, '911', 312, 333, 199, 'П0', 'ЕК0', '75794');
INSERT INTO public.military_unit ("idMU", "pidMU", "vChNumber", "idNameMU", "idPurpose", "idMilitaryCity", "idSortAF", "idCombatArm", "codeNameMU") VALUES (81010212, 81010200, '912', 313, 333, 196, 'П0', 'ЕК0', '35231');
INSERT INTO public.military_unit ("idMU", "pidMU", "vChNumber", "idNameMU", "idPurpose", "idMilitaryCity", "idSortAF", "idCombatArm", "codeNameMU") VALUES (81010300, 81010000, '950', 251, 330, 200, 'П0', 'ЕК0', '66278');
INSERT INTO public.military_unit ("idMU", "pidMU", "vChNumber", "idNameMU", "idPurpose", "idMilitaryCity", "idSortAF", "idCombatArm", "codeNameMU") VALUES (81010001, 81010300, null, 132, 310, 200, 'П0', 'ЕК0', null);
INSERT INTO public.military_unit ("idMU", "pidMU", "vChNumber", "idNameMU", "idPurpose", "idMilitaryCity", "idSortAF", "idCombatArm", "codeNameMU") VALUES (81010002, 81010300, '951', 252, 330, 201, 'П0', 'ЕК0', '12380');
INSERT INTO public.military_unit ("idMU", "pidMU", "vChNumber", "idNameMU", "idPurpose", "idMilitaryCity", "idSortAF", "idCombatArm", "codeNameMU") VALUES (81010003, 81010300, '952', 269, 330, 202, 'П0', 'ЕК0', '70057');
INSERT INTO public.military_unit ("idMU", "pidMU", "vChNumber", "idNameMU", "idPurpose", "idMilitaryCity", "idSortAF", "idCombatArm", "codeNameMU") VALUES (81010004, 81010300, '953', 296, 330, 203, 'П0', 'ЕК0', '26784');
INSERT INTO public.military_unit ("idMU", "pidMU", "vChNumber", "idNameMU", "idPurpose", "idMilitaryCity", "idSortAF", "idCombatArm", "codeNameMU") VALUES (81010005, 81010300, '954', 285, 330, 204, 'П0', 'ЕК0', '81678');
INSERT INTO public.military_unit ("idMU", "pidMU", "vChNumber", "idNameMU", "idPurpose", "idMilitaryCity", "idSortAF", "idCombatArm", "codeNameMU") VALUES (81010006, 81010300, '955', 269, 330, 202, 'П0', 'ЕК0', '85142');
INSERT INTO public.military_unit ("idMU", "pidMU", "vChNumber", "idNameMU", "idPurpose", "idMilitaryCity", "idSortAF", "idCombatArm", "codeNameMU") VALUES (81010007, 81010300, '956', 186, 340, 201, 'П0', 'ЕК0', '58507');
INSERT INTO public.military_unit ("idMU", "pidMU", "vChNumber", "idNameMU", "idPurpose", "idMilitaryCity", "idSortAF", "idCombatArm", "codeNameMU") VALUES (81010008, 81010300, '957', 187, 340, 203, 'П0', 'ЕК0', '69278');
INSERT INTO public.military_unit ("idMU", "pidMU", "vChNumber", "idNameMU", "idPurpose", "idMilitaryCity", "idSortAF", "idCombatArm", "codeNameMU") VALUES (81010009, 81010300, '958', 184, 340, 204, 'П0', 'ЕК0', '27955');
INSERT INTO public.military_unit ("idMU", "pidMU", "vChNumber", "idNameMU", "idPurpose", "idMilitaryCity", "idSortAF", "idCombatArm", "codeNameMU") VALUES (81010010, 81010300, '959', 185, 340, 201, 'П0', 'ЕК0', '67512');
INSERT INTO public.military_unit ("idMU", "pidMU", "vChNumber", "idNameMU", "idPurpose", "idMilitaryCity", "idSortAF", "idCombatArm", "codeNameMU") VALUES (81010011, 81010300, '960', 312, 333, 204, 'П0', 'ЕК0', '92099');
INSERT INTO public.military_unit ("idMU", "pidMU", "vChNumber", "idNameMU", "idPurpose", "idMilitaryCity", "idSortAF", "idCombatArm", "codeNameMU") VALUES (81010012, 81010300, '961', 313, 333, 203, 'П0', 'ЕК0', '90508');
INSERT INTO public.military_unit ("idMU", "pidMU", "vChNumber", "idNameMU", "idPurpose", "idMilitaryCity", "idSortAF", "idCombatArm", "codeNameMU") VALUES (81010400, 81010000, '904', 250, 333, 34, 'П0', 'И00', '33691');
INSERT INTO public.military_unit ("idMU", "pidMU", "vChNumber", "idNameMU", "idPurpose", "idMilitaryCity", "idSortAF", "idCombatArm", "codeNameMU") VALUES (81010500, 81010000, '909', 202, 700, 34, 'П0', 'И00', '85809');
INSERT INTO public.military_unit ("idMU", "pidMU", "vChNumber", "idNameMU", "idPurpose", "idMilitaryCity", "idSortAF", "idCombatArm", "codeNameMU") VALUES (81020000, 81000000, '211', 159, 330, 205, 'П0', 'ЕК0', '89449');
INSERT INTO public.military_unit ("idMU", "pidMU", "vChNumber", "idNameMU", "idPurpose", "idMilitaryCity", "idSortAF", "idCombatArm", "codeNameMU") VALUES (81020100, 81020000, null, 132, 310, 205, 'П0', 'ЕК0', null);
INSERT INTO public.military_unit ("idMU", "pidMU", "vChNumber", "idNameMU", "idPurpose", "idMilitaryCity", "idSortAF", "idCombatArm", "codeNameMU") VALUES (81020200, 81020000, '212', 252, 330, 206, 'П0', 'ЕК0', '69114');
INSERT INTO public.military_unit ("idMU", "pidMU", "vChNumber", "idNameMU", "idPurpose", "idMilitaryCity", "idSortAF", "idCombatArm", "codeNameMU") VALUES (81020300, 81020000, '213', 252, 330, 207, 'П0', 'ЕК0', '66331');
INSERT INTO public.military_unit ("idMU", "pidMU", "vChNumber", "idNameMU", "idPurpose", "idMilitaryCity", "idSortAF", "idCombatArm", "codeNameMU") VALUES (81020400, 81020000, '214', 252, 330, 208, 'П0', 'ЕК0', '69919');
INSERT INTO public.military_unit ("idMU", "pidMU", "vChNumber", "idNameMU", "idPurpose", "idMilitaryCity", "idSortAF", "idCombatArm", "codeNameMU") VALUES (81020500, 81020000, '215', 304, 330, 206, 'П0', 'ЕК0', '32807');
INSERT INTO public.military_unit ("idMU", "pidMU", "vChNumber", "idNameMU", "idPurpose", "idMilitaryCity", "idSortAF", "idCombatArm", "codeNameMU") VALUES (81020600, 81020000, '216', 305, 330, 209, 'П0', 'ЕК0', '77138');
INSERT INTO public.military_unit ("idMU", "pidMU", "vChNumber", "idNameMU", "idPurpose", "idMilitaryCity", "idSortAF", "idCombatArm", "codeNameMU") VALUES (81020700, 81020000, '217', 186, 340, 206, 'П0', 'ЕК0', '72713');
INSERT INTO public.military_unit ("idMU", "pidMU", "vChNumber", "idNameMU", "idPurpose", "idMilitaryCity", "idSortAF", "idCombatArm", "codeNameMU") VALUES (81020800, 81020000, '218', 187, 340, 207, 'П0', 'ЕК0', '79979');
INSERT INTO public.military_unit ("idMU", "pidMU", "vChNumber", "idNameMU", "idPurpose", "idMilitaryCity", "idSortAF", "idCombatArm", "codeNameMU") VALUES (81020900, 81020000, '219', 184, 340, 208, 'П0', 'ЕК0', '47091');
INSERT INTO public.military_unit ("idMU", "pidMU", "vChNumber", "idNameMU", "idPurpose", "idMilitaryCity", "idSortAF", "idCombatArm", "codeNameMU") VALUES (81021000, 81020000, '220', 185, 340, 208, 'П0', 'ЕК0', '63728');
INSERT INTO public.military_unit ("idMU", "pidMU", "vChNumber", "idNameMU", "idPurpose", "idMilitaryCity", "idSortAF", "idCombatArm", "codeNameMU") VALUES (27000000, 10000000, null, 129, 110, 1, 'А0', 'А00', null);
INSERT INTO public.military_unit ("idMU", "pidMU", "vChNumber", "idNameMU", "idPurpose", "idMilitaryCity", "idSortAF", "idCombatArm", "codeNameMU") VALUES (61000000, 10000000, null, 213, 110, 23, 'А0', 'А00', null);
INSERT INTO public.military_unit ("idMU", "pidMU", "vChNumber", "idNameMU", "idPurpose", "idMilitaryCity", "idSortAF", "idCombatArm", "codeNameMU") VALUES (81021100, 81020000, '221', 312, 333, 205, 'П0', 'ЕК0', '13243');
INSERT INTO public.military_unit ("idMU", "pidMU", "vChNumber", "idNameMU", "idPurpose", "idMilitaryCity", "idSortAF", "idCombatArm", "codeNameMU") VALUES (81021200, 81020000, '222', 313, 333, 209, 'П0', 'ЕК0', '80536');
INSERT INTO public.military_unit ("idMU", "pidMU", "vChNumber", "idNameMU", "idPurpose", "idMilitaryCity", "idSortAF", "idCombatArm", "codeNameMU") VALUES (81030000, 81000000, '777', 159, 330, 210, 'П0', 'ЕК0', '58447');
INSERT INTO public.military_unit ("idMU", "pidMU", "vChNumber", "idNameMU", "idPurpose", "idMilitaryCity", "idSortAF", "idCombatArm", "codeNameMU") VALUES (81030100, 81030000, null, 132, 310, 210, 'П0', 'ЕК0', null);
INSERT INTO public.military_unit ("idMU", "pidMU", "vChNumber", "idNameMU", "idPurpose", "idMilitaryCity", "idSortAF", "idCombatArm", "codeNameMU") VALUES (81030200, 81030000, '778', 252, 330, 211, 'П0', 'ЕК0', '21064');
INSERT INTO public.military_unit ("idMU", "pidMU", "vChNumber", "idNameMU", "idPurpose", "idMilitaryCity", "idSortAF", "idCombatArm", "codeNameMU") VALUES (81030300, 81030000, '779', 252, 330, 212, 'П0', 'ЕК0', '63164');
INSERT INTO public.military_unit ("idMU", "pidMU", "vChNumber", "idNameMU", "idPurpose", "idMilitaryCity", "idSortAF", "idCombatArm", "codeNameMU") VALUES (81030400, 81030000, '780', 252, 330, 213, 'П0', 'ЕК0', '55262');
INSERT INTO public.military_unit ("idMU", "pidMU", "vChNumber", "idNameMU", "idPurpose", "idMilitaryCity", "idSortAF", "idCombatArm", "codeNameMU") VALUES (81030500, 81030000, '781', 304, 330, 214, 'П0', 'ЕК0', '77337');
INSERT INTO public.military_unit ("idMU", "pidMU", "vChNumber", "idNameMU", "idPurpose", "idMilitaryCity", "idSortAF", "idCombatArm", "codeNameMU") VALUES (81030600, 81030000, '782', 305, 330, 214, 'П0', 'ЕК0', '72682');
INSERT INTO public.military_unit ("idMU", "pidMU", "vChNumber", "idNameMU", "idPurpose", "idMilitaryCity", "idSortAF", "idCombatArm", "codeNameMU") VALUES (81030700, 81030000, '783', 186, 340, 211, 'П0', 'ЕК0', '67835');
INSERT INTO public.military_unit ("idMU", "pidMU", "vChNumber", "idNameMU", "idPurpose", "idMilitaryCity", "idSortAF", "idCombatArm", "codeNameMU") VALUES (81030800, 81030000, '784', 187, 340, 213, 'П0', 'ЕК0', '95634');
INSERT INTO public.military_unit ("idMU", "pidMU", "vChNumber", "idNameMU", "idPurpose", "idMilitaryCity", "idSortAF", "idCombatArm", "codeNameMU") VALUES (81031000, 81030000, '786', 185, 340, 212, 'П0', 'ЕК0', '37382');
INSERT INTO public.military_unit ("idMU", "pidMU", "vChNumber", "idNameMU", "idPurpose", "idMilitaryCity", "idSortAF", "idCombatArm", "codeNameMU") VALUES (81031100, 81030000, '787', 312, 333, 210, 'П0', 'ЕК0', '84067');
INSERT INTO public.military_unit ("idMU", "pidMU", "vChNumber", "idNameMU", "idPurpose", "idMilitaryCity", "idSortAF", "idCombatArm", "codeNameMU") VALUES (81031200, 81030000, '788', 313, 333, 214, 'П0', 'ЕК0', '42379');
INSERT INTO public.military_unit ("idMU", "pidMU", "vChNumber", "idNameMU", "idPurpose", "idMilitaryCity", "idSortAF", "idCombatArm", "codeNameMU") VALUES (81050000, 81000000, '51', 166, 340, 216, 'П0', 'НЖ0', '85982');
INSERT INTO public.military_unit ("idMU", "pidMU", "vChNumber", "idNameMU", "idPurpose", "idMilitaryCity", "idSortAF", "idCombatArm", "codeNameMU") VALUES (81060000, 81000000, '52', 169, 340, 217, 'П0', 'НД0', '38094');
INSERT INTO public.military_unit ("idMU", "pidMU", "vChNumber", "idNameMU", "idPurpose", "idMilitaryCity", "idSortAF", "idCombatArm", "codeNameMU") VALUES (81070000, 81000000, '43', 167, 340, 218, 'П0', 'НК0', '45300');
INSERT INTO public.military_unit ("idMU", "pidMU", "vChNumber", "idNameMU", "idPurpose", "idMilitaryCity", "idSortAF", "idCombatArm", "codeNameMU") VALUES (81080000, 81000000, '44', 279, 340, 219, 'П0', 'НМ0', '11499');
INSERT INTO public.military_unit ("idMU", "pidMU", "vChNumber", "idNameMU", "idPurpose", "idMilitaryCity", "idSortAF", "idCombatArm", "codeNameMU") VALUES (81090000, 81000000, '45', 282, 340, 220, 'П0', 'ЕП0', '16549');
INSERT INTO public.military_unit ("idMU", "pidMU", "vChNumber", "idNameMU", "idPurpose", "idMilitaryCity", "idSortAF", "idCombatArm", "codeNameMU") VALUES (81110000, 81000000, '1002', 239, 351, 36, 'П0', 'НХ0', '88894');
INSERT INTO public.military_unit ("idMU", "pidMU", "vChNumber", "idNameMU", "idPurpose", "idMilitaryCity", "idSortAF", "idCombatArm", "codeNameMU") VALUES (82000000, 10000000, null, 193, 111, 37, 'С0', 'Л00', null);
INSERT INTO public.military_unit ("idMU", "pidMU", "vChNumber", "idNameMU", "idPurpose", "idMilitaryCity", "idSortAF", "idCombatArm", "codeNameMU") VALUES (82010000, 82000000, '50', 260, 330, 221, 'С0', 'ЛВ0', '95849');
INSERT INTO public.military_unit ("idMU", "pidMU", "vChNumber", "idNameMU", "idPurpose", "idMilitaryCity", "idSortAF", "idCombatArm", "codeNameMU") VALUES (82020000, 82000000, '51', 261, 330, 222, 'С0', 'ЛВ0', '19499');
INSERT INTO public.military_unit ("idMU", "pidMU", "vChNumber", "idNameMU", "idPurpose", "idMilitaryCity", "idSortAF", "idCombatArm", "codeNameMU") VALUES (19000000, 10000000, null, 109, 110, 1, 'А0', 'А00', null);
INSERT INTO public.military_unit ("idMU", "pidMU", "vChNumber", "idNameMU", "idPurpose", "idMilitaryCity", "idSortAF", "idCombatArm", "codeNameMU") VALUES (84000000, 10000000, null, 196, 112, 44, 'Т0', 'ГД0', null);
INSERT INTO public.military_unit ("idMU", "pidMU", "vChNumber", "idNameMU", "idPurpose", "idMilitaryCity", "idSortAF", "idCombatArm", "codeNameMU") VALUES (84010000, 84000000, '441', 265, 330, 355, 'Т0', 'ГД0', '94594');
INSERT INTO public.military_unit ("idMU", "pidMU", "vChNumber", "idNameMU", "idPurpose", "idMilitaryCity", "idSortAF", "idCombatArm", "codeNameMU") VALUES (84020000, 84000000, '451', 265, 330, 356, 'Т0', 'ГД0', '45886');
INSERT INTO public.military_unit ("idMU", "pidMU", "vChNumber", "idNameMU", "idPurpose", "idMilitaryCity", "idSortAF", "idCombatArm", "codeNameMU") VALUES (84030000, 84000000, '461', 265, 330, 355, 'Т0', 'ГД0', '22730');
INSERT INTO public.military_unit ("idMU", "pidMU", "vChNumber", "idNameMU", "idPurpose", "idMilitaryCity", "idSortAF", "idCombatArm", "codeNameMU") VALUES (84040000, 84000000, '2032', 265, 330, 44, 'Т0', 'ГД1', '60614');
INSERT INTO public.military_unit ("idMU", "pidMU", "vChNumber", "idNameMU", "idPurpose", "idMilitaryCity", "idSortAF", "idCombatArm", "codeNameMU") VALUES (84050000, 84000000, '2033', 238, 351, 45, 'Т0', 'НХ0', '51001');
INSERT INTO public.military_unit ("idMU", "pidMU", "vChNumber", "idNameMU", "idPurpose", "idMilitaryCity", "idSortAF", "idCombatArm", "codeNameMU") VALUES (84060000, 84000000, '2034', 239, 333, 46, 'Т0', 'ГД1', '66303');
INSERT INTO public.military_unit ("idMU", "pidMU", "vChNumber", "idNameMU", "idPurpose", "idMilitaryCity", "idSortAF", "idCombatArm", "codeNameMU") VALUES (85000000, 10000000, null, 152, 300, 47, 'К0', 'ГА0', null);
INSERT INTO public.military_unit ("idMU", "pidMU", "vChNumber", "idNameMU", "idPurpose", "idMilitaryCity", "idSortAF", "idCombatArm", "codeNameMU") VALUES (85010000, 85000000, null, 143, 130, 47, 'К0', 'ГА0', null);
INSERT INTO public.military_unit ("idMU", "pidMU", "vChNumber", "idNameMU", "idPurpose", "idMilitaryCity", "idSortAF", "idCombatArm", "codeNameMU") VALUES (85020000, 85000000, null, 243, 370, 47, 'К0', 'УЖ0', null);
INSERT INTO public.military_unit ("idMU", "pidMU", "vChNumber", "idNameMU", "idPurpose", "idMilitaryCity", "idSortAF", "idCombatArm", "codeNameMU") VALUES (85020100, 85020000, null, 290, 370, 48, 'К0', 'УЖ0', null);
INSERT INTO public.military_unit ("idMU", "pidMU", "vChNumber", "idNameMU", "idPurpose", "idMilitaryCity", "idSortAF", "idCombatArm", "codeNameMU") VALUES (85020200, 85020000, null, 273, 370, 49, 'К0', 'УП0', null);
INSERT INTO public.military_unit ("idMU", "pidMU", "vChNumber", "idNameMU", "idPurpose", "idMilitaryCity", "idSortAF", "idCombatArm", "codeNameMU") VALUES (85030000, 85000000, null, 295, 330, 50, 'К0', 'К00', null);
INSERT INTO public.military_unit ("idMU", "pidMU", "vChNumber", "idNameMU", "idPurpose", "idMilitaryCity", "idSortAF", "idCombatArm", "codeNameMU") VALUES (85040000, 85000000, null, 290, 370, 51, 'К0', 'УЖ0', null);
INSERT INTO public.military_unit ("idMU", "pidMU", "vChNumber", "idNameMU", "idPurpose", "idMilitaryCity", "idSortAF", "idCombatArm", "codeNameMU") VALUES (85050000, 85000000, null, 173, 330, 52, 'К0', 'ГЖ2', null);
INSERT INTO public.military_unit ("idMU", "pidMU", "vChNumber", "idNameMU", "idPurpose", "idMilitaryCity", "idSortAF", "idCombatArm", "codeNameMU") VALUES (85070000, 85000000, null, 268, 340, 54, 'К0', 'НД0', null);
INSERT INTO public.military_unit ("idMU", "pidMU", "vChNumber", "idNameMU", "idPurpose", "idMilitaryCity", "idSortAF", "idCombatArm", "codeNameMU") VALUES (85080000, 85000000, null, 201, 340, 55, 'К0', 'НМ0', null);
INSERT INTO public.military_unit ("idMU", "pidMU", "vChNumber", "idNameMU", "idPurpose", "idMilitaryCity", "idSortAF", "idCombatArm", "codeNameMU") VALUES (85090000, 85000000, null, 166, 340, 56, 'К0', 'НЖ0', null);
INSERT INTO public.military_unit ("idMU", "pidMU", "vChNumber", "idNameMU", "idPurpose", "idMilitaryCity", "idSortAF", "idCombatArm", "codeNameMU") VALUES (85100000, 85000000, null, 256, 570, 57, 'К0', 'НХ0', null);
INSERT INTO public.military_unit ("idMU", "pidMU", "vChNumber", "idNameMU", "idPurpose", "idMilitaryCity", "idSortAF", "idCombatArm", "codeNameMU") VALUES (85110000, 85000000, null, 168, 570, 58, 'К0', 'НЮ0', null);
INSERT INTO public.military_unit ("idMU", "pidMU", "vChNumber", "idNameMU", "idPurpose", "idMilitaryCity", "idSortAF", "idCombatArm", "codeNameMU") VALUES (85120000, 85000000, null, 298, 570, 59, 'К0', 'К00', null);
INSERT INTO public.military_unit ("idMU", "pidMU", "vChNumber", "idNameMU", "idPurpose", "idMilitaryCity", "idSortAF", "idCombatArm", "codeNameMU") VALUES (85130000, 85000000, '19', 164, 340, 60, 'К0', 'НК0', '93017');
INSERT INTO public.military_unit ("idMU", "pidMU", "vChNumber", "idNameMU", "idPurpose", "idMilitaryCity", "idSortAF", "idCombatArm", "codeNameMU") VALUES (85150000, 85000000, '21', 293, 330, 62, 'К0', 'ГЖ3', '97009');
INSERT INTO public.military_unit ("idMU", "pidMU", "vChNumber", "idNameMU", "idPurpose", "idMilitaryCity", "idSortAF", "idCombatArm", "codeNameMU") VALUES (85160000, 85000000, '22', 267, 570, 63, 'К0', 'НД0', '50370');
INSERT INTO public.military_unit ("idMU", "pidMU", "vChNumber", "idNameMU", "idPurpose", "idMilitaryCity", "idSortAF", "idCombatArm", "codeNameMU") VALUES (85170000, 85000000, '23', 187, 340, 64, 'К0', 'НД0', '78567');
INSERT INTO public.military_unit ("idMU", "pidMU", "vChNumber", "idNameMU", "idPurpose", "idMilitaryCity", "idSortAF", "idCombatArm", "codeNameMU") VALUES (85180000, 85000000, '24', 236, 570, 65, 'К0', 'НХ0', '93784');
INSERT INTO public.military_unit ("idMU", "pidMU", "vChNumber", "idNameMU", "idPurpose", "idMilitaryCity", "idSortAF", "idCombatArm", "codeNameMU") VALUES (85190000, 85000000, '25', 279, 340, 66, 'К0', 'НМ0', '33486');
INSERT INTO public.military_unit ("idMU", "pidMU", "vChNumber", "idNameMU", "idPurpose", "idMilitaryCity", "idSortAF", "idCombatArm", "codeNameMU") VALUES (85200000, 85000000, '26', 292, 200, 67, 'К0', 'УЖ0', '54879');
INSERT INTO public.military_unit ("idMU", "pidMU", "vChNumber", "idNameMU", "idPurpose", "idMilitaryCity", "idSortAF", "idCombatArm", "codeNameMU") VALUES (85210000, 85000000, '27', 282, 340, 67, 'К0', 'НМ0', '38565');
INSERT INTO public.military_unit ("idMU", "pidMU", "vChNumber", "idNameMU", "idPurpose", "idMilitaryCity", "idSortAF", "idCombatArm", "codeNameMU") VALUES (85220000, 85000000, '28', 276, 730, 68, 'К0', 'НШ0', '13849');
INSERT INTO public.military_unit ("idMU", "pidMU", "vChNumber", "idNameMU", "idPurpose", "idMilitaryCity", "idSortAF", "idCombatArm", "codeNameMU") VALUES (85230000, 85000000, null, 249, 801, 69, 'К0', 'УП0', null);
INSERT INTO public.military_unit ("idMU", "pidMU", "vChNumber", "idNameMU", "idPurpose", "idMilitaryCity", "idSortAF", "idCombatArm", "codeNameMU") VALUES (85240000, 85000000, '30', 287, 200, 70, 'К0', 'ТВ1', '49761');
INSERT INTO public.military_unit ("idMU", "pidMU", "vChNumber", "idNameMU", "idPurpose", "idMilitaryCity", "idSortAF", "idCombatArm", "codeNameMU") VALUES (85250000, 85000000, '31', 264, 570, 71, 'К0', 'ТЮ0', '39043');
INSERT INTO public.military_unit ("idMU", "pidMU", "vChNumber", "idNameMU", "idPurpose", "idMilitaryCity", "idSortAF", "idCombatArm", "codeNameMU") VALUES (85260000, 85000000, '32', 288, 370, 72, 'К0', 'У00', '54918');
INSERT INTO public.military_unit ("idMU", "pidMU", "vChNumber", "idNameMU", "idPurpose", "idMilitaryCity", "idSortAF", "idCombatArm", "codeNameMU") VALUES (85270000, 85000000, '33', 255, 370, 73, 'К0', 'ПП0', '20412');
INSERT INTO public.military_unit ("idMU", "pidMU", "vChNumber", "idNameMU", "idPurpose", "idMilitaryCity", "idSortAF", "idCombatArm", "codeNameMU") VALUES (85280000, 85000000, '34', 191, 370, 74, 'К0', 'ПП0', '52838');
INSERT INTO public.military_unit ("idMU", "pidMU", "vChNumber", "idNameMU", "idPurpose", "idMilitaryCity", "idSortAF", "idCombatArm", "codeNameMU") VALUES (85290000, 85000000, '35', 211, 370, 75, 'К0', 'ПП0', '72304');
INSERT INTO public.military_unit ("idMU", "pidMU", "vChNumber", "idNameMU", "idPurpose", "idMilitaryCity", "idSortAF", "idCombatArm", "codeNameMU") VALUES (85300000, 85000000, '36', 283, 370, 76, 'К0', 'ПП0', '14222');
INSERT INTO public.military_unit ("idMU", "pidMU", "vChNumber", "idNameMU", "idPurpose", "idMilitaryCity", "idSortAF", "idCombatArm", "codeNameMU") VALUES (85310000, 85000000, '37', 233, 370, 77, 'К0', 'К00', '20624');
INSERT INTO public.military_unit ("idMU", "pidMU", "vChNumber", "idNameMU", "idPurpose", "idMilitaryCity", "idSortAF", "idCombatArm", "codeNameMU") VALUES (85320000, 85000000, '38', 252, 570, 78, 'К0', 'ГЖ3', '21406');
INSERT INTO public.military_unit ("idMU", "pidMU", "vChNumber", "idNameMU", "idPurpose", "idMilitaryCity", "idSortAF", "idCombatArm", "codeNameMU") VALUES (85330000, 85000000, '39', 271, 570, 79, 'К0', 'ТУ0', '22161');
INSERT INTO public.military_unit ("idMU", "pidMU", "vChNumber", "idNameMU", "idPurpose", "idMilitaryCity", "idSortAF", "idCombatArm", "codeNameMU") VALUES (85340000, 85000000, '40', 240, 570, 80, 'К0', 'НШ0', '22413');
INSERT INTO public.military_unit ("idMU", "pidMU", "vChNumber", "idNameMU", "idPurpose", "idMilitaryCity", "idSortAF", "idCombatArm", "codeNameMU") VALUES (85350000, 85000000, '41', 237, 570, 81, 'К0', 'НШ0', '89191');
INSERT INTO public.military_unit ("idMU", "pidMU", "vChNumber", "idNameMU", "idPurpose", "idMilitaryCity", "idSortAF", "idCombatArm", "codeNameMU") VALUES (85360000, 85000000, '42', 305, 570, 82, 'К0', 'ПП0', '51277');
INSERT INTO public.military_unit ("idMU", "pidMU", "vChNumber", "idNameMU", "idPurpose", "idMilitaryCity", "idSortAF", "idCombatArm", "codeNameMU") VALUES (85370000, 85000000, '43', 242, 570, 83, 'К0', 'УП0', '49363');
INSERT INTO public.military_unit ("idMU", "pidMU", "vChNumber", "idNameMU", "idPurpose", "idMilitaryCity", "idSortAF", "idCombatArm", "codeNameMU") VALUES (85380000, 85000000, '44', 241, 570, 84, 'К0', 'ГВ1', '69571');
INSERT INTO public.military_unit ("idMU", "pidMU", "vChNumber", "idNameMU", "idPurpose", "idMilitaryCity", "idSortAF", "idCombatArm", "codeNameMU") VALUES (85390000, 85000000, '45', 272, 570, 85, 'К0', 'ТУ0', '90000');
INSERT INTO public.military_unit ("idMU", "pidMU", "vChNumber", "idNameMU", "idPurpose", "idMilitaryCity", "idSortAF", "idCombatArm", "codeNameMU") VALUES (85400000, 85000000, '46', 294, 570, 86, 'К0', 'ТУ0', '99462');
INSERT INTO public.military_unit ("idMU", "pidMU", "vChNumber", "idNameMU", "idPurpose", "idMilitaryCity", "idSortAF", "idCombatArm", "codeNameMU") VALUES (85410000, 85000000, '47', 270, 570, 87, 'К0', 'ТМ0', '51447');
INSERT INTO public.military_unit ("idMU", "pidMU", "vChNumber", "idNameMU", "idPurpose", "idMilitaryCity", "idSortAF", "idCombatArm", "codeNameMU") VALUES (85420000, 85000000, '48', 257, 570, 88, 'К0', 'НШ1', '97173');
INSERT INTO public.military_unit ("idMU", "pidMU", "vChNumber", "idNameMU", "idPurpose", "idMilitaryCity", "idSortAF", "idCombatArm", "codeNameMU") VALUES (85430000, 85000000, '49', 237, 570, 89, 'К0', 'ГВ1', '31566');
INSERT INTO public.military_unit ("idMU", "pidMU", "vChNumber", "idNameMU", "idPurpose", "idMilitaryCity", "idSortAF", "idCombatArm", "codeNameMU") VALUES (85440000, 85000000, '50', 286, 570, 89, 'К0', 'ПА2', '37046');
INSERT INTO public.military_unit ("idMU", "pidMU", "vChNumber", "idNameMU", "idPurpose", "idMilitaryCity", "idSortAF", "idCombatArm", "codeNameMU") VALUES (85450000, 85000000, '51', 291, 570, 90, 'К0', 'НД0', '97935');
INSERT INTO public.military_unit ("idMU", "pidMU", "vChNumber", "idNameMU", "idPurpose", "idMilitaryCity", "idSortAF", "idCombatArm", "codeNameMU") VALUES (85460000, 85000000, '52', 259, 570, 91, 'К0', 'НД1', '33282');
INSERT INTO public.military_unit ("idMU", "pidMU", "vChNumber", "idNameMU", "idPurpose", "idMilitaryCity", "idSortAF", "idCombatArm", "codeNameMU") VALUES (85470000, 85000000, '53', 247, 570, 92, 'К0', 'ТУ0', '57945');
INSERT INTO public.military_unit ("idMU", "pidMU", "vChNumber", "idNameMU", "idPurpose", "idMilitaryCity", "idSortAF", "idCombatArm", "codeNameMU") VALUES (85470100, 85470000, '1', 235, 570, 93, 'К0', 'ТУ0', '36093');
INSERT INTO public.military_unit ("idMU", "pidMU", "vChNumber", "idNameMU", "idPurpose", "idMilitaryCity", "idSortAF", "idCombatArm", "codeNameMU") VALUES (85470200, 85470000, '2', 235, 570, 94, 'К0', 'ТУ0', '63080');
INSERT INTO public.military_unit ("idMU", "pidMU", "vChNumber", "idNameMU", "idPurpose", "idMilitaryCity", "idSortAF", "idCombatArm", "codeNameMU") VALUES (85480000, 85000000, '54', 246, 570, 95, 'К0', 'ТУ0', '85801');
INSERT INTO public.military_unit ("idMU", "pidMU", "vChNumber", "idNameMU", "idPurpose", "idMilitaryCity", "idSortAF", "idCombatArm", "codeNameMU") VALUES (85490000, 85000000, null, 248, 570, 96, 'К0', 'ТУ0', null);
INSERT INTO public.military_unit ("idMU", "pidMU", "vChNumber", "idNameMU", "idPurpose", "idMilitaryCity", "idSortAF", "idCombatArm", "codeNameMU") VALUES (85500000, 85000000, null, 245, 570, 97, 'С0', 'ТУ0', null);
INSERT INTO public.military_unit ("idMU", "pidMU", "vChNumber", "idNameMU", "idPurpose", "idMilitaryCity", "idSortAF", "idCombatArm", "codeNameMU") VALUES (85500100, 85500000, '1', 234, 570, 98, 'С0', 'ТУ0', '41067');
INSERT INTO public.military_unit ("idMU", "pidMU", "vChNumber", "idNameMU", "idPurpose", "idMilitaryCity", "idSortAF", "idCombatArm", "codeNameMU") VALUES (85500200, 85500000, '2', 234, 570, 99, 'С0', 'ТУ0', '26047');
INSERT INTO public.military_unit ("idMU", "pidMU", "vChNumber", "idNameMU", "idPurpose", "idMilitaryCity", "idSortAF", "idCombatArm", "codeNameMU") VALUES (85510000, 85000000, '55', 204, 570, 100, 'Х0', 'ТУ0', '81846');
INSERT INTO public.military_unit ("idMU", "pidMU", "vChNumber", "idNameMU", "idPurpose", "idMilitaryCity", "idSortAF", "idCombatArm", "codeNameMU") VALUES (85520000, 85000000, '56', 274, 600, 101, 'К0', 'ГА0', '69398');
INSERT INTO public.military_unit ("idMU", "pidMU", "vChNumber", "idNameMU", "idPurpose", "idMilitaryCity", "idSortAF", "idCombatArm", "codeNameMU") VALUES (85530000, 85000000, '57', 274, 600, 102, 'К0', 'ГА0', '14421');
INSERT INTO public.military_unit ("idMU", "pidMU", "vChNumber", "idNameMU", "idPurpose", "idMilitaryCity", "idSortAF", "idCombatArm", "codeNameMU") VALUES (85540000, 85000000, '567', 203, 600, 103, 'К0', 'ГА0', '16523');
INSERT INTO public.military_unit ("idMU", "pidMU", "vChNumber", "idNameMU", "idPurpose", "idMilitaryCity", "idSortAF", "idCombatArm", "codeNameMU") VALUES (85540100, 85540000, '568', 302, 600, 103, 'К0', 'К00', '25775');
INSERT INTO public.military_unit ("idMU", "pidMU", "vChNumber", "idNameMU", "idPurpose", "idMilitaryCity", "idSortAF", "idCombatArm", "codeNameMU") VALUES (85540200, 85540000, '569', 302, 600, 103, 'К0', 'К00', '28673');
INSERT INTO public.military_unit ("idMU", "pidMU", "vChNumber", "idNameMU", "idPurpose", "idMilitaryCity", "idSortAF", "idCombatArm", "codeNameMU") VALUES (85550000, 85000000, '18', 275, 600, 104, 'К0', 'К00', '94452');
INSERT INTO public.military_unit ("idMU", "pidMU", "vChNumber", "idNameMU", "idPurpose", "idMilitaryCity", "idSortAF", "idCombatArm", "codeNameMU") VALUES (85550100, 85550000, '181', 182, 600, 104, 'К0', 'К00', '17393');
INSERT INTO public.military_unit ("idMU", "pidMU", "vChNumber", "idNameMU", "idPurpose", "idMilitaryCity", "idSortAF", "idCombatArm", "codeNameMU") VALUES (85550200, 85550000, '182', 183, 600, 104, 'К0', 'ГВ0', '21737');
INSERT INTO public.military_unit ("idMU", "pidMU", "vChNumber", "idNameMU", "idPurpose", "idMilitaryCity", "idSortAF", "idCombatArm", "codeNameMU") VALUES (85550400, 85550000, '184', 299, 600, 104, 'К0', 'НК0', '34108');
INSERT INTO public.military_unit ("idMU", "pidMU", "vChNumber", "idNameMU", "idPurpose", "idMilitaryCity", "idSortAF", "idCombatArm", "codeNameMU") VALUES (85550500, 85550000, '185', 297, 600, 104, 'К0', 'НШ0', '51922');
INSERT INTO public.military_unit ("idMU", "pidMU", "vChNumber", "idNameMU", "idPurpose", "idMilitaryCity", "idSortAF", "idCombatArm", "codeNameMU") VALUES (85550600, 85550000, '186', 303, 600, 106, 'К0', 'НХ0', '15611');
INSERT INTO public.military_unit ("idMU", "pidMU", "vChNumber", "idNameMU", "idPurpose", "idMilitaryCity", "idSortAF", "idCombatArm", "codeNameMU") VALUES (85550700, 85550000, '187', 301, 600, 104, 'К0', 'ТУ0', '93340');
INSERT INTO public.military_unit ("idMU", "pidMU", "vChNumber", "idNameMU", "idPurpose", "idMilitaryCity", "idSortAF", "idCombatArm", "codeNameMU") VALUES (85550800, 85550000, '188', 284, 600, 107, 'К0', 'ТУ0', '63721');
INSERT INTO public.military_unit ("idMU", "pidMU", "vChNumber", "idNameMU", "idPurpose", "idMilitaryCity", "idSortAF", "idCombatArm", "codeNameMU") VALUES (85550900, 85550000, '189', 300, 600, 108, 'К0', 'НД0', '18636');
INSERT INTO public.military_unit ("idMU", "pidMU", "vChNumber", "idNameMU", "idPurpose", "idMilitaryCity", "idSortAF", "idCombatArm", "codeNameMU") VALUES (82040000, 82000000, '43', 167, 340, 224, 'С0', 'НК0', '11529');
INSERT INTO public.military_unit ("idMU", "pidMU", "vChNumber", "idNameMU", "idPurpose", "idMilitaryCity", "idSortAF", "idCombatArm", "codeNameMU") VALUES (82050000, 82000000, '44', 279, 340, 225, 'С0', 'НМ0', '58247');
INSERT INTO public.military_unit ("idMU", "pidMU", "vChNumber", "idNameMU", "idPurpose", "idMilitaryCity", "idSortAF", "idCombatArm", "codeNameMU") VALUES (82060000, 82000000, '45', 282, 340, 226, 'С0', 'ЕП0', '50178');
INSERT INTO public.military_unit ("idMU", "pidMU", "vChNumber", "idNameMU", "idPurpose", "idMilitaryCity", "idSortAF", "idCombatArm", "codeNameMU") VALUES (82070000, 82000000, '81', 238, 351, 37, 'С0', 'НХ0', '24289');
INSERT INTO public.military_unit ("idMU", "pidMU", "vChNumber", "idNameMU", "idPurpose", "idMilitaryCity", "idSortAF", "idCombatArm", "codeNameMU") VALUES (82080000, 82000000, '82', 239, 333, 38, 'С0', 'Л00', '37546');
INSERT INTO public.military_unit ("idMU", "pidMU", "vChNumber", "idNameMU", "idPurpose", "idMilitaryCity", "idSortAF", "idCombatArm", "codeNameMU") VALUES (82090000, 82000000, '83', 200, 340, 39, 'С0', 'Л00', '89573');
INSERT INTO public.military_unit ("idMU", "pidMU", "vChNumber", "idNameMU", "idPurpose", "idMilitaryCity", "idSortAF", "idCombatArm", "codeNameMU") VALUES (82100000, 82000000, '84', 199, 700, 40, 'С0', 'Л00', '97088');
INSERT INTO public.military_unit ("idMU", "pidMU", "vChNumber", "idNameMU", "idPurpose", "idMilitaryCity", "idSortAF", "idCombatArm", "codeNameMU") VALUES (83000000, 10000000, null, 197, 112, 41, 'Ж0', 'Ж00', null);
INSERT INTO public.military_unit ("idMU", "pidMU", "vChNumber", "idNameMU", "idPurpose", "idMilitaryCity", "idSortAF", "idCombatArm", "codeNameMU") VALUES (83020000, 83000000, '1101', 170, 360, 41, 'Ж0', 'ГА1', '75014');
INSERT INTO public.military_unit ("idMU", "pidMU", "vChNumber", "idNameMU", "idPurpose", "idMilitaryCity", "idSortAF", "idCombatArm", "codeNameMU") VALUES (83030000, 83000000, '1102', 238, 351, 42, 'Ж0', 'НХ0', '88120');
INSERT INTO public.military_unit ("idMU", "pidMU", "vChNumber", "idNameMU", "idPurpose", "idMilitaryCity", "idSortAF", "idCombatArm", "codeNameMU") VALUES (83040000, 83000000, '1103', 239, 333, 43, 'Ж0', 'Ж00', '61627');
INSERT INTO public.military_unit ("idMU", "pidMU", "vChNumber", "idNameMU", "idPurpose", "idMilitaryCity", "idSortAF", "idCombatArm", "codeNameMU") VALUES (85140000, 85000000, '20', 163, 340, 61, 'К0', 'НК0', '76596');
INSERT INTO public.military_unit ("idMU", "pidMU", "vChNumber", "idNameMU", "idPurpose", "idMilitaryCity", "idSortAF", "idCombatArm", "codeNameMU") VALUES (85570000, 85000000, '4', 157, 300, 247, 'К0', 'К00', '27226');
INSERT INTO public.military_unit ("idMU", "pidMU", "vChNumber", "idNameMU", "idPurpose", "idMilitaryCity", "idSortAF", "idCombatArm", "codeNameMU") VALUES (85570100, 85570000, null, 125, 140, 247, 'К0', 'К00', null);
INSERT INTO public.military_unit ("idMU", "pidMU", "vChNumber", "idNameMU", "idPurpose", "idMilitaryCity", "idSortAF", "idCombatArm", "codeNameMU") VALUES (85570200, 85570000, '67', 160, 330, 248, 'К0', 'ГА1', '27992');
INSERT INTO public.military_unit ("idMU", "pidMU", "vChNumber", "idNameMU", "idPurpose", "idMilitaryCity", "idSortAF", "idCombatArm", "codeNameMU") VALUES (85570201, 85570200, null, 132, 310, 248, 'К0', 'ГА1', null);
INSERT INTO public.military_unit ("idMU", "pidMU", "vChNumber", "idNameMU", "idPurpose", "idMilitaryCity", "idSortAF", "idCombatArm", "codeNameMU") VALUES (85570202, 85570200, '68', 178, 330, 249, 'К0', 'ГА1', '65577');
INSERT INTO public.military_unit ("idMU", "pidMU", "vChNumber", "idNameMU", "idPurpose", "idMilitaryCity", "idSortAF", "idCombatArm", "codeNameMU") VALUES (85570205, 85570200, '71', 180, 330, 252, 'К0', 'ГВ0', '36900');
INSERT INTO public.military_unit ("idMU", "pidMU", "vChNumber", "idNameMU", "idPurpose", "idMilitaryCity", "idSortAF", "idCombatArm", "codeNameMU") VALUES (85570206, 85570200, '72', 175, 330, 253, 'К0', 'ГЖ0', '25476');
INSERT INTO public.military_unit ("idMU", "pidMU", "vChNumber", "idNameMU", "idPurpose", "idMilitaryCity", "idSortAF", "idCombatArm", "codeNameMU") VALUES (85570207, 85570200, '73', 176, 330, 251, 'К0', 'ЕЖ1', '24728');
INSERT INTO public.military_unit ("idMU", "pidMU", "vChNumber", "idNameMU", "idPurpose", "idMilitaryCity", "idSortAF", "idCombatArm", "codeNameMU") VALUES (85570208, 85570200, '74', 190, 330, 253, 'К0', 'ГЖ0', '19431');
INSERT INTO public.military_unit ("idMU", "pidMU", "vChNumber", "idNameMU", "idPurpose", "idMilitaryCity", "idSortAF", "idCombatArm", "codeNameMU") VALUES (85570209, 85570200, '75', 189, 340, 249, 'К0', 'НА0', '71889');
INSERT INTO public.military_unit ("idMU", "pidMU", "vChNumber", "idNameMU", "idPurpose", "idMilitaryCity", "idSortAF", "idCombatArm", "codeNameMU") VALUES (85570210, 85570200, '76', 186, 340, 248, 'К0', 'НК0', '86086');
INSERT INTO public.military_unit ("idMU", "pidMU", "vChNumber", "idNameMU", "idPurpose", "idMilitaryCity", "idSortAF", "idCombatArm", "codeNameMU") VALUES (85570211, 85570200, '77', 187, 340, 250, 'К0', 'НД0', '15532');
INSERT INTO public.military_unit ("idMU", "pidMU", "vChNumber", "idNameMU", "idPurpose", "idMilitaryCity", "idSortAF", "idCombatArm", "codeNameMU") VALUES (85570212, 85570200, '78', 184, 340, 250, 'К0', 'НЖ0', '18313');
INSERT INTO public.military_unit ("idMU", "pidMU", "vChNumber", "idNameMU", "idPurpose", "idMilitaryCity", "idSortAF", "idCombatArm", "codeNameMU") VALUES (85570213, 85570200, '79', 185, 340, 252, 'К0', 'ЕП0', '79794');
INSERT INTO public.military_unit ("idMU", "pidMU", "vChNumber", "idNameMU", "idPurpose", "idMilitaryCity", "idSortAF", "idCombatArm", "codeNameMU") VALUES (85570214, 85570200, '80', 312, 333, 253, 'К0', 'Х00', '23153');
INSERT INTO public.military_unit ("idMU", "pidMU", "vChNumber", "idNameMU", "idPurpose", "idMilitaryCity", "idSortAF", "idCombatArm", "codeNameMU") VALUES (85570300, 85570000, '41', 170, 330, 114, 'К0', 'К00', '18411');
INSERT INTO public.military_unit ("idMU", "pidMU", "vChNumber", "idNameMU", "idPurpose", "idMilitaryCity", "idSortAF", "idCombatArm", "codeNameMU") VALUES (85570400, 85570000, '42', 174, 330, 115, 'К0', 'ГВ0', '75494');
INSERT INTO public.military_unit ("idMU", "pidMU", "vChNumber", "idNameMU", "idPurpose", "idMilitaryCity", "idSortAF", "idCombatArm", "codeNameMU") VALUES (85570500, 85570000, '43', 258, 351, 114, 'К0', 'НХ0', '88642');
INSERT INTO public.military_unit ("idMU", "pidMU", "vChNumber", "idNameMU", "idPurpose", "idMilitaryCity", "idSortAF", "idCombatArm", "codeNameMU") VALUES (85570700, 85570000, '45', 177, 340, 117, 'К0', 'НД0', '63168');
INSERT INTO public.military_unit ("idMU", "pidMU", "vChNumber", "idNameMU", "idPurpose", "idMilitaryCity", "idSortAF", "idCombatArm", "codeNameMU") VALUES (85570800, 85570000, '46', 164, 340, 114, 'К0', 'НК0', '15402');
INSERT INTO public.military_unit ("idMU", "pidMU", "vChNumber", "idNameMU", "idPurpose", "idMilitaryCity", "idSortAF", "idCombatArm", "codeNameMU") VALUES (85570900, 85570000, '47', 162, 330, 118, 'К0', 'ГЖ3', '63353');
INSERT INTO public.military_unit ("idMU", "pidMU", "vChNumber", "idNameMU", "idPurpose", "idMilitaryCity", "idSortAF", "idCombatArm", "codeNameMU") VALUES (85571000, 85570000, '48', 258, 351, 119, 'К0', 'НХ0', '26328');
INSERT INTO public.military_unit ("idMU", "pidMU", "vChNumber", "idNameMU", "idPurpose", "idMilitaryCity", "idSortAF", "idCombatArm", "codeNameMU") VALUES (85571100, 85570000, '49', 172, 330, 120, 'К0', 'ГЖ1', '80279');
INSERT INTO public.military_unit ("idMU", "pidMU", "vChNumber", "idNameMU", "idPurpose", "idMilitaryCity", "idSortAF", "idCombatArm", "codeNameMU") VALUES (85571200, 85570000, '50', 165, 360, 121, 'К0', 'НХ0', '98061');
INSERT INTO public.military_unit ("idMU", "pidMU", "vChNumber", "idNameMU", "idPurpose", "idMilitaryCity", "idSortAF", "idCombatArm", "codeNameMU") VALUES (85571300, 85570000, '51', 229, 340, 114, 'К0', 'НК0', '93936');
INSERT INTO public.military_unit ("idMU", "pidMU", "vChNumber", "idNameMU", "idPurpose", "idMilitaryCity", "idSortAF", "idCombatArm", "codeNameMU") VALUES (85580000, 85000000, '5', 158, 300, 122, 'К0', 'ГВ0', '41567');
INSERT INTO public.military_unit ("idMU", "pidMU", "vChNumber", "idNameMU", "idPurpose", "idMilitaryCity", "idSortAF", "idCombatArm", "codeNameMU") VALUES (85580100, 85580000, null, 125, 140, 122, 'К0', 'ГВ0', null);
INSERT INTO public.military_unit ("idMU", "pidMU", "vChNumber", "idNameMU", "idPurpose", "idMilitaryCity", "idSortAF", "idCombatArm", "codeNameMU") VALUES (85580200, 85580000, '88', 160, 330, 254, 'К0', 'ГА1', '28656');
INSERT INTO public.military_unit ("idMU", "pidMU", "vChNumber", "idNameMU", "idPurpose", "idMilitaryCity", "idSortAF", "idCombatArm", "codeNameMU") VALUES (85580201, 85580200, null, 132, 310, 254, 'К0', 'ГА1', null);
INSERT INTO public.military_unit ("idMU", "pidMU", "vChNumber", "idNameMU", "idPurpose", "idMilitaryCity", "idSortAF", "idCombatArm", "codeNameMU") VALUES (85580202, 85580200, '89', 178, 330, 255, 'К0', 'ГА1', '84500');
INSERT INTO public.military_unit ("idMU", "pidMU", "vChNumber", "idNameMU", "idPurpose", "idMilitaryCity", "idSortAF", "idCombatArm", "codeNameMU") VALUES (85580205, 85580200, '92', 180, 330, 258, 'К0', 'ГВ0', '29869');
INSERT INTO public.military_unit ("idMU", "pidMU", "vChNumber", "idNameMU", "idPurpose", "idMilitaryCity", "idSortAF", "idCombatArm", "codeNameMU") VALUES (85580207, 85580200, '94', 176, 330, 256, 'К0', 'ЕЖ1', '40358');
INSERT INTO public.military_unit ("idMU", "pidMU", "vChNumber", "idNameMU", "idPurpose", "idMilitaryCity", "idSortAF", "idCombatArm", "codeNameMU") VALUES (85580208, 85580200, '95', 190, 330, 258, 'К0', 'ГЖ0', '30760');
INSERT INTO public.military_unit ("idMU", "pidMU", "vChNumber", "idNameMU", "idPurpose", "idMilitaryCity", "idSortAF", "idCombatArm", "codeNameMU") VALUES (85580209, 85580200, '96', 189, 340, 257, 'К0', 'НА0', '19097');
INSERT INTO public.military_unit ("idMU", "pidMU", "vChNumber", "idNameMU", "idPurpose", "idMilitaryCity", "idSortAF", "idCombatArm", "codeNameMU") VALUES (85580210, 85580200, '97', 186, 340, 255, 'К0', 'НК0', '99360');
INSERT INTO public.military_unit ("idMU", "pidMU", "vChNumber", "idNameMU", "idPurpose", "idMilitaryCity", "idSortAF", "idCombatArm", "codeNameMU") VALUES (85580211, 85580200, '98', 187, 340, 256, 'К0', 'НД0', '53698');
INSERT INTO public.military_unit ("idMU", "pidMU", "vChNumber", "idNameMU", "idPurpose", "idMilitaryCity", "idSortAF", "idCombatArm", "codeNameMU") VALUES (85580212, 85580200, '99', 184, 340, 257, 'К0', 'НЖ0', '57265');
INSERT INTO public.military_unit ("idMU", "pidMU", "vChNumber", "idNameMU", "idPurpose", "idMilitaryCity", "idSortAF", "idCombatArm", "codeNameMU") VALUES (85580213, 85580200, '100', 185, 340, 258, 'К0', 'ЕП0', '26772');
INSERT INTO public.military_unit ("idMU", "pidMU", "vChNumber", "idNameMU", "idPurpose", "idMilitaryCity", "idSortAF", "idCombatArm", "codeNameMU") VALUES (85580214, 85580200, '101', 312, 333, 259, 'К0', 'Х00', '87963');
INSERT INTO public.military_unit ("idMU", "pidMU", "vChNumber", "idNameMU", "idPurpose", "idMilitaryCity", "idSortAF", "idCombatArm", "codeNameMU") VALUES (85580215, 85580200, '102', 313, 333, 259, 'К0', 'ТМ0', '38480');
INSERT INTO public.military_unit ("idMU", "pidMU", "vChNumber", "idNameMU", "idPurpose", "idMilitaryCity", "idSortAF", "idCombatArm", "codeNameMU") VALUES (85580300, 85580000, '10', 160, 330, 123, 'К0', 'К00', '20560');
INSERT INTO public.military_unit ("idMU", "pidMU", "vChNumber", "idNameMU", "idPurpose", "idMilitaryCity", "idSortAF", "idCombatArm", "codeNameMU") VALUES (85580301, 85580300, null, 132, 310, 123, 'К0', 'К00', null);
INSERT INTO public.military_unit ("idMU", "pidMU", "vChNumber", "idNameMU", "idPurpose", "idMilitaryCity", "idSortAF", "idCombatArm", "codeNameMU") VALUES (85580302, 85580300, '11', 178, 330, 123, 'К0', 'К00', '16441');
INSERT INTO public.military_unit ("idMU", "pidMU", "vChNumber", "idNameMU", "idPurpose", "idMilitaryCity", "idSortAF", "idCombatArm", "codeNameMU") VALUES (85580303, 85580300, '12', 178, 330, 124, 'К0', 'К00', '49536');
INSERT INTO public.military_unit ("idMU", "pidMU", "vChNumber", "idNameMU", "idPurpose", "idMilitaryCity", "idSortAF", "idCombatArm", "codeNameMU") VALUES (85580304, 85580300, '14', 180, 330, 123, 'К0', 'ГВ0', '15146');
INSERT INTO public.military_unit ("idMU", "pidMU", "vChNumber", "idNameMU", "idPurpose", "idMilitaryCity", "idSortAF", "idCombatArm", "codeNameMU") VALUES (85580305, 85580300, '15', 175, 330, 125, 'К0', 'ГЖ3', '64206');
INSERT INTO public.military_unit ("idMU", "pidMU", "vChNumber", "idNameMU", "idPurpose", "idMilitaryCity", "idSortAF", "idCombatArm", "codeNameMU") VALUES (85570204, 85570200, '70', 178, 330, 251, 'К0', 'ГА1', '79687');
INSERT INTO public.military_unit ("idMU", "pidMU", "vChNumber", "idNameMU", "idPurpose", "idMilitaryCity", "idSortAF", "idCombatArm", "codeNameMU") VALUES (85580204, 85580200, '91', 178, 330, 257, 'К0', 'ГА1', '61950');
INSERT INTO public.military_unit ("idMU", "pidMU", "vChNumber", "idNameMU", "idPurpose", "idMilitaryCity", "idSortAF", "idCombatArm", "codeNameMU") VALUES (85580306, 85580300, '16', 190, 330, 126, 'К0', 'ГЖ3', '28541');
INSERT INTO public.military_unit ("idMU", "pidMU", "vChNumber", "idNameMU", "idPurpose", "idMilitaryCity", "idSortAF", "idCombatArm", "codeNameMU") VALUES (85580308, 85580300, '18', 189, 340, 123, 'К0', 'НА0', '74835');
INSERT INTO public.military_unit ("idMU", "pidMU", "vChNumber", "idNameMU", "idPurpose", "idMilitaryCity", "idSortAF", "idCombatArm", "codeNameMU") VALUES (85580309, 85580300, '19', 185, 340, 128, 'К0', 'НМ0', '76787');
INSERT INTO public.military_unit ("idMU", "pidMU", "vChNumber", "idNameMU", "idPurpose", "idMilitaryCity", "idSortAF", "idCombatArm", "codeNameMU") VALUES (85580310, 85580300, '20', 187, 340, 128, 'К0', 'НД0', '71741');
INSERT INTO public.military_unit ("idMU", "pidMU", "vChNumber", "idNameMU", "idPurpose", "idMilitaryCity", "idSortAF", "idCombatArm", "codeNameMU") VALUES (85580311, 85580300, '21', 184, 340, 126, 'К0', 'ТУ0', '27313');
INSERT INTO public.military_unit ("idMU", "pidMU", "vChNumber", "idNameMU", "idPurpose", "idMilitaryCity", "idSortAF", "idCombatArm", "codeNameMU") VALUES (85580312, 85580300, '22', 186, 340, 124, 'К0', 'НК0', '90192');
INSERT INTO public.military_unit ("idMU", "pidMU", "vChNumber", "idNameMU", "idPurpose", "idMilitaryCity", "idSortAF", "idCombatArm", "codeNameMU") VALUES (85580400, 85580000, '51', 170, 330, 129, 'К0', 'К00', '94574');
INSERT INTO public.military_unit ("idMU", "pidMU", "vChNumber", "idNameMU", "idPurpose", "idMilitaryCity", "idSortAF", "idCombatArm", "codeNameMU") VALUES (85580500, 85580000, '52', 171, 330, 129, 'К0', 'ГВ0', '65800');
INSERT INTO public.military_unit ("idMU", "pidMU", "vChNumber", "idNameMU", "idPurpose", "idMilitaryCity", "idSortAF", "idCombatArm", "codeNameMU") VALUES (85590000, 85000000, '100', 254, 300, 130, 'П0', 'ЕК0', '50657');
INSERT INTO public.military_unit ("idMU", "pidMU", "vChNumber", "idNameMU", "idPurpose", "idMilitaryCity", "idSortAF", "idCombatArm", "codeNameMU") VALUES (85590100, 85590000, null, 135, 140, 130, 'П0', 'ЕК0', null);
INSERT INTO public.military_unit ("idMU", "pidMU", "vChNumber", "idNameMU", "idPurpose", "idMilitaryCity", "idSortAF", "idCombatArm", "codeNameMU") VALUES (85590500, 85590000, '101', 269, 331, 136, 'П0', 'ИВ4', '15556');
INSERT INTO public.military_unit ("idMU", "pidMU", "vChNumber", "idNameMU", "idPurpose", "idMilitaryCity", "idSortAF", "idCombatArm", "codeNameMU") VALUES (85590600, 85590000, '102', 296, 331, 137, 'П0', 'ИЖ0', '56533');
INSERT INTO public.military_unit ("idMU", "pidMU", "vChNumber", "idNameMU", "idPurpose", "idMilitaryCity", "idSortAF", "idCombatArm", "codeNameMU") VALUES (85590700, 85590000, '103', 250, 333, 138, 'П0', 'И00', '43062');
INSERT INTO public.military_unit ("idMU", "pidMU", "vChNumber", "idNameMU", "idPurpose", "idMilitaryCity", "idSortAF", "idCombatArm", "codeNameMU") VALUES (85590800, 85590000, '104', 185, 340, 139, 'П0', 'НМ0', '90937');
INSERT INTO public.military_unit ("idMU", "pidMU", "vChNumber", "idNameMU", "idPurpose", "idMilitaryCity", "idSortAF", "idCombatArm", "codeNameMU") VALUES (85600000, 85000000, null, 317, 300, 359, 'С0', 'Л00', null);
INSERT INTO public.military_unit ("idMU", "pidMU", "vChNumber", "idNameMU", "idPurpose", "idMilitaryCity", "idSortAF", "idCombatArm", "codeNameMU") VALUES (85600100, 85600000, null, 319, 130, 359, 'С0', 'Л00', null);
INSERT INTO public.military_unit ("idMU", "pidMU", "vChNumber", "idNameMU", "idPurpose", "idMilitaryCity", "idSortAF", "idCombatArm", "codeNameMU") VALUES (85602000, 85600000, '567', 260, 330, 360, 'С0', 'ЛВ0', '39790');
INSERT INTO public.military_unit ("idMU", "pidMU", "vChNumber", "idNameMU", "idPurpose", "idMilitaryCity", "idSortAF", "idCombatArm", "codeNameMU") VALUES (85603000, 85600000, '568', 261, 330, 361, 'С0', 'ЛВ0', '91036');
INSERT INTO public.military_unit ("idMU", "pidMU", "vChNumber", "idNameMU", "idPurpose", "idMilitaryCity", "idSortAF", "idCombatArm", "codeNameMU") VALUES (85604000, 85600000, '569', 263, 331, 362, 'С0', 'ЛВ0', '20381');
INSERT INTO public.military_unit ("idMU", "pidMU", "vChNumber", "idNameMU", "idPurpose", "idMilitaryCity", "idSortAF", "idCombatArm", "codeNameMU") VALUES (85605000, 85600000, '570', 260, 332, 361, 'С0', 'ЛВ0', '42882');
INSERT INTO public.military_unit ("idMU", "pidMU", "vChNumber", "idNameMU", "idPurpose", "idMilitaryCity", "idSortAF", "idCombatArm", "codeNameMU") VALUES (85606000, 85600000, '571', 278, 332, 362, 'С0', 'ЛА0', '18673');
INSERT INTO public.military_unit ("idMU", "pidMU", "vChNumber", "idNameMU", "idPurpose", "idMilitaryCity", "idSortAF", "idCombatArm", "codeNameMU") VALUES (85607000, 85600000, '572', 262, 332, 360, 'С0', 'ЛВ0', '53702');
INSERT INTO public.military_unit ("idMU", "pidMU", "vChNumber", "idNameMU", "idPurpose", "idMilitaryCity", "idSortAF", "idCombatArm", "codeNameMU") VALUES (85608000, 85600000, '573', 252, 331, 361, 'С0', 'ЛД0', '41366');
INSERT INTO public.military_unit ("idMU", "pidMU", "vChNumber", "idNameMU", "idPurpose", "idMilitaryCity", "idSortAF", "idCombatArm", "codeNameMU") VALUES (87000000, 10000000, null, 154, 300, 155, 'К0', 'ГА0', null);
INSERT INTO public.military_unit ("idMU", "pidMU", "vChNumber", "idNameMU", "idPurpose", "idMilitaryCity", "idSortAF", "idCombatArm", "codeNameMU") VALUES (87020000, 87000000, '340', 164, 340, 156, 'К0', 'НК0', '94154');
INSERT INTO public.military_unit ("idMU", "pidMU", "vChNumber", "idNameMU", "idPurpose", "idMilitaryCity", "idSortAF", "idCombatArm", "codeNameMU") VALUES (87030000, 87000000, '222', 167, 340, 309, 'К0', 'НК0', '25479');
INSERT INTO public.military_unit ("idMU", "pidMU", "vChNumber", "idNameMU", "idPurpose", "idMilitaryCity", "idSortAF", "idCombatArm", "codeNameMU") VALUES (87040000, 87000000, '223', 162, 330, 310, 'К0', 'ГЖ3', '20649');
INSERT INTO public.military_unit ("idMU", "pidMU", "vChNumber", "idNameMU", "idPurpose", "idMilitaryCity", "idSortAF", "idCombatArm", "codeNameMU") VALUES (87050000, 87000000, '224', 169, 340, 311, 'К0', 'ГЖ3', '27239');
INSERT INTO public.military_unit ("idMU", "pidMU", "vChNumber", "idNameMU", "idPurpose", "idMilitaryCity", "idSortAF", "idCombatArm", "codeNameMU") VALUES (87060000, 87000000, '225', 166, 340, 312, 'К0', 'ТУ0', '77090');
INSERT INTO public.military_unit ("idMU", "pidMU", "vChNumber", "idNameMU", "idPurpose", "idMilitaryCity", "idSortAF", "idCombatArm", "codeNameMU") VALUES (87070000, 87000000, '226', 201, 340, 313, 'К0', 'НМ0', '35030');
INSERT INTO public.military_unit ("idMU", "pidMU", "vChNumber", "idNameMU", "idPurpose", "idMilitaryCity", "idSortAF", "idCombatArm", "codeNameMU") VALUES (87080000, 87000000, '227', 168, 350, 314, 'К0', 'НЮ0', '14977');
INSERT INTO public.military_unit ("idMU", "pidMU", "vChNumber", "idNameMU", "idPurpose", "idMilitaryCity", "idSortAF", "idCombatArm", "codeNameMU") VALUES (87090000, 87000000, '228', 188, 340, 315, 'К0', 'ГЖ3', '21758');
INSERT INTO public.military_unit ("idMU", "pidMU", "vChNumber", "idNameMU", "idPurpose", "idMilitaryCity", "idSortAF", "idCombatArm", "codeNameMU") VALUES (87100000, 87000000, '229', 157, 300, 316, 'К0', 'ГА0', '54738');
INSERT INTO public.military_unit ("idMU", "pidMU", "vChNumber", "idNameMU", "idPurpose", "idMilitaryCity", "idSortAF", "idCombatArm", "codeNameMU") VALUES (87100100, 87100000, null, 125, 140, 316, 'К0', 'ГА0', null);
INSERT INTO public.military_unit ("idMU", "pidMU", "vChNumber", "idNameMU", "idPurpose", "idMilitaryCity", "idSortAF", "idCombatArm", "codeNameMU") VALUES (87100200, 87100000, '56', 170, 330, 317, 'К0', 'К00', '43123');
INSERT INTO public.military_unit ("idMU", "pidMU", "vChNumber", "idNameMU", "idPurpose", "idMilitaryCity", "idSortAF", "idCombatArm", "codeNameMU") VALUES (87100300, 87100000, '57', 170, 330, 318, 'К0', 'К00', '99707');
INSERT INTO public.military_unit ("idMU", "pidMU", "vChNumber", "idNameMU", "idPurpose", "idMilitaryCity", "idSortAF", "idCombatArm", "codeNameMU") VALUES (87100400, 87100000, '58', 170, 330, 319, 'К0', 'К00', '64785');
INSERT INTO public.military_unit ("idMU", "pidMU", "vChNumber", "idNameMU", "idPurpose", "idMilitaryCity", "idSortAF", "idCombatArm", "codeNameMU") VALUES (87100500, 87100000, '59', 237, 340, 320, 'К0', 'К00', '50083');
INSERT INTO public.military_unit ("idMU", "pidMU", "vChNumber", "idNameMU", "idPurpose", "idMilitaryCity", "idSortAF", "idCombatArm", "codeNameMU") VALUES (87100600, 87100000, '60', 236, 351, 321, 'К0', 'НХ0', '73654');
INSERT INTO public.military_unit ("idMU", "pidMU", "vChNumber", "idNameMU", "idPurpose", "idMilitaryCity", "idSortAF", "idCombatArm", "codeNameMU") VALUES (87100700, 87100000, '61', 164, 340, 321, 'К0', 'НК0', '49485');
INSERT INTO public.military_unit ("idMU", "pidMU", "vChNumber", "idNameMU", "idPurpose", "idMilitaryCity", "idSortAF", "idCombatArm", "codeNameMU") VALUES (87100900, 87100000, '63', 165, 560, 317, 'К0', 'Х00', '87901');
INSERT INTO public.military_unit ("idMU", "pidMU", "vChNumber", "idNameMU", "idPurpose", "idMilitaryCity", "idSortAF", "idCombatArm", "codeNameMU") VALUES (87110000, 87000000, '567', 159, 330, 322, 'П0', 'ЕК0', '59011');
INSERT INTO public.military_unit ("idMU", "pidMU", "vChNumber", "idNameMU", "idPurpose", "idMilitaryCity", "idSortAF", "idCombatArm", "codeNameMU") VALUES (87110100, 87110000, null, 132, 310, 322, 'П0', 'ЕК0', null);
INSERT INTO public.military_unit ("idMU", "pidMU", "vChNumber", "idNameMU", "idPurpose", "idMilitaryCity", "idSortAF", "idCombatArm", "codeNameMU") VALUES (87110200, 87110000, '568', 252, 330, 323, 'П0', 'ЕК0', '99902');
INSERT INTO public.military_unit ("idMU", "pidMU", "vChNumber", "idNameMU", "idPurpose", "idMilitaryCity", "idSortAF", "idCombatArm", "codeNameMU") VALUES (87110300, 87110000, '569', 252, 330, 324, 'П0', 'ЕК0', '28847');
INSERT INTO public.military_unit ("idMU", "pidMU", "vChNumber", "idNameMU", "idPurpose", "idMilitaryCity", "idSortAF", "idCombatArm", "codeNameMU") VALUES (87110400, 87110000, '570', 252, 330, 325, 'П0', 'ЕК0', '36587');
INSERT INTO public.military_unit ("idMU", "pidMU", "vChNumber", "idNameMU", "idPurpose", "idMilitaryCity", "idSortAF", "idCombatArm", "codeNameMU") VALUES (87110500, 87110000, '571', 304, 330, 326, 'П0', 'ЕК0', '37158');
INSERT INTO public.military_unit ("idMU", "pidMU", "vChNumber", "idNameMU", "idPurpose", "idMilitaryCity", "idSortAF", "idCombatArm", "codeNameMU") VALUES (87110600, 87110000, '572', 305, 330, 325, 'П0', 'ЕК0', '27657');
INSERT INTO public.military_unit ("idMU", "pidMU", "vChNumber", "idNameMU", "idPurpose", "idMilitaryCity", "idSortAF", "idCombatArm", "codeNameMU") VALUES (87110700, 87110000, '573', 186, 340, 323, 'П0', 'ЕК0', '45750');
INSERT INTO public.military_unit ("idMU", "pidMU", "vChNumber", "idNameMU", "idPurpose", "idMilitaryCity", "idSortAF", "idCombatArm", "codeNameMU") VALUES (87110800, 87110000, '574', 187, 340, 325, 'П0', 'ЕК0', '70226');
INSERT INTO public.military_unit ("idMU", "pidMU", "vChNumber", "idNameMU", "idPurpose", "idMilitaryCity", "idSortAF", "idCombatArm", "codeNameMU") VALUES (87110900, 87110000, '575', 184, 340, 325, 'П0', 'ЕК0', '58146');
INSERT INTO public.military_unit ("idMU", "pidMU", "vChNumber", "idNameMU", "idPurpose", "idMilitaryCity", "idSortAF", "idCombatArm", "codeNameMU") VALUES (87111000, 87110000, '576', 185, 340, 326, 'П0', 'ЕК0', '84045');
INSERT INTO public.military_unit ("idMU", "pidMU", "vChNumber", "idNameMU", "idPurpose", "idMilitaryCity", "idSortAF", "idCombatArm", "codeNameMU") VALUES (87111100, 87110000, '577', 312, 333, 324, 'П0', 'ЕК0', '67669');
INSERT INTO public.military_unit ("idMU", "pidMU", "vChNumber", "idNameMU", "idPurpose", "idMilitaryCity", "idSortAF", "idCombatArm", "codeNameMU") VALUES (87111200, 87110000, '578', 313, 333, 322, 'П0', 'ЕК0', '68954');
INSERT INTO public.military_unit ("idMU", "pidMU", "vChNumber", "idNameMU", "idPurpose", "idMilitaryCity", "idSortAF", "idCombatArm", "codeNameMU") VALUES (88000000, 10000000, null, 151, 300, 333, 'К0', 'ГА0', null);
INSERT INTO public.military_unit ("idMU", "pidMU", "vChNumber", "idNameMU", "idPurpose", "idMilitaryCity", "idSortAF", "idCombatArm", "codeNameMU") VALUES (88010000, 88000000, null, 143, 130, 333, 'К0', 'ГА0', null);
INSERT INTO public.military_unit ("idMU", "pidMU", "vChNumber", "idNameMU", "idPurpose", "idMilitaryCity", "idSortAF", "idCombatArm", "codeNameMU") VALUES (88020000, 88000000, '450', 164, 340, 334, 'К0', 'НК0', '95859');
INSERT INTO public.military_unit ("idMU", "pidMU", "vChNumber", "idNameMU", "idPurpose", "idMilitaryCity", "idSortAF", "idCombatArm", "codeNameMU") VALUES (88030000, 88000000, '451', 167, 340, 335, 'К0', 'НК0', '95110');
INSERT INTO public.military_unit ("idMU", "pidMU", "vChNumber", "idNameMU", "idPurpose", "idMilitaryCity", "idSortAF", "idCombatArm", "codeNameMU") VALUES (88060000, 88000000, '454', 166, 340, 338, 'К0', 'ТУ0', '66174');
INSERT INTO public.military_unit ("idMU", "pidMU", "vChNumber", "idNameMU", "idPurpose", "idMilitaryCity", "idSortAF", "idCombatArm", "codeNameMU") VALUES (88070000, 88000000, '455', 201, 340, 337, 'К0', 'НМ0', '53634');
INSERT INTO public.military_unit ("idMU", "pidMU", "vChNumber", "idNameMU", "idPurpose", "idMilitaryCity", "idSortAF", "idCombatArm", "codeNameMU") VALUES (88080000, 88000000, '456', 168, 350, 336, 'К0', 'НЮ0', '12433');
INSERT INTO public.military_unit ("idMU", "pidMU", "vChNumber", "idNameMU", "idPurpose", "idMilitaryCity", "idSortAF", "idCombatArm", "codeNameMU") VALUES (88090000, 88000000, '457', 188, 340, 335, 'К0', 'ГЖ3', '81066');
INSERT INTO public.military_unit ("idMU", "pidMU", "vChNumber", "idNameMU", "idPurpose", "idMilitaryCity", "idSortAF", "idCombatArm", "codeNameMU") VALUES (88100000, 88000000, '350', 157, 300, 339, 'К0', 'ГА0', '76644');
INSERT INTO public.military_unit ("idMU", "pidMU", "vChNumber", "idNameMU", "idPurpose", "idMilitaryCity", "idSortAF", "idCombatArm", "codeNameMU") VALUES (88100100, 88100000, null, 125, 140, 339, 'К0', 'ГА0', null);
INSERT INTO public.military_unit ("idMU", "pidMU", "vChNumber", "idNameMU", "idPurpose", "idMilitaryCity", "idSortAF", "idCombatArm", "codeNameMU") VALUES (88100200, 88100000, '351', 170, 330, 340, 'К0', 'К00', '69580');
INSERT INTO public.military_unit ("idMU", "pidMU", "vChNumber", "idNameMU", "idPurpose", "idMilitaryCity", "idSortAF", "idCombatArm", "codeNameMU") VALUES (88100300, 88100000, '352', 170, 330, 341, 'К0', 'К00', '21227');
INSERT INTO public.military_unit ("idMU", "pidMU", "vChNumber", "idNameMU", "idPurpose", "idMilitaryCity", "idSortAF", "idCombatArm", "codeNameMU") VALUES (88100400, 88100000, '353', 170, 330, 342, 'К0', 'К00', '80818');
INSERT INTO public.military_unit ("idMU", "pidMU", "vChNumber", "idNameMU", "idPurpose", "idMilitaryCity", "idSortAF", "idCombatArm", "codeNameMU") VALUES (88100500, 88100000, '354', 237, 340, 343, 'К0', 'К00', '92541');
INSERT INTO public.military_unit ("idMU", "pidMU", "vChNumber", "idNameMU", "idPurpose", "idMilitaryCity", "idSortAF", "idCombatArm", "codeNameMU") VALUES (88100600, 88100000, '355', 236, 351, 342, 'К0', 'НХ0', '21334');
INSERT INTO public.military_unit ("idMU", "pidMU", "vChNumber", "idNameMU", "idPurpose", "idMilitaryCity", "idSortAF", "idCombatArm", "codeNameMU") VALUES (88100700, 88100000, '356', 164, 340, 343, 'К0', 'НК0', '67711');
INSERT INTO public.military_unit ("idMU", "pidMU", "vChNumber", "idNameMU", "idPurpose", "idMilitaryCity", "idSortAF", "idCombatArm", "codeNameMU") VALUES (88100800, 88100000, '357', 185, 340, 341, 'К0', 'НМ0', '35919');
INSERT INTO public.military_unit ("idMU", "pidMU", "vChNumber", "idNameMU", "idPurpose", "idMilitaryCity", "idSortAF", "idCombatArm", "codeNameMU") VALUES (88100900, 88100000, '358', 165, 560, 340, 'К0', 'Х00', '68784');
INSERT INTO public.military_unit ("idMU", "pidMU", "vChNumber", "idNameMU", "idPurpose", "idMilitaryCity", "idSortAF", "idCombatArm", "codeNameMU") VALUES (88110000, 88000000, '458', 157, 300, 344, 'К0', 'ГА0', '95062');
INSERT INTO public.military_unit ("idMU", "pidMU", "vChNumber", "idNameMU", "idPurpose", "idMilitaryCity", "idSortAF", "idCombatArm", "codeNameMU") VALUES (88110100, 88110000, null, 125, 140, 344, 'К0', 'ГА0', null);
INSERT INTO public.military_unit ("idMU", "pidMU", "vChNumber", "idNameMU", "idPurpose", "idMilitaryCity", "idSortAF", "idCombatArm", "codeNameMU") VALUES (88110200, 88110000, '460', 170, 330, 345, 'К0', 'К00', '80929');
INSERT INTO public.military_unit ("idMU", "pidMU", "vChNumber", "idNameMU", "idPurpose", "idMilitaryCity", "idSortAF", "idCombatArm", "codeNameMU") VALUES (88110300, 88110000, '461', 170, 330, 346, 'К0', 'К00', '80018');
INSERT INTO public.military_unit ("idMU", "pidMU", "vChNumber", "idNameMU", "idPurpose", "idMilitaryCity", "idSortAF", "idCombatArm", "codeNameMU") VALUES (88110400, 88110000, '462', 170, 330, 346, 'К0', 'К00', '28287');
INSERT INTO public.military_unit ("idMU", "pidMU", "vChNumber", "idNameMU", "idPurpose", "idMilitaryCity", "idSortAF", "idCombatArm", "codeNameMU") VALUES (88110500, 88110000, '463', 237, 340, 345, 'К0', 'К00', '89699');
INSERT INTO public.military_unit ("idMU", "pidMU", "vChNumber", "idNameMU", "idPurpose", "idMilitaryCity", "idSortAF", "idCombatArm", "codeNameMU") VALUES (88110600, 88110000, '464', 236, 351, 344, 'К0', 'НХ0', '91399');
INSERT INTO public.military_unit ("idMU", "pidMU", "vChNumber", "idNameMU", "idPurpose", "idMilitaryCity", "idSortAF", "idCombatArm", "codeNameMU") VALUES (88110700, 88110000, '465', 164, 340, 345, 'К0', 'НК0', '49384');
INSERT INTO public.military_unit ("idMU", "pidMU", "vChNumber", "idNameMU", "idPurpose", "idMilitaryCity", "idSortAF", "idCombatArm", "codeNameMU") VALUES (88110800, 88110000, '466', 185, 340, 347, 'К0', 'НМ0', '56257');
INSERT INTO public.military_unit ("idMU", "pidMU", "vChNumber", "idNameMU", "idPurpose", "idMilitaryCity", "idSortAF", "idCombatArm", "codeNameMU") VALUES (88110900, 88110000, '467', 165, 560, 347, 'К0', 'Х00', '30150');
INSERT INTO public.military_unit ("idMU", "pidMU", "vChNumber", "idNameMU", "idPurpose", "idMilitaryCity", "idSortAF", "idCombatArm", "codeNameMU") VALUES (88120000, 88000000, null, 318, 300, 363, 'С0', 'Л00', null);
INSERT INTO public.military_unit ("idMU", "pidMU", "vChNumber", "idNameMU", "idPurpose", "idMilitaryCity", "idSortAF", "idCombatArm", "codeNameMU") VALUES (88120100, 88120000, null, 320, 130, 363, 'С0', 'Л00', null);
INSERT INTO public.military_unit ("idMU", "pidMU", "vChNumber", "idNameMU", "idPurpose", "idMilitaryCity", "idSortAF", "idCombatArm", "codeNameMU") VALUES (88120200, 88120000, '836', 260, 330, 364, 'С0', 'ЛВ0', '29953');
INSERT INTO public.military_unit ("idMU", "pidMU", "vChNumber", "idNameMU", "idPurpose", "idMilitaryCity", "idSortAF", "idCombatArm", "codeNameMU") VALUES (88120300, 88120000, '837', 261, 330, 365, 'С0', 'ЛВ0', '89955');
INSERT INTO public.military_unit ("idMU", "pidMU", "vChNumber", "idNameMU", "idPurpose", "idMilitaryCity", "idSortAF", "idCombatArm", "codeNameMU") VALUES (88120400, 88120000, '838', 263, 331, 366, 'С0', 'ЛВ0', '23517');
INSERT INTO public.military_unit ("idMU", "pidMU", "vChNumber", "idNameMU", "idPurpose", "idMilitaryCity", "idSortAF", "idCombatArm", "codeNameMU") VALUES (88120500, 88120000, '839', 260, 332, 366, 'С0', 'ЛВ0', '27696');
INSERT INTO public.military_unit ("idMU", "pidMU", "vChNumber", "idNameMU", "idPurpose", "idMilitaryCity", "idSortAF", "idCombatArm", "codeNameMU") VALUES (88120600, 88120000, '840', 278, 332, 367, 'С0', 'ЛА0', '13213');
INSERT INTO public.military_unit ("idMU", "pidMU", "vChNumber", "idNameMU", "idPurpose", "idMilitaryCity", "idSortAF", "idCombatArm", "codeNameMU") VALUES (88120700, 88120000, '841', 262, 332, 365, 'С0', 'ЛВ0', '84181');
INSERT INTO public.military_unit ("idMU", "pidMU", "vChNumber", "idNameMU", "idPurpose", "idMilitaryCity", "idSortAF", "idCombatArm", "codeNameMU") VALUES (88120800, 88120000, '842', 252, 331, 364, 'С0', 'ЛД0', '50574');
INSERT INTO public.military_unit ("idMU", "pidMU", "vChNumber", "idNameMU", "idPurpose", "idMilitaryCity", "idSortAF", "idCombatArm", "codeNameMU") VALUES (89000000, 10000000, null, 153, 300, 348, 'С0', 'Л00', null);
INSERT INTO public.military_unit ("idMU", "pidMU", "vChNumber", "idNameMU", "idPurpose", "idMilitaryCity", "idSortAF", "idCombatArm", "codeNameMU") VALUES (89010000, 89000000, null, 147, 130, 348, 'С0', 'Л00', null);
INSERT INTO public.military_unit ("idMU", "pidMU", "vChNumber", "idNameMU", "idPurpose", "idMilitaryCity", "idSortAF", "idCombatArm", "codeNameMU") VALUES (89020000, 89000000, '71', 260, 330, 349, 'С0', 'ЛВ0', '33183');
INSERT INTO public.military_unit ("idMU", "pidMU", "vChNumber", "idNameMU", "idPurpose", "idMilitaryCity", "idSortAF", "idCombatArm", "codeNameMU") VALUES (89030000, 89000000, '72', 261, 330, 350, 'С0', 'ЛВ0', '36126');
INSERT INTO public.military_unit ("idMU", "pidMU", "vChNumber", "idNameMU", "idPurpose", "idMilitaryCity", "idSortAF", "idCombatArm", "codeNameMU") VALUES (89040000, 89000000, '73', 263, 331, 351, 'С0', 'ЛВ0', '81937');
INSERT INTO public.military_unit ("idMU", "pidMU", "vChNumber", "idNameMU", "idPurpose", "idMilitaryCity", "idSortAF", "idCombatArm", "codeNameMU") VALUES (89050000, 89000000, '74', 167, 340, 352, 'С0', 'НК0', '82447');
INSERT INTO public.military_unit ("idMU", "pidMU", "vChNumber", "idNameMU", "idPurpose", "idMilitaryCity", "idSortAF", "idCombatArm", "codeNameMU") VALUES (89060000, 89000000, '75', 279, 340, 350, 'С0', 'НМ0', '72106');
INSERT INTO public.military_unit ("idMU", "pidMU", "vChNumber", "idNameMU", "idPurpose", "idMilitaryCity", "idSortAF", "idCombatArm", "codeNameMU") VALUES (89070000, 89000000, '76', 282, 340, 349, 'С0', 'ЕП0', '56860');
INSERT INTO public.military_unit ("idMU", "pidMU", "vChNumber", "idNameMU", "idPurpose", "idMilitaryCity", "idSortAF", "idCombatArm", "codeNameMU") VALUES (89080000, 89000000, '501', 263, 332, 352, 'С0', 'ЛА0', '76821');
INSERT INTO public.military_unit ("idMU", "pidMU", "vChNumber", "idNameMU", "idPurpose", "idMilitaryCity", "idSortAF", "idCombatArm", "codeNameMU") VALUES (89090000, 89000000, '503', 261, 332, 351, 'С0', 'ЛВ0', '84253');
INSERT INTO public.military_unit ("idMU", "pidMU", "vChNumber", "idNameMU", "idPurpose", "idMilitaryCity", "idSortAF", "idCombatArm", "codeNameMU") VALUES (89100000, 89000000, '504', 260, 332, 349, 'С0', 'ЛВ0', '92827');
INSERT INTO public.military_unit ("idMU", "pidMU", "vChNumber", "idNameMU", "idPurpose", "idMilitaryCity", "idSortAF", "idCombatArm", "codeNameMU") VALUES (89110000, 89000000, '505', 262, 332, 353, 'С0', 'ЛВ0', '50264');
INSERT INTO public.military_unit ("idMU", "pidMU", "vChNumber", "idNameMU", "idPurpose", "idMilitaryCity", "idSortAF", "idCombatArm", "codeNameMU") VALUES (89120000, 89000000, '506', 277, 330, 348, 'С0', 'ЛЖ0', '70583');
INSERT INTO public.military_unit ("idMU", "pidMU", "vChNumber", "idNameMU", "idPurpose", "idMilitaryCity", "idSortAF", "idCombatArm", "codeNameMU") VALUES (89130000, 89000000, '507', 170, 330, 354, 'К0', 'К00', '87618');
INSERT INTO public.military_unit ("idMU", "pidMU", "vChNumber", "idNameMU", "idPurpose", "idMilitaryCity", "idSortAF", "idCombatArm", "codeNameMU") VALUES (83010000, 83000000, '888', 315, 330, 227, 'Ж0', 'ЕК0', '12236');
INSERT INTO public.military_unit ("idMU", "pidMU", "vChNumber", "idNameMU", "idPurpose", "idMilitaryCity", "idSortAF", "idCombatArm", "codeNameMU") VALUES (85580203, 85580200, '90', 178, 330, 256, 'К0', 'ГА1', '34605');
INSERT INTO public.military_unit ("idMU", "pidMU", "vChNumber", "idNameMU", "idPurpose", "idMilitaryCity", "idSortAF", "idCombatArm", "codeNameMU") VALUES (81040000, 81000000, '50', 266, 330, 215, 'П0', 'ЕЖ0', '97350');
INSERT INTO public.military_unit ("idMU", "pidMU", "vChNumber", "idNameMU", "idPurpose", "idMilitaryCity", "idSortAF", "idCombatArm", "codeNameMU") VALUES (87120000, 87000000, '579', 266, 330, 327, 'П0', 'ЕЖ0', '51055');
INSERT INTO public.military_unit ("idMU", "pidMU", "vChNumber", "idNameMU", "idPurpose", "idMilitaryCity", "idSortAF", "idCombatArm", "codeNameMU") VALUES (85060000, 85000000, null, 281, 330, 53, 'К0', 'ЕЖ0', null);
INSERT INTO public.military_unit ("idMU", "pidMU", "vChNumber", "idNameMU", "idPurpose", "idMilitaryCity", "idSortAF", "idCombatArm", "codeNameMU") VALUES (85550300, 85550000, '183', 181, 600, 105, 'К0', 'ЕЖ0', '61683');
INSERT INTO public.military_unit ("idMU", "pidMU", "vChNumber", "idNameMU", "idPurpose", "idMilitaryCity", "idSortAF", "idCombatArm", "codeNameMU") VALUES (85570600, 85570000, '44', 266, 330, 116, 'К0', 'ЕЖ0', '19972');
INSERT INTO public.military_unit ("idMU", "pidMU", "vChNumber", "idNameMU", "idPurpose", "idMilitaryCity", "idSortAF", "idCombatArm", "codeNameMU") VALUES (85580307, 85580300, '17', 176, 330, 127, 'К0', 'ЕЖ0', '22384');
INSERT INTO public.military_unit ("idMU", "pidMU", "vChNumber", "idNameMU", "idPurpose", "idMilitaryCity", "idSortAF", "idCombatArm", "codeNameMU") VALUES (85590200, 85590000, '200', 159, 330, 130, 'П0', 'ЕЖ0', '69263');
INSERT INTO public.military_unit ("idMU", "pidMU", "vChNumber", "idNameMU", "idPurpose", "idMilitaryCity", "idSortAF", "idCombatArm", "codeNameMU") VALUES (85590201, 85590200, null, 132, 310, 130, 'П0', 'ЕЖ0', null);
INSERT INTO public.military_unit ("idMU", "pidMU", "vChNumber", "idNameMU", "idPurpose", "idMilitaryCity", "idSortAF", "idCombatArm", "codeNameMU") VALUES (85590202, 85590200, '201', 176, 330, 131, 'П0', 'ЕЖ0', '29503');
INSERT INTO public.military_unit ("idMU", "pidMU", "vChNumber", "idNameMU", "idPurpose", "idMilitaryCity", "idSortAF", "idCombatArm", "codeNameMU") VALUES (85590203, 85590200, '202', 176, 330, 131, 'П0', 'ЕЖ0', '29812');
INSERT INTO public.military_unit ("idMU", "pidMU", "vChNumber", "idNameMU", "idPurpose", "idMilitaryCity", "idSortAF", "idCombatArm", "codeNameMU") VALUES (85590300, 85590000, '300', 159, 330, 132, 'П0', 'ЕЖ0', '95948');
INSERT INTO public.military_unit ("idMU", "pidMU", "vChNumber", "idNameMU", "idPurpose", "idMilitaryCity", "idSortAF", "idCombatArm", "codeNameMU") VALUES (85590301, 85590300, null, 132, 310, 132, 'П0', 'ЕЖ0', null);
INSERT INTO public.military_unit ("idMU", "pidMU", "vChNumber", "idNameMU", "idPurpose", "idMilitaryCity", "idSortAF", "idCombatArm", "codeNameMU") VALUES (85590302, 85590300, '301', 176, 330, 132, 'П0', 'ЕЖ0', '30837');
INSERT INTO public.military_unit ("idMU", "pidMU", "vChNumber", "idNameMU", "idPurpose", "idMilitaryCity", "idSortAF", "idCombatArm", "codeNameMU") VALUES (85590303, 85590300, '302', 176, 330, 133, 'П0', 'ЕЖ0', '92118');
INSERT INTO public.military_unit ("idMU", "pidMU", "vChNumber", "idNameMU", "idPurpose", "idMilitaryCity", "idSortAF", "idCombatArm", "codeNameMU") VALUES (11020000, 11000000, null, 114, 110, 2, 'В0', 'В00', null);
INSERT INTO public.military_unit ("idMU", "pidMU", "vChNumber", "idNameMU", "idPurpose", "idMilitaryCity", "idSortAF", "idCombatArm", "codeNameMU") VALUES (44000000, 10000000, null, 232, 110, 17, 'А0', 'А00', null);
INSERT INTO public.military_unit ("idMU", "pidMU", "vChNumber", "idNameMU", "idPurpose", "idMilitaryCity", "idSortAF", "idCombatArm", "codeNameMU") VALUES (81030900, 81030000, '785', 184, 340, 213, 'П0', 'ЕК0', '71846');
INSERT INTO public.military_unit ("idMU", "pidMU", "vChNumber", "idNameMU", "idPurpose", "idMilitaryCity", "idSortAF", "idCombatArm", "codeNameMU") VALUES (82030000, 82000000, '52', 263, 331, 223, 'С0', 'ЛВ0', '92388');
INSERT INTO public.military_unit ("idMU", "pidMU", "vChNumber", "idNameMU", "idPurpose", "idMilitaryCity", "idSortAF", "idCombatArm", "codeNameMU") VALUES (83010400, 83010000, '866', 236, 460, 238, 'Ж0', 'ЕК0', '85978');
INSERT INTO public.military_unit ("idMU", "pidMU", "vChNumber", "idNameMU", "idPurpose", "idMilitaryCity", "idSortAF", "idCombatArm", "codeNameMU") VALUES (83010500, 83010000, '867', 237, 460, 239, 'Ж0', 'ЕК0', '84990');
INSERT INTO public.military_unit ("idMU", "pidMU", "vChNumber", "idNameMU", "idPurpose", "idMilitaryCity", "idSortAF", "idCombatArm", "codeNameMU") VALUES (83010200, 83010000, '889', 316, 330, 228, 'Ж0', 'ЕК0', '72248');
INSERT INTO public.military_unit ("idMU", "pidMU", "vChNumber", "idNameMU", "idPurpose", "idMilitaryCity", "idSortAF", "idCombatArm", "codeNameMU") VALUES (87140000, 87000000, '581', 169, 340, 329, 'П0', 'НД0', '97588');
INSERT INTO public.military_unit ("idMU", "pidMU", "vChNumber", "idNameMU", "idPurpose", "idMilitaryCity", "idSortAF", "idCombatArm", "codeNameMU") VALUES (87150000, 87000000, '582', 167, 340, 330, 'П0', 'НК0', '77378');
INSERT INTO public.military_unit ("idMU", "pidMU", "vChNumber", "idNameMU", "idPurpose", "idMilitaryCity", "idSortAF", "idCombatArm", "codeNameMU") VALUES (87160000, 87000000, '583', 279, 340, 331, 'П0', 'НМ0', '33408');
INSERT INTO public.military_unit ("idMU", "pidMU", "vChNumber", "idNameMU", "idPurpose", "idMilitaryCity", "idSortAF", "idCombatArm", "codeNameMU") VALUES (87170000, 87000000, '584', 282, 340, 332, 'П0', 'ЕП0', '39172');
INSERT INTO public.military_unit ("idMU", "pidMU", "vChNumber", "idNameMU", "idPurpose", "idMilitaryCity", "idSortAF", "idCombatArm", "codeNameMU") VALUES (88040000, 88000000, '452', 162, 330, 336, 'К0', 'ГЖ3', '74133');
INSERT INTO public.military_unit ("idMU", "pidMU", "vChNumber", "idNameMU", "idPurpose", "idMilitaryCity", "idSortAF", "idCombatArm", "codeNameMU") VALUES (88050000, 88000000, '453', 169, 340, 337, 'К0', 'ГЖ3', '96678');
INSERT INTO public.military_unit ("idMU", "pidMU", "vChNumber", "idNameMU", "idPurpose", "idMilitaryCity", "idSortAF", "idCombatArm", "codeNameMU") VALUES (81100000, 81000000, '1001', 239, 333, 35, 'П0', 'И00', '50962');
INSERT INTO public.military_unit ("idMU", "pidMU", "vChNumber", "idNameMU", "idPurpose", "idMilitaryCity", "idSortAF", "idCombatArm", "codeNameMU") VALUES (83010201, 83010200, null, 132, 310, 228, 'Ж0', 'НУ0', null);
INSERT INTO public.military_unit ("idMU", "pidMU", "vChNumber", "idNameMU", "idPurpose", "idMilitaryCity", "idSortAF", "idCombatArm", "codeNameMU") VALUES (83010202, 83010200, '902', 172, 330, 229, 'Ж0', 'НУ0', '26234');
INSERT INTO public.military_unit ("idMU", "pidMU", "vChNumber", "idNameMU", "idPurpose", "idMilitaryCity", "idSortAF", "idCombatArm", "codeNameMU") VALUES (83010203, 83010200, '903', 173, 330, 230, 'Ж0', 'НУ0', '77553');
INSERT INTO public.military_unit ("idMU", "pidMU", "vChNumber", "idNameMU", "idPurpose", "idMilitaryCity", "idSortAF", "idCombatArm", "codeNameMU") VALUES (83010204, 83010200, '904', 174, 330, 231, 'Ж0', 'НУ0', '44026');
INSERT INTO public.military_unit ("idMU", "pidMU", "vChNumber", "idNameMU", "idPurpose", "idMilitaryCity", "idSortAF", "idCombatArm", "codeNameMU") VALUES (83010205, 83010200, '905', 304, 330, 232, 'Ж0', 'НУ0', '14666');
INSERT INTO public.military_unit ("idMU", "pidMU", "vChNumber", "idNameMU", "idPurpose", "idMilitaryCity", "idSortAF", "idCombatArm", "codeNameMU") VALUES (83010206, 83010200, '906', 305, 330, 232, 'Ж0', 'НУ0', '66677');
INSERT INTO public.military_unit ("idMU", "pidMU", "vChNumber", "idNameMU", "idPurpose", "idMilitaryCity", "idSortAF", "idCombatArm", "codeNameMU") VALUES (83010207, 83010200, '907', 186, 340, 230, 'Ж0', 'ЕК0', '81141');
INSERT INTO public.military_unit ("idMU", "pidMU", "vChNumber", "idNameMU", "idPurpose", "idMilitaryCity", "idSortAF", "idCombatArm", "codeNameMU") VALUES (83010208, 83010200, '908', 187, 340, 229, 'Ж0', 'ЕК0', '31014');
INSERT INTO public.military_unit ("idMU", "pidMU", "vChNumber", "idNameMU", "idPurpose", "idMilitaryCity", "idSortAF", "idCombatArm", "codeNameMU") VALUES (83010209, 83010200, '909', 184, 340, 231, 'Ж0', 'ЕК0', '95683');
INSERT INTO public.military_unit ("idMU", "pidMU", "vChNumber", "idNameMU", "idPurpose", "idMilitaryCity", "idSortAF", "idCombatArm", "codeNameMU") VALUES (83010210, 83010200, '910', 185, 340, 232, 'Ж0', 'ЕК0', '81261');
INSERT INTO public.military_unit ("idMU", "pidMU", "vChNumber", "idNameMU", "idPurpose", "idMilitaryCity", "idSortAF", "idCombatArm", "codeNameMU") VALUES (83010211, 83010200, '911', 312, 333, 228, 'Ж0', 'ЕК0', '23307');
INSERT INTO public.military_unit ("idMU", "pidMU", "vChNumber", "idNameMU", "idPurpose", "idMilitaryCity", "idSortAF", "idCombatArm", "codeNameMU") VALUES (83010212, 83010200, '912', 313, 333, 229, 'Ж0', 'ЕК0', '70278');
INSERT INTO public.military_unit ("idMU", "pidMU", "vChNumber", "idNameMU", "idPurpose", "idMilitaryCity", "idSortAF", "idCombatArm", "codeNameMU") VALUES (83010300, 83010000, '801', 316, 330, 233, 'Ж0', 'ЕК0', '62311');
INSERT INTO public.military_unit ("idMU", "pidMU", "vChNumber", "idNameMU", "idPurpose", "idMilitaryCity", "idSortAF", "idCombatArm", "codeNameMU") VALUES (83010100, 83010000, null, 125, 140, 227, 'Ж0', 'ЕК0', null);
INSERT INTO public.military_unit ("idMU", "pidMU", "vChNumber", "idNameMU", "idPurpose", "idMilitaryCity", "idSortAF", "idCombatArm", "codeNameMU") VALUES (85560000, 85000000, '3', 157, 300, 240, 'К0', 'К00', '53025');
INSERT INTO public.military_unit ("idMU", "pidMU", "vChNumber", "idNameMU", "idPurpose", "idMilitaryCity", "idSortAF", "idCombatArm", "codeNameMU") VALUES (85570215, 85570200, '81', 313, 333, 249, 'К0', 'ТМ0', '60309');
INSERT INTO public.military_unit ("idMU", "pidMU", "vChNumber", "idNameMU", "idPurpose", "idMilitaryCity", "idSortAF", "idCombatArm", "codeNameMU") VALUES (85580206, 85580200, '93', 175, 330, 258, 'К0', 'ГЖ0', '63559');
INSERT INTO public.military_unit ("idMU", "pidMU", "vChNumber", "idNameMU", "idPurpose", "idMilitaryCity", "idSortAF", "idCombatArm", "codeNameMU") VALUES (85570203, 85570200, '69', 178, 330, 250, 'К0', 'ГА1', '17281');
INSERT INTO public.military_unit ("idMU", "pidMU", "vChNumber", "idNameMU", "idPurpose", "idMilitaryCity", "idSortAF", "idCombatArm", "codeNameMU") VALUES (85590204, 85590200, '203', 304, 340, 131, 'П0', 'ЕК4', '49710');
INSERT INTO public.military_unit ("idMU", "pidMU", "vChNumber", "idNameMU", "idPurpose", "idMilitaryCity", "idSortAF", "idCombatArm", "codeNameMU") VALUES (85590304, 85590300, '303', 304, 340, 133, 'П0', 'ЕК4', '37311');
INSERT INTO public.military_unit ("idMU", "pidMU", "vChNumber", "idNameMU", "idPurpose", "idMilitaryCity", "idSortAF", "idCombatArm", "codeNameMU") VALUES (85590400, 85590000, '400', 161, 331, 134, 'П0', 'И00', '41980');
INSERT INTO public.military_unit ("idMU", "pidMU", "vChNumber", "idNameMU", "idPurpose", "idMilitaryCity", "idSortAF", "idCombatArm", "codeNameMU") VALUES (86000000, 10000000, null, 155, 300, 141, 'К0', 'ГА0', null);
INSERT INTO public.military_unit ("idMU", "pidMU", "vChNumber", "idNameMU", "idPurpose", "idMilitaryCity", "idSortAF", "idCombatArm", "codeNameMU") VALUES (87010000, 87000000, null, 143, 130, 155, 'К0', 'ГА0', null);
INSERT INTO public.military_unit ("idMU", "pidMU", "vChNumber", "idNameMU", "idPurpose", "idMilitaryCity", "idSortAF", "idCombatArm", "codeNameMU") VALUES (87100800, 87100000, '62', 185, 340, 319, 'К0', 'НМ0', '33801');
INSERT INTO public.military_unit ("idMU", "pidMU", "vChNumber", "idNameMU", "idPurpose", "idMilitaryCity", "idSortAF", "idCombatArm", "codeNameMU") VALUES (87130000, 87000000, '580', 166, 340, 328, 'П0', 'НЖ0', '66611');
INSERT INTO public.military_unit ("idMU", "pidMU", "vChNumber", "idNameMU", "idPurpose", "idMilitaryCity", "idSortAF", "idCombatArm", "codeNameMU") VALUES (80040000, 80000000, '34', 314, 330, 178, 'К0', 'ГВ0', '67330');
INSERT INTO public.military_unit ("idMU", "pidMU", "vChNumber", "idNameMU", "idPurpose", "idMilitaryCity", "idSortAF", "idCombatArm", "codeNameMU") VALUES (80040100, 80040000, null, 132, 310, 178, 'К0', 'ГВ0', null);
INSERT INTO public.military_unit ("idMU", "pidMU", "vChNumber", "idNameMU", "idPurpose", "idMilitaryCity", "idSortAF", "idCombatArm", "codeNameMU") VALUES (80040200, 80040000, '35', 180, 330, 179, 'К0', 'ГВ0', '75901');
INSERT INTO public.military_unit ("idMU", "pidMU", "vChNumber", "idNameMU", "idPurpose", "idMilitaryCity", "idSortAF", "idCombatArm", "codeNameMU") VALUES (80040300, 80040000, '36', 180, 330, 180, 'К0', 'ГВ0', '83921');
INSERT INTO public.military_unit ("idMU", "pidMU", "vChNumber", "idNameMU", "idPurpose", "idMilitaryCity", "idSortAF", "idCombatArm", "codeNameMU") VALUES (80040400, 80040000, '37', 180, 330, 181, 'К0', 'ГВ0', '26665');
INSERT INTO public.military_unit ("idMU", "pidMU", "vChNumber", "idNameMU", "idPurpose", "idMilitaryCity", "idSortAF", "idCombatArm", "codeNameMU") VALUES (80040500, 80040000, '38', 178, 330, 179, 'К0', 'ГА1', '82899');
INSERT INTO public.military_unit ("idMU", "pidMU", "vChNumber", "idNameMU", "idPurpose", "idMilitaryCity", "idSortAF", "idCombatArm", "codeNameMU") VALUES (80040600, 80040000, '39', 175, 330, 182, 'К0', 'ГЖ0', '93879');
INSERT INTO public.military_unit ("idMU", "pidMU", "vChNumber", "idNameMU", "idPurpose", "idMilitaryCity", "idSortAF", "idCombatArm", "codeNameMU") VALUES (80040700, 80040000, '40', 176, 330, 180, 'К0', 'ЕЖ1', '47457');
INSERT INTO public.military_unit ("idMU", "pidMU", "vChNumber", "idNameMU", "idPurpose", "idMilitaryCity", "idSortAF", "idCombatArm", "codeNameMU") VALUES (80040800, 80040000, '41', 190, 330, 181, 'К0', 'ГЖ0', '70191');
INSERT INTO public.military_unit ("idMU", "pidMU", "vChNumber", "idNameMU", "idPurpose", "idMilitaryCity", "idSortAF", "idCombatArm", "codeNameMU") VALUES (80040900, 80040000, '42', 189, 340, 180, 'К0', 'НА0', '86963');
INSERT INTO public.military_unit ("idMU", "pidMU", "vChNumber", "idNameMU", "idPurpose", "idMilitaryCity", "idSortAF", "idCombatArm", "codeNameMU") VALUES (80041000, 80040000, '43', 186, 340, 182, 'К0', 'НК0', '35982');
INSERT INTO public.military_unit ("idMU", "pidMU", "vChNumber", "idNameMU", "idPurpose", "idMilitaryCity", "idSortAF", "idCombatArm", "codeNameMU") VALUES (80041100, 80040000, '44', 187, 340, 181, 'К0', 'НД0', '51960');
INSERT INTO public.military_unit ("idMU", "pidMU", "vChNumber", "idNameMU", "idPurpose", "idMilitaryCity", "idSortAF", "idCombatArm", "codeNameMU") VALUES (80041200, 80040000, '45', 184, 340, 182, 'К0', 'НЖ0', '63685');
INSERT INTO public.military_unit ("idMU", "pidMU", "vChNumber", "idNameMU", "idPurpose", "idMilitaryCity", "idSortAF", "idCombatArm", "codeNameMU") VALUES (80041300, 80040000, '46', 185, 340, 181, 'К0', 'ЕП0', '52819');
INSERT INTO public.military_unit ("idMU", "pidMU", "vChNumber", "idNameMU", "idPurpose", "idMilitaryCity", "idSortAF", "idCombatArm", "codeNameMU") VALUES (80041400, 80040000, '47', 312, 333, 179, 'К0', 'Х00', '80374');
INSERT INTO public.military_unit ("idMU", "pidMU", "vChNumber", "idNameMU", "idPurpose", "idMilitaryCity", "idSortAF", "idCombatArm", "codeNameMU") VALUES (80041500, 80040000, '48', 313, 333, 179, 'К0', 'ТМ0', '96562');
INSERT INTO public.military_unit ("idMU", "pidMU", "vChNumber", "idNameMU", "idPurpose", "idMilitaryCity", "idSortAF", "idCombatArm", "codeNameMU") VALUES (80050000, 80000000, '43', 170, 330, 183, 'К0', 'ГА1', '56918');
INSERT INTO public.military_unit ("idMU", "pidMU", "vChNumber", "idNameMU", "idPurpose", "idMilitaryCity", "idSortAF", "idCombatArm", "codeNameMU") VALUES (80060000, 80000000, '44', 170, 330, 184, 'К0', 'ГА1', '23337');
INSERT INTO public.military_unit ("idMU", "pidMU", "vChNumber", "idNameMU", "idPurpose", "idMilitaryCity", "idSortAF", "idCombatArm", "codeNameMU") VALUES (80070000, 80000000, '45', 170, 330, 185, 'К0', 'ГА1', '77034');
INSERT INTO public.military_unit ("idMU", "pidMU", "vChNumber", "idNameMU", "idPurpose", "idMilitaryCity", "idSortAF", "idCombatArm", "codeNameMU") VALUES (80080000, 80000000, '46', 171, 330, 186, 'К0', 'ГВ0', '43600');
INSERT INTO public.military_unit ("idMU", "pidMU", "vChNumber", "idNameMU", "idPurpose", "idMilitaryCity", "idSortAF", "idCombatArm", "codeNameMU") VALUES (80090000, 80000000, '47', 171, 330, 187, 'К0', 'ГВ0', '80807');
INSERT INTO public.military_unit ("idMU", "pidMU", "vChNumber", "idNameMU", "idPurpose", "idMilitaryCity", "idSortAF", "idCombatArm", "codeNameMU") VALUES (80100000, 80000000, '48', 162, 330, 188, 'К0', 'ГЖ0', '33321');
INSERT INTO public.military_unit ("idMU", "pidMU", "vChNumber", "idNameMU", "idPurpose", "idMilitaryCity", "idSortAF", "idCombatArm", "codeNameMU") VALUES (80110000, 80000000, '49', 172, 330, 189, 'К0', 'ГЖ0', '68950');
INSERT INTO public.military_unit ("idMU", "pidMU", "vChNumber", "idNameMU", "idPurpose", "idMilitaryCity", "idSortAF", "idCombatArm", "codeNameMU") VALUES (80130000, 80000000, '51', 166, 340, 191, 'К0', 'НЖ0', '45672');
INSERT INTO public.military_unit ("idMU", "pidMU", "vChNumber", "idNameMU", "idPurpose", "idMilitaryCity", "idSortAF", "idCombatArm", "codeNameMU") VALUES (80140000, 80000000, '52', 169, 340, 192, 'К0', 'НД0', '36219');
INSERT INTO public.military_unit ("idMU", "pidMU", "vChNumber", "idNameMU", "idPurpose", "idMilitaryCity", "idSortAF", "idCombatArm", "codeNameMU") VALUES (80150000, 80000000, '43', 167, 340, 193, 'К0', 'НК0', '54460');
INSERT INTO public.military_unit ("idMU", "pidMU", "vChNumber", "idNameMU", "idPurpose", "idMilitaryCity", "idSortAF", "idCombatArm", "codeNameMU") VALUES (80160000, 80000000, '44', 279, 340, 194, 'К0', 'НМ0', '91568');
INSERT INTO public.military_unit ("idMU", "pidMU", "vChNumber", "idNameMU", "idPurpose", "idMilitaryCity", "idSortAF", "idCombatArm", "codeNameMU") VALUES (80170000, 80000000, '45', 282, 340, 195, 'К0', 'ЕП0', '86392');
INSERT INTO public.military_unit ("idMU", "pidMU", "vChNumber", "idNameMU", "idPurpose", "idMilitaryCity", "idSortAF", "idCombatArm", "codeNameMU") VALUES (80180000, 80000000, '71', 238, 351, 27, 'К0', 'НХ0', '84185');
INSERT INTO public.military_unit ("idMU", "pidMU", "vChNumber", "idNameMU", "idPurpose", "idMilitaryCity", "idSortAF", "idCombatArm", "codeNameMU") VALUES (80190000, 80000000, '72', 239, 333, 28, 'К0', 'К00', '84690');
INSERT INTO public.military_unit ("idMU", "pidMU", "vChNumber", "idNameMU", "idPurpose", "idMilitaryCity", "idSortAF", "idCombatArm", "codeNameMU") VALUES (80200000, 80000000, '73', 200, 340, 29, 'К0', 'К00', '18584');
INSERT INTO public.military_unit ("idMU", "pidMU", "vChNumber", "idNameMU", "idPurpose", "idMilitaryCity", "idSortAF", "idCombatArm", "codeNameMU") VALUES (80210000, 80000000, '74', 199, 700, 30, 'К0', 'К00', '12881');
INSERT INTO public.military_unit ("idMU", "pidMU", "vChNumber", "idNameMU", "idPurpose", "idMilitaryCity", "idSortAF", "idCombatArm", "codeNameMU") VALUES (80010900, 80010100, '52', 190, 330, 166, 'К0', 'ГЖ0', '99247');
INSERT INTO public.military_unit ("idMU", "pidMU", "vChNumber", "idNameMU", "idPurpose", "idMilitaryCity", "idSortAF", "idCombatArm", "codeNameMU") VALUES (80020300, 80020000, '14', 178, 330, 169, 'К0', 'ГА1', '15689');
INSERT INTO public.military_unit ("idMU", "pidMU", "vChNumber", "idNameMU", "idPurpose", "idMilitaryCity", "idSortAF", "idCombatArm", "codeNameMU") VALUES (80030700, 80030000, '107', 176, 330, 176, 'К0', 'ЕЖ1', '13951');
INSERT INTO public.military_unit ("idMU", "pidMU", "vChNumber", "idNameMU", "idPurpose", "idMilitaryCity", "idSortAF", "idCombatArm", "codeNameMU") VALUES (80030800, 80030000, '108', 190, 330, 175, 'К0', 'ГЖ0', '15292');
INSERT INTO public.military_unit ("idMU", "pidMU", "vChNumber", "idNameMU", "idPurpose", "idMilitaryCity", "idSortAF", "idCombatArm", "codeNameMU") VALUES (85560200, 85560000, '76', 160, 330, 241, 'К0', 'ГА1', '72476');
INSERT INTO public.military_unit ("idMU", "pidMU", "vChNumber", "idNameMU", "idPurpose", "idMilitaryCity", "idSortAF", "idCombatArm", "codeNameMU") VALUES (85560300, 85560200, null, 132, 310, 241, 'К0', 'ГА1', null);
INSERT INTO public.military_unit ("idMU", "pidMU", "vChNumber", "idNameMU", "idPurpose", "idMilitaryCity", "idSortAF", "idCombatArm", "codeNameMU") VALUES (85560400, 85560200, '77', 178, 330, 242, 'К0', 'ГА1', '60643');
INSERT INTO public.military_unit ("idMU", "pidMU", "vChNumber", "idNameMU", "idPurpose", "idMilitaryCity", "idSortAF", "idCombatArm", "codeNameMU") VALUES (85560700, 85560200, '80', 180, 330, 245, 'К0', 'ГВ0', '25794');
INSERT INTO public.military_unit ("idMU", "pidMU", "vChNumber", "idNameMU", "idPurpose", "idMilitaryCity", "idSortAF", "idCombatArm", "codeNameMU") VALUES (85560800, 85560200, '81', 175, 330, 243, 'К0', 'ГЖ0', '20055');
INSERT INTO public.military_unit ("idMU", "pidMU", "vChNumber", "idNameMU", "idPurpose", "idMilitaryCity", "idSortAF", "idCombatArm", "codeNameMU") VALUES (85560900, 85560200, '82', 176, 330, 245, 'К0', 'ЕЖ1', '26397');
INSERT INTO public.military_unit ("idMU", "pidMU", "vChNumber", "idNameMU", "idPurpose", "idMilitaryCity", "idSortAF", "idCombatArm", "codeNameMU") VALUES (85561000, 85560200, '83', 190, 330, 246, 'К0', 'ГЖ0', '47186');
INSERT INTO public.military_unit ("idMU", "pidMU", "vChNumber", "idNameMU", "idPurpose", "idMilitaryCity", "idSortAF", "idCombatArm", "codeNameMU") VALUES (85561100, 85560200, '84', 189, 340, 244, 'К0', 'НА0', '84035');
INSERT INTO public.military_unit ("idMU", "pidMU", "vChNumber", "idNameMU", "idPurpose", "idMilitaryCity", "idSortAF", "idCombatArm", "codeNameMU") VALUES (85561200, 85560200, '85', 186, 340, 241, 'К0', 'НК0', '56285');
INSERT INTO public.military_unit ("idMU", "pidMU", "vChNumber", "idNameMU", "idPurpose", "idMilitaryCity", "idSortAF", "idCombatArm", "codeNameMU") VALUES (85561300, 85560200, '86', 187, 340, 243, 'К0', 'НД0', '80450');
INSERT INTO public.military_unit ("idMU", "pidMU", "vChNumber", "idNameMU", "idPurpose", "idMilitaryCity", "idSortAF", "idCombatArm", "codeNameMU") VALUES (85561400, 85560200, '87', 184, 340, 246, 'К0', 'НЖ0', '83612');
INSERT INTO public.military_unit ("idMU", "pidMU", "vChNumber", "idNameMU", "idPurpose", "idMilitaryCity", "idSortAF", "idCombatArm", "codeNameMU") VALUES (85561500, 85560200, '88', 185, 340, 246, 'К0', 'ЕП0', '98879');
INSERT INTO public.military_unit ("idMU", "pidMU", "vChNumber", "idNameMU", "idPurpose", "idMilitaryCity", "idSortAF", "idCombatArm", "codeNameMU") VALUES (85562000, 85560000, '33', 258, 351, 105, 'К0', 'НХ0', '79032');
INSERT INTO public.military_unit ("idMU", "pidMU", "vChNumber", "idNameMU", "idPurpose", "idMilitaryCity", "idSortAF", "idCombatArm", "codeNameMU") VALUES (85562100, 85560000, '34', 162, 330, 110, 'К0', 'ГЖ3', '77679');
INSERT INTO public.military_unit ("idMU", "pidMU", "vChNumber", "idNameMU", "idPurpose", "idMilitaryCity", "idSortAF", "idCombatArm", "codeNameMU") VALUES (85562200, 85560000, '35', 258, 351, 111, 'К0', 'НХ0', '18782');
INSERT INTO public.military_unit ("idMU", "pidMU", "vChNumber", "idNameMU", "idPurpose", "idMilitaryCity", "idSortAF", "idCombatArm", "codeNameMU") VALUES (85562400, 85560000, '37', 280, 340, 105, 'К0', 'НК0', '77146');
INSERT INTO public.military_unit ("idMU", "pidMU", "vChNumber", "idNameMU", "idPurpose", "idMilitaryCity", "idSortAF", "idCombatArm", "codeNameMU") VALUES (85562500, 85560000, '38', 172, 330, 112, 'К0', 'ГЖ1', '81861');
INSERT INTO public.military_unit ("idMU", "pidMU", "vChNumber", "idNameMU", "idPurpose", "idMilitaryCity", "idSortAF", "idCombatArm", "codeNameMU") VALUES (85562600, 85560000, '39', 165, 560, 113, 'К0', 'НХ0', '92657');
INSERT INTO public.military_unit ("idMU", "pidMU", "vChNumber", "idNameMU", "idPurpose", "idMilitaryCity", "idSortAF", "idCombatArm", "codeNameMU") VALUES (85560600, 85560200, '79', 178, 330, 244, 'К0', 'ГА1', '94114');
INSERT INTO public.military_unit ("idMU", "pidMU", "vChNumber", "idNameMU", "idPurpose", "idMilitaryCity", "idSortAF", "idCombatArm", "codeNameMU") VALUES (85561700, 85560200, '90', 313, 350, 245, 'К0', 'ТМ0', '91274');
INSERT INTO public.military_unit ("idMU", "pidMU", "vChNumber", "idNameMU", "idPurpose", "idMilitaryCity", "idSortAF", "idCombatArm", "codeNameMU") VALUES (85561600, 85560200, '89', 312, 360, 242, 'К0', 'Х00', '99233');
INSERT INTO public.military_unit ("idMU", "pidMU", "vChNumber", "idNameMU", "idPurpose", "idMilitaryCity", "idSortAF", "idCombatArm", "codeNameMU") VALUES (85561800, 85560000, '31', 170, 330, 105, 'К0', 'ГА1', '79967');
INSERT INTO public.military_unit ("idMU", "pidMU", "vChNumber", "idNameMU", "idPurpose", "idMilitaryCity", "idSortAF", "idCombatArm", "codeNameMU") VALUES (85561900, 85560000, '32', 170, 330, 109, 'К0', 'ГА1', '15999');
INSERT INTO public.military_unit ("idMU", "pidMU", "vChNumber", "idNameMU", "idPurpose", "idMilitaryCity", "idSortAF", "idCombatArm", "codeNameMU") VALUES (85590401, 85590400, null, 132, 310, 134, 'П0', 'И00', null);
INSERT INTO public.military_unit ("idMU", "pidMU", "vChNumber", "idNameMU", "idPurpose", "idMilitaryCity", "idSortAF", "idCombatArm", "codeNameMU") VALUES (85590402, 85590400, '401', 285, 331, 134, 'П0', 'И00', '16358');
INSERT INTO public.military_unit ("idMU", "pidMU", "vChNumber", "idNameMU", "idPurpose", "idMilitaryCity", "idSortAF", "idCombatArm", "codeNameMU") VALUES (85590403, 85590400, '402', 269, 331, 135, 'П0', 'ИВ4', '85958');
INSERT INTO public.military_unit ("idMU", "pidMU", "vChNumber", "idNameMU", "idPurpose", "idMilitaryCity", "idSortAF", "idCombatArm", "codeNameMU") VALUES (86010000, 86000000, null, 143, 130, 141, 'К0', 'ГА0', null);
INSERT INTO public.military_unit ("idMU", "pidMU", "vChNumber", "idNameMU", "idPurpose", "idMilitaryCity", "idSortAF", "idCombatArm", "codeNameMU") VALUES (86020000, 86000000, '230', 164, 340, 141, 'К0', 'НК0', '48719');
INSERT INTO public.military_unit ("idMU", "pidMU", "vChNumber", "idNameMU", "idPurpose", "idMilitaryCity", "idSortAF", "idCombatArm", "codeNameMU") VALUES (86030000, 86000000, '231', 167, 340, 142, 'К0', 'НК0', '91355');
INSERT INTO public.military_unit ("idMU", "pidMU", "vChNumber", "idNameMU", "idPurpose", "idMilitaryCity", "idSortAF", "idCombatArm", "codeNameMU") VALUES (86040000, 86000000, '232', 162, 330, 143, 'К0', 'ГЖ3', '23832');
INSERT INTO public.military_unit ("idMU", "pidMU", "vChNumber", "idNameMU", "idPurpose", "idMilitaryCity", "idSortAF", "idCombatArm", "codeNameMU") VALUES (86050000, 86000000, '233', 169, 340, 144, 'К0', 'ГЖ3', '19531');
INSERT INTO public.military_unit ("idMU", "pidMU", "vChNumber", "idNameMU", "idPurpose", "idMilitaryCity", "idSortAF", "idCombatArm", "codeNameMU") VALUES (86060000, 86000000, '234', 166, 340, 145, 'К0', 'ТУ0', '38727');
INSERT INTO public.military_unit ("idMU", "pidMU", "vChNumber", "idNameMU", "idPurpose", "idMilitaryCity", "idSortAF", "idCombatArm", "codeNameMU") VALUES (86070000, 86000000, '235', 201, 340, 146, 'К0', 'НМ0', '40809');
INSERT INTO public.military_unit ("idMU", "pidMU", "vChNumber", "idNameMU", "idPurpose", "idMilitaryCity", "idSortAF", "idCombatArm", "codeNameMU") VALUES (86080000, 86000000, '236', 168, 350, 147, 'К0', 'НЮ0', '72417');
INSERT INTO public.military_unit ("idMU", "pidMU", "vChNumber", "idNameMU", "idPurpose", "idMilitaryCity", "idSortAF", "idCombatArm", "codeNameMU") VALUES (86090000, 86000000, '237', 188, 340, 148, 'К0', 'ГЖ3', '80835');
INSERT INTO public.military_unit ("idMU", "pidMU", "vChNumber", "idNameMU", "idPurpose", "idMilitaryCity", "idSortAF", "idCombatArm", "codeNameMU") VALUES (86100000, 86000000, '233', 157, 300, 149, 'К0', 'ГА0', '89171');
INSERT INTO public.military_unit ("idMU", "pidMU", "vChNumber", "idNameMU", "idPurpose", "idMilitaryCity", "idSortAF", "idCombatArm", "codeNameMU") VALUES (86100100, 86100000, null, 125, 140, 149, 'К0', 'ГА0', null);
INSERT INTO public.military_unit ("idMU", "pidMU", "vChNumber", "idNameMU", "idPurpose", "idMilitaryCity", "idSortAF", "idCombatArm", "codeNameMU") VALUES (86100200, 86100000, '345', 160, 330, 260, 'К0', 'ГА1', '56498');
INSERT INTO public.military_unit ("idMU", "pidMU", "vChNumber", "idNameMU", "idPurpose", "idMilitaryCity", "idSortAF", "idCombatArm", "codeNameMU") VALUES (86100201, 86100200, null, 132, 310, 260, 'К0', 'ГА1', null);
INSERT INTO public.military_unit ("idMU", "pidMU", "vChNumber", "idNameMU", "idPurpose", "idMilitaryCity", "idSortAF", "idCombatArm", "codeNameMU") VALUES (86100202, 86100200, '346', 178, 330, 261, 'К0', 'ГА1', '87791');
INSERT INTO public.military_unit ("idMU", "pidMU", "vChNumber", "idNameMU", "idPurpose", "idMilitaryCity", "idSortAF", "idCombatArm", "codeNameMU") VALUES (85560100, 85560000, null, 125, 140, 240, 'К0', 'К00', null);
INSERT INTO public.military_unit ("idMU", "pidMU", "vChNumber", "idNameMU", "idPurpose", "idMilitaryCity", "idSortAF", "idCombatArm", "codeNameMU") VALUES (86100212, 86100200, '346', 184, 340, 262, 'К0', 'НЖ0', '69268');
INSERT INTO public.military_unit ("idMU", "pidMU", "vChNumber", "idNameMU", "idPurpose", "idMilitaryCity", "idSortAF", "idCombatArm", "codeNameMU") VALUES (86100214, 86100200, '346', 312, 333, 261, 'К0', 'Х00', '14200');
INSERT INTO public.military_unit ("idMU", "pidMU", "vChNumber", "idNameMU", "idPurpose", "idMilitaryCity", "idSortAF", "idCombatArm", "codeNameMU") VALUES (86100215, 86100200, '346', 313, 333, 263, 'К0', 'ТМ0', '43791');
INSERT INTO public.military_unit ("idMU", "pidMU", "vChNumber", "idNameMU", "idPurpose", "idMilitaryCity", "idSortAF", "idCombatArm", "codeNameMU") VALUES (86100300, 86100000, '248', 170, 330, 275, 'К0', 'К00', '59054');
INSERT INTO public.military_unit ("idMU", "pidMU", "vChNumber", "idNameMU", "idPurpose", "idMilitaryCity", "idSortAF", "idCombatArm", "codeNameMU") VALUES (86100400, 86100000, '249', 170, 330, 276, 'К0', 'К00', '82002');
INSERT INTO public.military_unit ("idMU", "pidMU", "vChNumber", "idNameMU", "idPurpose", "idMilitaryCity", "idSortAF", "idCombatArm", "codeNameMU") VALUES (86100500, 86100000, '250', 170, 330, 277, 'К0', 'К00', '28362');
INSERT INTO public.military_unit ("idMU", "pidMU", "vChNumber", "idNameMU", "idPurpose", "idMilitaryCity", "idSortAF", "idCombatArm", "codeNameMU") VALUES (86100600, 86100000, '251', 237, 340, 278, 'К0', 'К00', '45222');
INSERT INTO public.military_unit ("idMU", "pidMU", "vChNumber", "idNameMU", "idPurpose", "idMilitaryCity", "idSortAF", "idCombatArm", "codeNameMU") VALUES (86100700, 86100000, '252', 236, 351, 279, 'К0', 'НХ0', '63768');
INSERT INTO public.military_unit ("idMU", "pidMU", "vChNumber", "idNameMU", "idPurpose", "idMilitaryCity", "idSortAF", "idCombatArm", "codeNameMU") VALUES (86100800, 86100000, '253', 164, 340, 280, 'К0', 'НК0', '48547');
INSERT INTO public.military_unit ("idMU", "pidMU", "vChNumber", "idNameMU", "idPurpose", "idMilitaryCity", "idSortAF", "idCombatArm", "codeNameMU") VALUES (86100900, 86100000, '254', 185, 340, 281, 'К0', 'НМ0', '76525');
INSERT INTO public.military_unit ("idMU", "pidMU", "vChNumber", "idNameMU", "idPurpose", "idMilitaryCity", "idSortAF", "idCombatArm", "codeNameMU") VALUES (86101000, 86100000, '255', 165, 560, 282, 'К0', 'Х00', '33159');
INSERT INTO public.military_unit ("idMU", "pidMU", "vChNumber", "idNameMU", "idPurpose", "idMilitaryCity", "idSortAF", "idCombatArm", "codeNameMU") VALUES (86110000, 86000000, '238', 157, 300, 266, 'К0', 'ГА0', '47551');
INSERT INTO public.military_unit ("idMU", "pidMU", "vChNumber", "idNameMU", "idPurpose", "idMilitaryCity", "idSortAF", "idCombatArm", "codeNameMU") VALUES (86110100, 86110000, null, 125, 140, 266, 'К0', 'ГА0', null);
INSERT INTO public.military_unit ("idMU", "pidMU", "vChNumber", "idNameMU", "idPurpose", "idMilitaryCity", "idSortAF", "idCombatArm", "codeNameMU") VALUES (86110200, 86110000, '987', 160, 330, 267, 'К0', 'ГА1', '53764');
INSERT INTO public.military_unit ("idMU", "pidMU", "vChNumber", "idNameMU", "idPurpose", "idMilitaryCity", "idSortAF", "idCombatArm", "codeNameMU") VALUES (86110001, 86110200, null, 132, 310, 267, 'К0', 'ГА1', null);
INSERT INTO public.military_unit ("idMU", "pidMU", "vChNumber", "idNameMU", "idPurpose", "idMilitaryCity", "idSortAF", "idCombatArm", "codeNameMU") VALUES (86110002, 86110200, '986', 178, 330, 268, 'К0', 'ГА1', '29350');
INSERT INTO public.military_unit ("idMU", "pidMU", "vChNumber", "idNameMU", "idPurpose", "idMilitaryCity", "idSortAF", "idCombatArm", "codeNameMU") VALUES (86110005, 86110200, '989', 180, 330, 271, 'К0', 'ГВ0', '82462');
INSERT INTO public.military_unit ("idMU", "pidMU", "vChNumber", "idNameMU", "idPurpose", "idMilitaryCity", "idSortAF", "idCombatArm", "codeNameMU") VALUES (86110007, 86110200, '991', 176, 330, 273, 'К0', 'ЕЖ1', '26306');
INSERT INTO public.military_unit ("idMU", "pidMU", "vChNumber", "idNameMU", "idPurpose", "idMilitaryCity", "idSortAF", "idCombatArm", "codeNameMU") VALUES (86110008, 86110200, '992', 190, 330, 274, 'К0', 'ГЖ0', '43871');
INSERT INTO public.military_unit ("idMU", "pidMU", "vChNumber", "idNameMU", "idPurpose", "idMilitaryCity", "idSortAF", "idCombatArm", "codeNameMU") VALUES (86110009, 86110200, '993', 189, 340, 273, 'К0', 'НА0', '68452');
INSERT INTO public.military_unit ("idMU", "pidMU", "vChNumber", "idNameMU", "idPurpose", "idMilitaryCity", "idSortAF", "idCombatArm", "codeNameMU") VALUES (86110010, 86110200, '994', 186, 340, 271, 'К0', 'НК0', '31524');
INSERT INTO public.military_unit ("idMU", "pidMU", "vChNumber", "idNameMU", "idPurpose", "idMilitaryCity", "idSortAF", "idCombatArm", "codeNameMU") VALUES (86110011, 86110200, '995', 187, 340, 269, 'К0', 'НД0', '71028');
INSERT INTO public.military_unit ("idMU", "pidMU", "vChNumber", "idNameMU", "idPurpose", "idMilitaryCity", "idSortAF", "idCombatArm", "codeNameMU") VALUES (86110012, 86110200, '996', 184, 340, 268, 'К0', 'НЖ0', '30280');
INSERT INTO public.military_unit ("idMU", "pidMU", "vChNumber", "idNameMU", "idPurpose", "idMilitaryCity", "idSortAF", "idCombatArm", "codeNameMU") VALUES (86110013, 86110200, '997', 185, 340, 271, 'К0', 'ЕП0', '26072');
INSERT INTO public.military_unit ("idMU", "pidMU", "vChNumber", "idNameMU", "idPurpose", "idMilitaryCity", "idSortAF", "idCombatArm", "codeNameMU") VALUES (86110014, 86110200, '998', 312, 333, 270, 'К0', 'Х00', '82482');
INSERT INTO public.military_unit ("idMU", "pidMU", "vChNumber", "idNameMU", "idPurpose", "idMilitaryCity", "idSortAF", "idCombatArm", "codeNameMU") VALUES (86110015, 86110200, '999', 313, 333, 272, 'К0', 'ТМ0', '18074');
INSERT INTO public.military_unit ("idMU", "pidMU", "vChNumber", "idNameMU", "idPurpose", "idMilitaryCity", "idSortAF", "idCombatArm", "codeNameMU") VALUES (86110300, 86110000, '20', 170, 330, 152, 'К0', 'К00', '73557');
INSERT INTO public.military_unit ("idMU", "pidMU", "vChNumber", "idNameMU", "idPurpose", "idMilitaryCity", "idSortAF", "idCombatArm", "codeNameMU") VALUES (86110400, 86110000, '21', 170, 330, 150, 'К0', 'К00', '81774');
INSERT INTO public.military_unit ("idMU", "pidMU", "vChNumber", "idNameMU", "idPurpose", "idMilitaryCity", "idSortAF", "idCombatArm", "codeNameMU") VALUES (86110500, 86110000, '22', 170, 330, 151, 'К0', 'К00', '12251');
INSERT INTO public.military_unit ("idMU", "pidMU", "vChNumber", "idNameMU", "idPurpose", "idMilitaryCity", "idSortAF", "idCombatArm", "codeNameMU") VALUES (86110600, 86110000, '23', 237, 340, 152, 'К0', 'К00', '56880');
INSERT INTO public.military_unit ("idMU", "pidMU", "vChNumber", "idNameMU", "idPurpose", "idMilitaryCity", "idSortAF", "idCombatArm", "codeNameMU") VALUES (86110700, 86110000, '24', 236, 351, 149, 'К0', 'НХ0', '82109');
INSERT INTO public.military_unit ("idMU", "pidMU", "vChNumber", "idNameMU", "idPurpose", "idMilitaryCity", "idSortAF", "idCombatArm", "codeNameMU") VALUES (86110800, 86110000, '25', 164, 340, 151, 'К0', 'НК0', '84216');
INSERT INTO public.military_unit ("idMU", "pidMU", "vChNumber", "idNameMU", "idPurpose", "idMilitaryCity", "idSortAF", "idCombatArm", "codeNameMU") VALUES (86110900, 86110000, '26', 185, 340, 149, 'К0', 'НМ0', '28630');
INSERT INTO public.military_unit ("idMU", "pidMU", "vChNumber", "idNameMU", "idPurpose", "idMilitaryCity", "idSortAF", "idCombatArm", "codeNameMU") VALUES (86120000, 86000000, '39', 160, 330, 283, 'К0', 'ГА1', '82342');
INSERT INTO public.military_unit ("idMU", "pidMU", "vChNumber", "idNameMU", "idPurpose", "idMilitaryCity", "idSortAF", "idCombatArm", "codeNameMU") VALUES (86120100, 86120000, null, 132, 310, 283, 'К0', 'ГА1', null);
INSERT INTO public.military_unit ("idMU", "pidMU", "vChNumber", "idNameMU", "idPurpose", "idMilitaryCity", "idSortAF", "idCombatArm", "codeNameMU") VALUES (86120200, 86120000, '40', 178, 330, 284, 'К0', 'ГА1', '61501');
INSERT INTO public.military_unit ("idMU", "pidMU", "vChNumber", "idNameMU", "idPurpose", "idMilitaryCity", "idSortAF", "idCombatArm", "codeNameMU") VALUES (86120500, 86120000, '43', 180, 330, 287, 'К0', 'ГВ0', '64769');
INSERT INTO public.military_unit ("idMU", "pidMU", "vChNumber", "idNameMU", "idPurpose", "idMilitaryCity", "idSortAF", "idCombatArm", "codeNameMU") VALUES (86120600, 86120000, '44', 175, 330, 288, 'К0', 'ГЖ0', '68655');
INSERT INTO public.military_unit ("idMU", "pidMU", "vChNumber", "idNameMU", "idPurpose", "idMilitaryCity", "idSortAF", "idCombatArm", "codeNameMU") VALUES (86120700, 86120000, '45', 176, 330, 289, 'К0', 'ЕЖ1', '62157');
INSERT INTO public.military_unit ("idMU", "pidMU", "vChNumber", "idNameMU", "idPurpose", "idMilitaryCity", "idSortAF", "idCombatArm", "codeNameMU") VALUES (86110004, 86110200, '988', 178, 330, 270, 'К0', 'ГА1', '61763');
INSERT INTO public.military_unit ("idMU", "pidMU", "vChNumber", "idNameMU", "idPurpose", "idMilitaryCity", "idSortAF", "idCombatArm", "codeNameMU") VALUES (86120400, 86120000, '42', 178, 330, 286, 'К0', 'ГА1', '88332');
INSERT INTO public.military_unit ("idMU", "pidMU", "vChNumber", "idNameMU", "idPurpose", "idMilitaryCity", "idSortAF", "idCombatArm", "codeNameMU") VALUES (86100204, 86100200, '348', 178, 330, 263, 'К0', 'ГА1', '78456');
INSERT INTO public.military_unit ("idMU", "pidMU", "vChNumber", "idNameMU", "idPurpose", "idMilitaryCity", "idSortAF", "idCombatArm", "codeNameMU") VALUES (86100205, 86100200, '349', 180, 330, 264, 'К0', 'ГВ0', '50356');
INSERT INTO public.military_unit ("idMU", "pidMU", "vChNumber", "idNameMU", "idPurpose", "idMilitaryCity", "idSortAF", "idCombatArm", "codeNameMU") VALUES (86100206, 86100200, '350', 175, 330, 265, 'К0', 'ГЖ0', '28151');
INSERT INTO public.military_unit ("idMU", "pidMU", "vChNumber", "idNameMU", "idPurpose", "idMilitaryCity", "idSortAF", "idCombatArm", "codeNameMU") VALUES (86100207, 86100200, '351', 176, 330, 265, 'К0', 'ЕЖ1', '98836');
INSERT INTO public.military_unit ("idMU", "pidMU", "vChNumber", "idNameMU", "idPurpose", "idMilitaryCity", "idSortAF", "idCombatArm", "codeNameMU") VALUES (86100208, 86100200, '352', 190, 330, 261, 'К0', 'ГЖ0', '25636');
INSERT INTO public.military_unit ("idMU", "pidMU", "vChNumber", "idNameMU", "idPurpose", "idMilitaryCity", "idSortAF", "idCombatArm", "codeNameMU") VALUES (86100209, 86100200, '353', 189, 340, 263, 'К0', 'НА0', '19291');
INSERT INTO public.military_unit ("idMU", "pidMU", "vChNumber", "idNameMU", "idPurpose", "idMilitaryCity", "idSortAF", "idCombatArm", "codeNameMU") VALUES (86120800, 86120000, '46', 190, 330, 290, 'К0', 'ГЖ0', '49662');
INSERT INTO public.military_unit ("idMU", "pidMU", "vChNumber", "idNameMU", "idPurpose", "idMilitaryCity", "idSortAF", "idCombatArm", "codeNameMU") VALUES (86120900, 86120000, '47', 189, 340, 286, 'К0', 'НА0', '45427');
INSERT INTO public.military_unit ("idMU", "pidMU", "vChNumber", "idNameMU", "idPurpose", "idMilitaryCity", "idSortAF", "idCombatArm", "codeNameMU") VALUES (86121100, 86120000, '49', 187, 340, 285, 'К0', 'НД0', '44114');
INSERT INTO public.military_unit ("idMU", "pidMU", "vChNumber", "idNameMU", "idPurpose", "idMilitaryCity", "idSortAF", "idCombatArm", "codeNameMU") VALUES (86121200, 86120000, '50', 184, 340, 289, 'К0', 'НЖ0', '60518');
INSERT INTO public.military_unit ("idMU", "pidMU", "vChNumber", "idNameMU", "idPurpose", "idMilitaryCity", "idSortAF", "idCombatArm", "codeNameMU") VALUES (86121300, 86120000, '51', 185, 340, 290, 'К0', 'ЕП0', '24640');
INSERT INTO public.military_unit ("idMU", "pidMU", "vChNumber", "idNameMU", "idPurpose", "idMilitaryCity", "idSortAF", "idCombatArm", "codeNameMU") VALUES (86121400, 86120000, '52', 312, 333, 284, 'К0', 'Х00', '99934');
INSERT INTO public.military_unit ("idMU", "pidMU", "vChNumber", "idNameMU", "idPurpose", "idMilitaryCity", "idSortAF", "idCombatArm", "codeNameMU") VALUES (86121500, 86120000, '53', 313, 333, 284, 'К0', 'ТМ0', '48301');
INSERT INTO public.military_unit ("idMU", "pidMU", "vChNumber", "idNameMU", "idPurpose", "idMilitaryCity", "idSortAF", "idCombatArm", "codeNameMU") VALUES (86130000, 86000000, '987', 159, 330, 291, 'П0', 'ЕК0', '87485');
INSERT INTO public.military_unit ("idMU", "pidMU", "vChNumber", "idNameMU", "idPurpose", "idMilitaryCity", "idSortAF", "idCombatArm", "codeNameMU") VALUES (86130100, 86130000, null, 132, 310, 291, 'П0', 'ЕК0', null);
INSERT INTO public.military_unit ("idMU", "pidMU", "vChNumber", "idNameMU", "idPurpose", "idMilitaryCity", "idSortAF", "idCombatArm", "codeNameMU") VALUES (86130200, 86130000, '876', 252, 330, 292, 'П0', 'ЕК0', '67651');
INSERT INTO public.military_unit ("idMU", "pidMU", "vChNumber", "idNameMU", "idPurpose", "idMilitaryCity", "idSortAF", "idCombatArm", "codeNameMU") VALUES (86130300, 86130000, '877', 252, 330, 293, 'П0', 'ЕК0', '38535');
INSERT INTO public.military_unit ("idMU", "pidMU", "vChNumber", "idNameMU", "idPurpose", "idMilitaryCity", "idSortAF", "idCombatArm", "codeNameMU") VALUES (86130400, 86130000, '878', 252, 330, 294, 'П0', 'ЕК0', '57290');
INSERT INTO public.military_unit ("idMU", "pidMU", "vChNumber", "idNameMU", "idPurpose", "idMilitaryCity", "idSortAF", "idCombatArm", "codeNameMU") VALUES (86130500, 86130000, '879', 304, 330, 295, 'П0', 'ЕК0', '54431');
INSERT INTO public.military_unit ("idMU", "pidMU", "vChNumber", "idNameMU", "idPurpose", "idMilitaryCity", "idSortAF", "idCombatArm", "codeNameMU") VALUES (86130600, 86130000, '880', 305, 330, 296, 'П0', 'ЕК0', '61643');
INSERT INTO public.military_unit ("idMU", "pidMU", "vChNumber", "idNameMU", "idPurpose", "idMilitaryCity", "idSortAF", "idCombatArm", "codeNameMU") VALUES (86130700, 86130000, '881', 186, 340, 294, 'П0', 'ЕК0', '81319');
INSERT INTO public.military_unit ("idMU", "pidMU", "vChNumber", "idNameMU", "idPurpose", "idMilitaryCity", "idSortAF", "idCombatArm", "codeNameMU") VALUES (86130800, 86130000, '882', 187, 340, 296, 'П0', 'ЕК0', '17655');
INSERT INTO public.military_unit ("idMU", "pidMU", "vChNumber", "idNameMU", "idPurpose", "idMilitaryCity", "idSortAF", "idCombatArm", "codeNameMU") VALUES (86130900, 86130000, '883', 184, 340, 293, 'П0', 'ЕК0', '43122');
INSERT INTO public.military_unit ("idMU", "pidMU", "vChNumber", "idNameMU", "idPurpose", "idMilitaryCity", "idSortAF", "idCombatArm", "codeNameMU") VALUES (86131000, 86130000, '884', 185, 340, 292, 'П0', 'ЕК0', '55296');
INSERT INTO public.military_unit ("idMU", "pidMU", "vChNumber", "idNameMU", "idPurpose", "idMilitaryCity", "idSortAF", "idCombatArm", "codeNameMU") VALUES (86131200, 86130000, '886', 313, 333, 295, 'П0', 'ЕК0', '88104');
INSERT INTO public.military_unit ("idMU", "pidMU", "vChNumber", "idNameMU", "idPurpose", "idMilitaryCity", "idSortAF", "idCombatArm", "codeNameMU") VALUES (86150000, 86000000, '888', 166, 340, 298, 'П0', 'НЖ0', '16266');
INSERT INTO public.military_unit ("idMU", "pidMU", "vChNumber", "idNameMU", "idPurpose", "idMilitaryCity", "idSortAF", "idCombatArm", "codeNameMU") VALUES (86160000, 86000000, '889', 169, 340, 299, 'П0', 'НД0', '81021');
INSERT INTO public.military_unit ("idMU", "pidMU", "vChNumber", "idNameMU", "idPurpose", "idMilitaryCity", "idSortAF", "idCombatArm", "codeNameMU") VALUES (86170000, 86000000, '890', 167, 340, 300, 'П0', 'НК0', '56040');
INSERT INTO public.military_unit ("idMU", "pidMU", "vChNumber", "idNameMU", "idPurpose", "idMilitaryCity", "idSortAF", "idCombatArm", "codeNameMU") VALUES (86180000, 86000000, '891', 279, 340, 301, 'П0', 'НМ0', '79824');
INSERT INTO public.military_unit ("idMU", "pidMU", "vChNumber", "idNameMU", "idPurpose", "idMilitaryCity", "idSortAF", "idCombatArm", "codeNameMU") VALUES (86190000, 86000000, '892', 282, 340, 302, 'П0', 'ЕП0', '58735');
INSERT INTO public.military_unit ("idMU", "pidMU", "vChNumber", "idNameMU", "idPurpose", "idMilitaryCity", "idSortAF", "idCombatArm", "codeNameMU") VALUES (86200000, 86000000, null, 156, 300, 303, 'С0', 'Л00', null);
INSERT INTO public.military_unit ("idMU", "pidMU", "vChNumber", "idNameMU", "idPurpose", "idMilitaryCity", "idSortAF", "idCombatArm", "codeNameMU") VALUES (86200100, 86200000, null, 150, 130, 303, 'С0', 'Л00', null);
INSERT INTO public.military_unit ("idMU", "pidMU", "vChNumber", "idNameMU", "idPurpose", "idMilitaryCity", "idSortAF", "idCombatArm", "codeNameMU") VALUES (86200200, 86200000, '345', 260, 330, 304, 'С0', 'ЛВ0', '62343');
INSERT INTO public.military_unit ("idMU", "pidMU", "vChNumber", "idNameMU", "idPurpose", "idMilitaryCity", "idSortAF", "idCombatArm", "codeNameMU") VALUES (86200300, 86200000, '346', 261, 330, 305, 'С0', 'ЛВ0', '93419');
INSERT INTO public.military_unit ("idMU", "pidMU", "vChNumber", "idNameMU", "idPurpose", "idMilitaryCity", "idSortAF", "idCombatArm", "codeNameMU") VALUES (86200400, 86200000, '347', 263, 331, 306, 'С0', 'ЛВ0', '21963');
INSERT INTO public.military_unit ("idMU", "pidMU", "vChNumber", "idNameMU", "idPurpose", "idMilitaryCity", "idSortAF", "idCombatArm", "codeNameMU") VALUES (86200500, 86200000, '61', 260, 332, 304, 'С0', 'ЛВ0', '70167');
INSERT INTO public.military_unit ("idMU", "pidMU", "vChNumber", "idNameMU", "idPurpose", "idMilitaryCity", "idSortAF", "idCombatArm", "codeNameMU") VALUES (86200600, 86200000, '62', 278, 332, 307, 'С0', 'ЛА0', '27847');
INSERT INTO public.military_unit ("idMU", "pidMU", "vChNumber", "idNameMU", "idPurpose", "idMilitaryCity", "idSortAF", "idCombatArm", "codeNameMU") VALUES (86200700, 86200000, '63', 262, 332, 305, 'С0', 'ЛВ0', '46155');
INSERT INTO public.military_unit ("idMU", "pidMU", "vChNumber", "idNameMU", "idPurpose", "idMilitaryCity", "idSortAF", "idCombatArm", "codeNameMU") VALUES (86200800, 86200000, '64', 252, 331, 308, 'С0', 'ЛД0', '79733');
INSERT INTO public.military_unit ("idMU", "pidMU", "vChNumber", "idNameMU", "idPurpose", "idMilitaryCity", "idSortAF", "idCombatArm", "codeNameMU") VALUES (86100211, 86100200, '346', 187, 340, 264, 'К0', 'НД0', '29275');
INSERT INTO public.military_unit ("idMU", "pidMU", "vChNumber", "idNameMU", "idPurpose", "idMilitaryCity", "idSortAF", "idCombatArm", "codeNameMU") VALUES (85560500, 85560200, '78', 178, 330, 243, 'К0', 'ГА1', '18986');
INSERT INTO public.military_unit ("idMU", "pidMU", "vChNumber", "idNameMU", "idPurpose", "idMilitaryCity", "idSortAF", "idCombatArm", "codeNameMU") VALUES (80010400, 80010100, '47', 178, 330, 165, 'К0', 'ГА1', '69578');
INSERT INTO public.military_unit ("idMU", "pidMU", "vChNumber", "idNameMU", "idPurpose", "idMilitaryCity", "idSortAF", "idCombatArm", "codeNameMU") VALUES (86110003, 86110200, '987', 178, 330, 269, 'К0', 'ГА1', '16486');
INSERT INTO public.military_unit ("idMU", "pidMU", "vChNumber", "idNameMU", "idPurpose", "idMilitaryCity", "idSortAF", "idCombatArm", "codeNameMU") VALUES (86120300, 86120000, '41', 178, 330, 285, 'К0', 'ГА1', '57046');
INSERT INTO public.military_unit ("idMU", "pidMU", "vChNumber", "idNameMU", "idPurpose", "idMilitaryCity", "idSortAF", "idCombatArm", "codeNameMU") VALUES (80020400, 80020000, '15', 178, 330, 170, 'К0', 'ГА1', '82237');
INSERT INTO public.military_unit ("idMU", "pidMU", "vChNumber", "idNameMU", "idPurpose", "idMilitaryCity", "idSortAF", "idCombatArm", "codeNameMU") VALUES (86100203, 86100200, '347', 178, 330, 262, 'К0', 'ГА1', '50454');
INSERT INTO public.military_unit ("idMU", "pidMU", "vChNumber", "idNameMU", "idPurpose", "idMilitaryCity", "idSortAF", "idCombatArm", "codeNameMU") VALUES (11040100, 11040000, '56', 167, 340, 357, 'У0', 'НК0', '73073');
INSERT INTO public.military_unit ("idMU", "pidMU", "vChNumber", "idNameMU", "idPurpose", "idMilitaryCity", "idSortAF", "idCombatArm", "codeNameMU") VALUES (11040200, 11040000, '57', 167, 340, 357, 'У0', 'НК0', '99272');
INSERT INTO public.military_unit ("idMU", "pidMU", "vChNumber", "idNameMU", "idPurpose", "idMilitaryCity", "idSortAF", "idCombatArm", "codeNameMU") VALUES (11040300, 11040000, '58', 167, 340, 357, 'У0', 'НК0', '15727');
INSERT INTO public.military_unit ("idMU", "pidMU", "vChNumber", "idNameMU", "idPurpose", "idMilitaryCity", "idSortAF", "idCombatArm", "codeNameMU") VALUES (11060100, 11060000, '78', 279, 340, 358, 'У0', 'НМ0', '34664');
INSERT INTO public.military_unit ("idMU", "pidMU", "vChNumber", "idNameMU", "idPurpose", "idMilitaryCity", "idSortAF", "idCombatArm", "codeNameMU") VALUES (11060200, 11060000, '79', 279, 340, 358, 'У0', 'НМ0', '90483');
INSERT INTO public.military_unit ("idMU", "pidMU", "vChNumber", "idNameMU", "idPurpose", "idMilitaryCity", "idSortAF", "idCombatArm", "codeNameMU") VALUES (11060300, 11060000, '80', 279, 340, 358, 'У0', 'НМ0', '42042');
INSERT INTO public.military_unit ("idMU", "pidMU", "vChNumber", "idNameMU", "idPurpose", "idMilitaryCity", "idSortAF", "idCombatArm", "codeNameMU") VALUES (80120000, 80000000, '50', 266, 330, 190, 'К0', 'ЕЖ0', '33155');
INSERT INTO public.military_unit ("idMU", "pidMU", "vChNumber", "idNameMU", "idPurpose", "idMilitaryCity", "idSortAF", "idCombatArm", "codeNameMU") VALUES (86140000, 86000000, '887', 266, 330, 297, 'П0', 'ЕЖ0', '83728');
INSERT INTO public.military_unit ("idMU", "pidMU", "vChNumber", "idNameMU", "idPurpose", "idMilitaryCity", "idSortAF", "idCombatArm", "codeNameMU") VALUES (85562300, 85560000, '36', 266, 330, 112, 'К0', 'ЕЖ0', '17278');
INSERT INTO public.military_unit ("idMU", "pidMU", "vChNumber", "idNameMU", "idPurpose", "idMilitaryCity", "idSortAF", "idCombatArm", "codeNameMU") VALUES (83010301, 83010300, null, 132, 310, 233, 'Ж0', 'НУ0', null);
INSERT INTO public.military_unit ("idMU", "pidMU", "vChNumber", "idNameMU", "idPurpose", "idMilitaryCity", "idSortAF", "idCombatArm", "codeNameMU") VALUES (83010302, 83010300, '802', 172, 330, 234, 'Ж0', 'НУ0', '18292');
INSERT INTO public.military_unit ("idMU", "pidMU", "vChNumber", "idNameMU", "idPurpose", "idMilitaryCity", "idSortAF", "idCombatArm", "codeNameMU") VALUES (83010303, 83010300, '803', 173, 330, 235, 'Ж0', 'НУ0', '27483');
INSERT INTO public.military_unit ("idMU", "pidMU", "vChNumber", "idNameMU", "idPurpose", "idMilitaryCity", "idSortAF", "idCombatArm", "codeNameMU") VALUES (83010304, 83010300, '804', 174, 330, 236, 'Ж0', 'НУ0', '24026');
INSERT INTO public.military_unit ("idMU", "pidMU", "vChNumber", "idNameMU", "idPurpose", "idMilitaryCity", "idSortAF", "idCombatArm", "codeNameMU") VALUES (83010305, 83010300, '805', 304, 330, 237, 'Ж0', 'НУ0', '25617');
INSERT INTO public.military_unit ("idMU", "pidMU", "vChNumber", "idNameMU", "idPurpose", "idMilitaryCity", "idSortAF", "idCombatArm", "codeNameMU") VALUES (83010306, 83010300, '806', 305, 330, 237, 'Ж0', 'НУ0', '13013');
INSERT INTO public.military_unit ("idMU", "pidMU", "vChNumber", "idNameMU", "idPurpose", "idMilitaryCity", "idSortAF", "idCombatArm", "codeNameMU") VALUES (83010307, 83010300, '807', 186, 340, 235, 'Ж0', 'ЕК0', '67350');
INSERT INTO public.military_unit ("idMU", "pidMU", "vChNumber", "idNameMU", "idPurpose", "idMilitaryCity", "idSortAF", "idCombatArm", "codeNameMU") VALUES (83010308, 83010300, '808', 187, 340, 236, 'Ж0', 'ЕК0', '69347');
INSERT INTO public.military_unit ("idMU", "pidMU", "vChNumber", "idNameMU", "idPurpose", "idMilitaryCity", "idSortAF", "idCombatArm", "codeNameMU") VALUES (83010309, 83010300, '809', 184, 340, 236, 'Ж0', 'ЕК0', '42155');
INSERT INTO public.military_unit ("idMU", "pidMU", "vChNumber", "idNameMU", "idPurpose", "idMilitaryCity", "idSortAF", "idCombatArm", "codeNameMU") VALUES (83010310, 83010300, '810', 185, 340, 234, 'Ж0', 'ЕК0', '67355');
INSERT INTO public.military_unit ("idMU", "pidMU", "vChNumber", "idNameMU", "idPurpose", "idMilitaryCity", "idSortAF", "idCombatArm", "codeNameMU") VALUES (83010311, 83010300, '811', 312, 333, 233, 'Ж0', 'ЕК0', '85945');
INSERT INTO public.military_unit ("idMU", "pidMU", "vChNumber", "idNameMU", "idPurpose", "idMilitaryCity", "idSortAF", "idCombatArm", "codeNameMU") VALUES (83010312, 83010300, '812', 313, 333, 235, 'Ж0', 'ЕК0', '79958');
INSERT INTO public.military_unit ("idMU", "pidMU", "vChNumber", "idNameMU", "idPurpose", "idMilitaryCity", "idSortAF", "idCombatArm", "codeNameMU") VALUES (86100210, 86100200, '346', 186, 340, 264, 'К0', 'НК0', '20570');
INSERT INTO public.military_unit ("idMU", "pidMU", "vChNumber", "idNameMU", "idPurpose", "idMilitaryCity", "idSortAF", "idCombatArm", "codeNameMU") VALUES (86100213, 86100200, '346', 185, 340, 260, 'К0', 'ЕП0', '95646');
INSERT INTO public.military_unit ("idMU", "pidMU", "vChNumber", "idNameMU", "idPurpose", "idMilitaryCity", "idSortAF", "idCombatArm", "codeNameMU") VALUES (86110006, 86110200, '990', 175, 330, 272, 'К0', 'ГЖ0', '94505');
INSERT INTO public.military_unit ("idMU", "pidMU", "vChNumber", "idNameMU", "idPurpose", "idMilitaryCity", "idSortAF", "idCombatArm", "codeNameMU") VALUES (86111000, 86110000, '27', 165, 560, 149, 'К0', 'Х00', '94690');
INSERT INTO public.military_unit ("idMU", "pidMU", "vChNumber", "idNameMU", "idPurpose", "idMilitaryCity", "idSortAF", "idCombatArm", "codeNameMU") VALUES (86121000, 86120000, '48', 186, 340, 287, 'К0', 'НК0', '54249');
INSERT INTO public.military_unit ("idMU", "pidMU", "vChNumber", "idNameMU", "idPurpose", "idMilitaryCity", "idSortAF", "idCombatArm", "codeNameMU") VALUES (86131100, 86130000, '885', 312, 333, 295, 'П0', 'ЕК0', '67847');INSERT INTO public.namemilitaryunit (idnamemu, namemu, snamemu, idkeyword) VALUES (100, 'Министерство обороны РФ', 'МО РФ', 3);
INSERT INTO public.namemilitaryunit (idnamemu, namemu, snamemu, idkeyword) VALUES (101, 'Генеральный штаб ВС РФ', 'ГШ ВС РФ', 5);
INSERT INTO public.namemilitaryunit (idnamemu, namemu, snamemu, idkeyword) VALUES (102, 'Штаб материально-технического обеспечения Вооруженных Сил Российской Федерации', 'штаб МТО ВС РФ', 5);
INSERT INTO public.namemilitaryunit (idnamemu, namemu, snamemu, idkeyword) VALUES (103, 'Военно-топографическое управление ГШ ВС РФ', 'ВТУ ГШ ВС РФ', 10);
INSERT INTO public.namemilitaryunit (idnamemu, namemu, snamemu, idkeyword) VALUES (104, 'Восьмое управление ГШ ВС РФ', '8 упр ГШ', 10);
INSERT INTO public.namemilitaryunit (idnamemu, namemu, snamemu, idkeyword) VALUES (105, 'Главное автобронетанковое управление Минобороны России', 'ГАБТУ МО РФ', 10);
INSERT INTO public.namemilitaryunit (idnamemu, namemu, snamemu, idkeyword) VALUES (106, 'Главное военно-медицинское управление Минобороны России', 'ГВМУ МО РФ', 10);
INSERT INTO public.namemilitaryunit (idnamemu, namemu, snamemu, idkeyword) VALUES (107, 'Главное оперативное управление ГШ ВС РФ', 'ГОУ ГШ', 10);
INSERT INTO public.namemilitaryunit (idnamemu, namemu, snamemu, idkeyword) VALUES (108, 'Главное организационно-мобилизационное управление ГШ ВС РФ', 'ГОМУ ГШ', 10);
INSERT INTO public.namemilitaryunit (idnamemu, namemu, snamemu, idkeyword) VALUES (109, 'Главное ракетно-артиллерийское управление Минобороны России', 'ГРАУ МО РФ', 10);
INSERT INTO public.namemilitaryunit (idnamemu, namemu, snamemu, idkeyword) VALUES (110, 'Главное управление', 'ГУ', 10);
INSERT INTO public.namemilitaryunit (idnamemu, namemu, snamemu, idkeyword) VALUES (111, 'Главное управление боевой подготовки ВС РФ', 'ГУБП МО РФ', 10);
INSERT INTO public.namemilitaryunit (idnamemu, namemu, snamemu, idkeyword) VALUES (112, 'Главное управление военной полиции Минобороны России', 'ГУВП МО РФ', 10);
INSERT INTO public.namemilitaryunit (idnamemu, namemu, snamemu, idkeyword) VALUES (113, 'Главное управление вооружения ВС РФ', 'ГУВ ВС РФ', 10);
INSERT INTO public.namemilitaryunit (idnamemu, namemu, snamemu, idkeyword) VALUES (114, 'Главное управление ГШ ВС РФ', 'ГУ ГШ ВС РФ', 10);
INSERT INTO public.namemilitaryunit (idnamemu, namemu, snamemu, idkeyword) VALUES (115, 'Главное управление кадров Минобороны России', 'ГУК МО РФ', 10);
INSERT INTO public.namemilitaryunit (idnamemu, namemu, snamemu, idkeyword) VALUES (116, 'Главное управление международного военного сотрудничества Минобороны России', 'ГУМВС МО РФ', 10);
INSERT INTO public.namemilitaryunit (idnamemu, namemu, snamemu, idkeyword) VALUES (117, 'Главное управление научно-исследовательской деятельности и технологического сопровождения передовых технологий (инновационных исследований) Минобороны России', 'ГУНИД МО РФ', 10);
INSERT INTO public.namemilitaryunit (idnamemu, namemu, snamemu, idkeyword) VALUES (118, 'Главное управление начальника Железнодорожных войск Минобороны России', 'ГУ НЖВ МО РФ', 10);
INSERT INTO public.namemilitaryunit (idnamemu, namemu, snamemu, idkeyword) VALUES (119, 'Главное управление по работе с личным составом ВС РФ', 'ГУРЛС ВС РФ', 10);
INSERT INTO public.namemilitaryunit (idnamemu, namemu, snamemu, idkeyword) VALUES (120, 'Главное управление Связи ВС РФ', 'ГУС ВС РФ', 10);
INSERT INTO public.namemilitaryunit (idnamemu, namemu, snamemu, idkeyword) VALUES (121, 'Контрольное управление Минобороны России', 'КУ МО РФ', 10);
INSERT INTO public.namemilitaryunit (idnamemu, namemu, snamemu, idkeyword) VALUES (122, 'Организационное управление Минобороны России', 'ОУ МО РФ', 10);
INSERT INTO public.namemilitaryunit (idnamemu, namemu, snamemu, idkeyword) VALUES (123, 'Управление', 'упр', 10);
INSERT INTO public.namemilitaryunit (idnamemu, namemu, snamemu, idkeyword) VALUES (124, 'Управление (строительства и развития системы беспилотных летательных аппаратов) ГШ ВС РФ', 'УСРСБЛА ГШ ВС РФ', 10);
INSERT INTO public.namemilitaryunit (idnamemu, namemu, snamemu, idkeyword) VALUES (125, 'Управление армии', 'А (упр)', 10);
INSERT INTO public.namemilitaryunit (idnamemu, namemu, snamemu, idkeyword) VALUES (126, 'Управление военно-экономического анализа ГПВ и ГОЗ', 'УВЭА ГПВ и ГОЗ', 10);
INSERT INTO public.namemilitaryunit (idnamemu, namemu, snamemu, idkeyword) VALUES (127, 'Управление военных представительств Минобороны России', 'УВП МО РФ', 10);
INSERT INTO public.namemilitaryunit (idnamemu, namemu, snamemu, idkeyword) VALUES (128, 'Управление государственного архитектурно-строительного надзора Минобороны России', 'УГАСН МО РФ', 10);
INSERT INTO public.namemilitaryunit (idnamemu, namemu, snamemu, idkeyword) VALUES (129, 'Управление государственного надзора за ядерной и радиационной безопасностью Минобороны России', 'УГНЯРБ МО РФ', 10);
INSERT INTO public.namemilitaryunit (idnamemu, namemu, snamemu, idkeyword) VALUES (130, 'Управление государственного технического надзора ВС РФ', 'УГТН ВС РФ', 10);
INSERT INTO public.namemilitaryunit (idnamemu, namemu, snamemu, idkeyword) VALUES (131, 'Управление делами Минобороны России', 'УД МО РФ', 10);
INSERT INTO public.namemilitaryunit (idnamemu, namemu, snamemu, idkeyword) VALUES (132, 'Управление дивизии', 'Д (упр)', 10);
INSERT INTO public.namemilitaryunit (idnamemu, namemu, snamemu, idkeyword) VALUES (133, 'Управление заказов по совершенствованию технической основы системы управления ВС РФ', 'УЗ МО РФ', 10);
INSERT INTO public.namemilitaryunit (idnamemu, namemu, snamemu, idkeyword) VALUES (134, 'Управление интеллектуальной собственности, военно-технического сотрудничества и экспертизы поставок вооружения и военной техники Минобороны России', 'УИС МО РФ', 10);
INSERT INTO public.namemilitaryunit (idnamemu, namemu, snamemu, idkeyword) VALUES (135, 'Управление командования ВВС и ПВО', 'У ВВС и ПВО (упр)', 10);
INSERT INTO public.namemilitaryunit (idnamemu, namemu, snamemu, idkeyword) VALUES (136, 'Управление культуры Минобороны России', 'УК МО РФ', 10);
INSERT INTO public.namemilitaryunit (idnamemu, namemu, snamemu, idkeyword) VALUES (137, 'Управление метрологии ВС РФ', 'УМ ВС РФ', 10);
INSERT INTO public.namemilitaryunit (idnamemu, namemu, snamemu, idkeyword) VALUES (138, 'Управление Минобороны России по контролю за выполнением договоров (Национальный центр по уменьшению ядерной опасности)', 'НЦУЯО МО РФ', 10);
INSERT INTO public.namemilitaryunit (idnamemu, namemu, snamemu, idkeyword) VALUES (139, 'Управление Минобороны России по работе с обращениями граждан (общественная приёмная Министра обороны Российской Федерации)', 'УРГ МО РФ', 10);
INSERT INTO public.namemilitaryunit (idnamemu, namemu, snamemu, idkeyword) VALUES (140, 'Управление начальника войск радиационной, химической и биологической защиты ВС РФ', 'УНВ РХБЗ ВС РФ', 10);
INSERT INTO public.namemilitaryunit (idnamemu, namemu, snamemu, idkeyword) VALUES (141, 'Управление начальника войск радиоэлектронной борьбы ВС РФ', 'УНВ РЭБ ВС РФ', 10);
INSERT INTO public.namemilitaryunit (idnamemu, namemu, snamemu, idkeyword) VALUES (142, 'Управление начальника инженерных войск ВС РФ', 'УНИВ ВС РФ', 10);
INSERT INTO public.namemilitaryunit (idnamemu, namemu, snamemu, idkeyword) VALUES (143, 'Управление округа', 'округ (упр)', 10);
INSERT INTO public.namemilitaryunit (idnamemu, namemu, snamemu, idkeyword) VALUES (144, 'Управление оперативной подготовки ВС РФ', 'УОП ВС РФ', 10);
INSERT INTO public.namemilitaryunit (idnamemu, namemu, snamemu, idkeyword) VALUES (145, 'Управление перспективных межвидовых исследований и специальных проектов Минобороны России', 'У ПМИСП МО РФ', 10);
INSERT INTO public.namemilitaryunit (idnamemu, namemu, snamemu, idkeyword) VALUES (146, 'Управление пресс-службы и информации Минобороны России', 'УПСИ МО РФ', 10);
INSERT INTO public.namemilitaryunit (idnamemu, namemu, snamemu, idkeyword) VALUES (147, 'Управление Северного флота', 'СФ упр', 10);
INSERT INTO public.namemilitaryunit (idnamemu, namemu, snamemu, idkeyword) VALUES (148, 'Управление службы войск и безопасности военной службы Минобороны России', 'УСВБВС МО РФ', 10);
INSERT INTO public.namemilitaryunit (idnamemu, namemu, snamemu, idkeyword) VALUES (149, 'Управление физической подготовки ВС РФ', 'УФП ВС РФ', 10);
INSERT INTO public.namemilitaryunit (idnamemu, namemu, snamemu, idkeyword) VALUES (150, 'Управление Черноморского флота', 'ЧФ упр', 10);
INSERT INTO public.namemilitaryunit (idnamemu, namemu, snamemu, idkeyword) VALUES (151, 'Восточный военный округ', 'ВВО', 17);
INSERT INTO public.namemilitaryunit (idnamemu, namemu, snamemu, idkeyword) VALUES (152, 'Западный военный округ', 'ЗВО', 17);
INSERT INTO public.namemilitaryunit (idnamemu, namemu, snamemu, idkeyword) VALUES (153, 'Северный флот', 'СФ', 17);
INSERT INTO public.namemilitaryunit (idnamemu, namemu, snamemu, idkeyword) VALUES (154, 'Центральный военный округ', 'ЦВО', 17);
INSERT INTO public.namemilitaryunit (idnamemu, namemu, snamemu, idkeyword) VALUES (155, 'Южный военный округ', 'ЮВО', 17);
INSERT INTO public.namemilitaryunit (idnamemu, namemu, snamemu, idkeyword) VALUES (156, 'Черноморский флот', 'ЧФ', 18);
INSERT INTO public.namemilitaryunit (idnamemu, namemu, snamemu, idkeyword) VALUES (157, 'Общевойсковая армия', 'ОА', 20);
INSERT INTO public.namemilitaryunit (idnamemu, namemu, snamemu, idkeyword) VALUES (158, 'Танковая армия ', 'ТА', 20);
INSERT INTO public.namemilitaryunit (idnamemu, namemu, snamemu, idkeyword) VALUES (159, 'Дивизия ПВО', 'д ПВО', 30);
INSERT INTO public.namemilitaryunit (idnamemu, namemu, snamemu, idkeyword) VALUES (160, 'Мотострелковая дивизия', 'мсд', 30);
INSERT INTO public.namemilitaryunit (idnamemu, namemu, snamemu, idkeyword) VALUES (161, 'Смешанная авиационная дивизия', 'сад', 30);
INSERT INTO public.namemilitaryunit (idnamemu, namemu, snamemu, idkeyword) VALUES (162, 'Артиллерийская бригада', 'абр', 35);
INSERT INTO public.namemilitaryunit (idnamemu, namemu, snamemu, idkeyword) VALUES (163, 'Бригада связи', 'брс', 35);
INSERT INTO public.namemilitaryunit (idnamemu, namemu, snamemu, idkeyword) VALUES (164, 'Бригада управления', 'бр упр', 35);
INSERT INTO public.namemilitaryunit (idnamemu, namemu, snamemu, idkeyword) VALUES (165, 'Отдельная бригада МТО', 'обр МТО', 35);
INSERT INTO public.namemilitaryunit (idnamemu, namemu, snamemu, idkeyword) VALUES (166, 'Отдельная бригада РХБЗ', 'обр РХБЗ', 35);
INSERT INTO public.namemilitaryunit (idnamemu, namemu, snamemu, idkeyword) VALUES (167, 'Отдельная бригада связи', 'обрс', 35);
INSERT INTO public.namemilitaryunit (idnamemu, namemu, snamemu, idkeyword) VALUES (168, 'Отдельная железнодорожная бригада', 'ождбр', 35);
INSERT INTO public.namemilitaryunit (idnamemu, namemu, snamemu, idkeyword) VALUES (169, 'Отдельная инженерно-саперная бригада', 'оисбр', 35);
INSERT INTO public.namemilitaryunit (idnamemu, namemu, snamemu, idkeyword) VALUES (170, 'Отдельная мотострелковая бригада', 'омсбр', 35);
INSERT INTO public.namemilitaryunit (idnamemu, namemu, snamemu, idkeyword) VALUES (171, 'Отдельная танковая бригада', 'отбр', 35);
INSERT INTO public.namemilitaryunit (idnamemu, namemu, snamemu, idkeyword) VALUES (172, 'Ракетная бригада', 'рбр', 35);
INSERT INTO public.namemilitaryunit (idnamemu, namemu, snamemu, idkeyword) VALUES (173, 'Реактивная артиллерийская бригада', 'реабр', 35);
INSERT INTO public.namemilitaryunit (idnamemu, namemu, snamemu, idkeyword) VALUES (174, 'Танковая бригада', 'тбр', 35);
INSERT INTO public.namemilitaryunit (idnamemu, namemu, snamemu, idkeyword) VALUES (175, 'Артиллерийский полк', 'ап', 40);
INSERT INTO public.namemilitaryunit (idnamemu, namemu, snamemu, idkeyword) VALUES (176, 'Зенитный ракетный полк', 'зрп', 40);
INSERT INTO public.namemilitaryunit (idnamemu, namemu, snamemu, idkeyword) VALUES (177, 'Инженерно-саперный полк', 'исп', 40);
INSERT INTO public.namemilitaryunit (idnamemu, namemu, snamemu, idkeyword) VALUES (178, 'Мотострелковый полк', 'мсп', 40);
INSERT INTO public.namemilitaryunit (idnamemu, namemu, snamemu, idkeyword) VALUES (179, 'Отдельный полк РХБЗ', 'оп РХБЗ', 40);
INSERT INTO public.namemilitaryunit (idnamemu, namemu, snamemu, idkeyword) VALUES (180, 'Танковый полк', 'тп', 40);
INSERT INTO public.namemilitaryunit (idnamemu, namemu, snamemu, idkeyword) VALUES (181, 'Учебный зенитный артиллерийский полк', 'узап', 40);
INSERT INTO public.namemilitaryunit (idnamemu, namemu, snamemu, idkeyword) VALUES (182, 'Учебный мотострелковый полк', 'утп', 40);
INSERT INTO public.namemilitaryunit (idnamemu, namemu, snamemu, idkeyword) VALUES (183, 'Учебный танковый полк', 'умсп', 40);
INSERT INTO public.namemilitaryunit (idnamemu, namemu, snamemu, idkeyword) VALUES (184, 'Отдельный батальон РХБЗ', 'об РХБЗ', 45);
INSERT INTO public.namemilitaryunit (idnamemu, namemu, snamemu, idkeyword) VALUES (185, 'Отдельный батальон РЭБ', 'об РЭБ', 45);
INSERT INTO public.namemilitaryunit (idnamemu, namemu, snamemu, idkeyword) VALUES (186, 'Отдельный батальон связи', 'обс', 45);
INSERT INTO public.namemilitaryunit (idnamemu, namemu, snamemu, idkeyword) VALUES (187, 'Отдельный инженерно-сапёрный батальон', 'оисб', 45);
INSERT INTO public.namemilitaryunit (idnamemu, namemu, snamemu, idkeyword) VALUES (188, 'Отдельный понтонно-мостовой батальон', 'опмб', 45);
INSERT INTO public.namemilitaryunit (idnamemu, namemu, snamemu, idkeyword) VALUES (189, 'Отдельный разведывательный батальон', 'орб', 45);
INSERT INTO public.namemilitaryunit (idnamemu, namemu, snamemu, idkeyword) VALUES (190, 'Отдельный противотанковый артиллерийский дивизион', 'оптадн', 46);
INSERT INTO public.namemilitaryunit (idnamemu, namemu, snamemu, idkeyword) VALUES (191, 'Центральный отряд ', 'цо', 55);
INSERT INTO public.namemilitaryunit (idnamemu, namemu, snamemu, idkeyword) VALUES (192, 'Главное командование ВКС', 'ГК ВКС', 10);
INSERT INTO public.namemilitaryunit (idnamemu, namemu, snamemu, idkeyword) VALUES (193, 'Главное командование ВМФ', 'ГК ВМФ', 10);
INSERT INTO public.namemilitaryunit (idnamemu, namemu, snamemu, idkeyword) VALUES (194, 'Главное командование СВ', 'ГК СВ', 10);
INSERT INTO public.namemilitaryunit (idnamemu, namemu, snamemu, idkeyword) VALUES (195, 'Командование ВВС и ПВО', 'К ВВС и ПВО', 20);
INSERT INTO public.namemilitaryunit (idnamemu, namemu, snamemu, idkeyword) VALUES (196, 'Командование ВДВ', 'К ВДВ', 10);
INSERT INTO public.namemilitaryunit (idnamemu, namemu, snamemu, idkeyword) VALUES (197, 'Командование РВСН', 'К РВСН', 10);
INSERT INTO public.namemilitaryunit (idnamemu, namemu, snamemu, idkeyword) VALUES (198, 'Национальный центр управления обороной Российской Федерации', 'НЦУО РФ', 10);
INSERT INTO public.namemilitaryunit (idnamemu, namemu, snamemu, idkeyword) VALUES (199, 'Отдельный учебный центр', 'оуц', 75);
INSERT INTO public.namemilitaryunit (idnamemu, namemu, snamemu, idkeyword) VALUES (200, 'Отдельный центр', 'оц', 75);
INSERT INTO public.namemilitaryunit (idnamemu, namemu, snamemu, idkeyword) VALUES (201, 'Отдельный центр РЭБ', 'оц РЭБ', 75);
INSERT INTO public.namemilitaryunit (idnamemu, namemu, snamemu, idkeyword) VALUES (202, 'Учебный центр боевой подготовки', 'уцбп', 75);
INSERT INTO public.namemilitaryunit (idnamemu, namemu, snamemu, idkeyword) VALUES (203, 'Учебный центр управления', 'учц упр', 75);
INSERT INTO public.namemilitaryunit (idnamemu, namemu, snamemu, idkeyword) VALUES (204, 'ФГУ Центр государственного санитарно-эпидемиологического надзора', 'ФГУ ЦГСЭН', 75);
INSERT INTO public.namemilitaryunit (idnamemu, namemu, snamemu, idkeyword) VALUES (205, 'Архивная служба ВС РФ', 'ас ВС РФ', 81);
INSERT INTO public.namemilitaryunit (idnamemu, namemu, snamemu, idkeyword) VALUES (206, 'Военно-геральдическая служба ВС РФ', 'ВГС ВС РФ', 81);
INSERT INTO public.namemilitaryunit (idnamemu, namemu, snamemu, idkeyword) VALUES (207, 'Военно-оркестровая служба ВС РФ', 'ВОС ВС РФ', 81);
INSERT INTO public.namemilitaryunit (idnamemu, namemu, snamemu, idkeyword) VALUES (208, 'Гидрометеорологическая служба ВС РФ', 'ГМС ВС РФ', 81);
INSERT INTO public.namemilitaryunit (idnamemu, namemu, snamemu, idkeyword) VALUES (209, 'Служба безопасности полетов авиации ВС РФ', 'СБПА ВС РФ', 81);
INSERT INTO public.namemilitaryunit (idnamemu, namemu, snamemu, idkeyword) VALUES (210, 'Служба по надзору за оборотом оружия в ВС РФ', 'СНОО ВС РФ', 81);
INSERT INTO public.namemilitaryunit (idnamemu, namemu, snamemu, idkeyword) VALUES (211, 'Картографическая часть', 'кч', 82);
INSERT INTO public.namemilitaryunit (idnamemu, namemu, snamemu, idkeyword) VALUES (212, 'Департамент аудита государственных контрактов Министерства обороны Российской Федерации', 'ДАГК МО РФ', 85);
INSERT INTO public.namemilitaryunit (idnamemu, namemu, snamemu, idkeyword) VALUES (213, 'Департамент государственных закупок Минобороны России', 'ДГЗ МО РФ', 85);
INSERT INTO public.namemilitaryunit (idnamemu, namemu, snamemu, idkeyword) VALUES (214, 'Департамент жилищного обеспечения Минобороны России', 'ДЖО МО РФ', 85);
INSERT INTO public.namemilitaryunit (idnamemu, namemu, snamemu, idkeyword) VALUES (215, 'Департамент имущественных отношений Минобороны России', 'ДИО МО РФ', 85);
INSERT INTO public.namemilitaryunit (idnamemu, namemu, snamemu, idkeyword) VALUES (216, 'Департамент Министерства обороны Российской Федерации по обеспечению государственного оборонного заказа', 'Д ГОЗ МО РФ', 85);
INSERT INTO public.namemilitaryunit (idnamemu, namemu, snamemu, idkeyword) VALUES (217, 'Департамент претензионной и судебно-правовой работы Минобороны России', 'ДПСПР МО РФ', 85);
INSERT INTO public.namemilitaryunit (idnamemu, namemu, snamemu, idkeyword) VALUES (218, 'Департамент социальных гарантий Министерства обороны Российской Федерации', 'ДСГ МО РФ', 85);
INSERT INTO public.namemilitaryunit (idnamemu, namemu, snamemu, idkeyword) VALUES (219, 'Департамент транспортного обеспечения Минобороны России', 'ДТС МО РФ', 85);
INSERT INTO public.namemilitaryunit (idnamemu, namemu, snamemu, idkeyword) VALUES (220, 'Департамент финансового мониторинга государственного оборонного заказа Минобороны России', 'ДФМ ГОЗ МО РФ', 85);
INSERT INTO public.namemilitaryunit (idnamemu, namemu, snamemu, idkeyword) VALUES (221, 'Департамент финансового обеспечения Минобороны России', 'ДФО МО РФ', 85);
INSERT INTO public.namemilitaryunit (idnamemu, namemu, snamemu, idkeyword) VALUES (222, 'Департамент финансового планирования Министерства обороны Российской Федерации', 'ДФП МО РФ', 85);
INSERT INTO public.namemilitaryunit (idnamemu, namemu, snamemu, idkeyword) VALUES (223, 'Департамент экономического анализа и прогнозирования Министерства обороны Российской Федерации', 'ДЭАП МО РФ', 85);
INSERT INTO public.namemilitaryunit (idnamemu, namemu, snamemu, idkeyword) VALUES (224, 'Департамент эксплуатационного содержания и обеспечения коммунальными услугами воинских частей и организаций Минобороны России', 'ДЭС и ОКУ МО РФ', 85);
INSERT INTO public.namemilitaryunit (idnamemu, namemu, snamemu, idkeyword) VALUES (225, 'Департамент строительства Минобороны России', 'ДС МО РФ', 85);
INSERT INTO public.namemilitaryunit (idnamemu, namemu, snamemu, idkeyword) VALUES (226, 'Организационно-инспекторский департамент Минобороны России', 'ОИД МО РФ', 85);
INSERT INTO public.namemilitaryunit (idnamemu, namemu, snamemu, idkeyword) VALUES (227, 'Правовой департамент Минобороны России', 'ПД МО РФ', 85);
INSERT INTO public.namemilitaryunit (idnamemu, namemu, snamemu, idkeyword) VALUES (228, 'Протокольно-координационный департамент Министерства обороны Российской Федерации', 'ПКД МО РФ', 85);
INSERT INTO public.namemilitaryunit (idnamemu, namemu, snamemu, idkeyword) VALUES (229, 'Узел связи ', 'УС', 90);
INSERT INTO public.namemilitaryunit (idnamemu, namemu, snamemu, idkeyword) VALUES (230, 'Военно-научный комитет ВС РФ', 'ВНК ВС РФ', 152);
INSERT INTO public.namemilitaryunit (idnamemu, namemu, snamemu, idkeyword) VALUES (231, 'Контрольно-финансовая инспекция Минобороны России', 'КФИ МО РФ', 156);
INSERT INTO public.namemilitaryunit (idnamemu, namemu, snamemu, idkeyword) VALUES (232, 'Техническая инспекция Минобороны России', 'ТИ МО РФ', 156);
INSERT INTO public.namemilitaryunit (idnamemu, namemu, snamemu, idkeyword) VALUES (233, 'Школа сержантов', 'шс', 190);
INSERT INTO public.namemilitaryunit (idnamemu, namemu, snamemu, idkeyword) VALUES (234, 'Филиал № ВМКГ', 'Филиал ВМКГ', 213);
INSERT INTO public.namemilitaryunit (idnamemu, namemu, snamemu, idkeyword) VALUES (235, 'Филиал № ОВКГ', 'Филиал ОВКГ', 213);
INSERT INTO public.namemilitaryunit (idnamemu, namemu, snamemu, idkeyword) VALUES (236, 'База хранения и ремонта вооружения и техники', 'БХиРВТ', 252);
INSERT INTO public.namemilitaryunit (idnamemu, namemu, snamemu, idkeyword) VALUES (237, 'Военная база ', 'ВБ', 252);
INSERT INTO public.namemilitaryunit (idnamemu, namemu, snamemu, idkeyword) VALUES (238, 'Отдельная база ремента', 'обр', 252);
INSERT INTO public.namemilitaryunit (idnamemu, namemu, snamemu, idkeyword) VALUES (239, 'Отдельная база хранения', 'обх', 252);
INSERT INTO public.namemilitaryunit (idnamemu, namemu, snamemu, idkeyword) VALUES (240, 'Автомобильный склад', 'авто склад', 254);
INSERT INTO public.namemilitaryunit (idnamemu, namemu, snamemu, idkeyword) VALUES (241, 'Склад бронетанкового имущества', 'Склад БТИ', 254);
INSERT INTO public.namemilitaryunit (idnamemu, namemu, snamemu, idkeyword) VALUES (242, 'Склад технический средств', 'склад ТС', 254);
INSERT INTO public.namemilitaryunit (idnamemu, namemu, snamemu, idkeyword) VALUES (243, 'Военная комендатура города Москвы ', 'вк г. Москвы', 260);
INSERT INTO public.namemilitaryunit (idnamemu, namemu, snamemu, idkeyword) VALUES (244, 'Государственная экспертиза Минобороны России', 'ГЭ МО РФ', 272);
INSERT INTO public.namemilitaryunit (idnamemu, namemu, snamemu, idkeyword) VALUES (245, 'ФГУ Военно-морской клинический госпиталь', 'ФГУ КГ ВМФ', 280);
INSERT INTO public.namemilitaryunit (idnamemu, namemu, snamemu, idkeyword) VALUES (246, 'ФГУ военный госпиталь', 'ФГУ ВГ', 280);
INSERT INTO public.namemilitaryunit (idnamemu, namemu, snamemu, idkeyword) VALUES (247, 'ФГУ Окружной военный клинический госпиталь', 'ФГУ ОВКГ', 280);
INSERT INTO public.namemilitaryunit (idnamemu, namemu, snamemu, idkeyword) VALUES (248, 'ФГУ поликлиника', 'ФГУ П', 281);
INSERT INTO public.namemilitaryunit (idnamemu, namemu, snamemu, idkeyword) VALUES (249, 'Ансамбль песни и танца ЗВО', 'Ансамбль ЗВО', 453);
INSERT INTO public.namemilitaryunit (idnamemu, namemu, snamemu, idkeyword) VALUES (250, 'авиационная база', 'аб', 252);
INSERT INTO public.namemilitaryunit (idnamemu, namemu, snamemu, idkeyword) VALUES (251, 'авиационная дивизия', 'ад', 30);
INSERT INTO public.namemilitaryunit (idnamemu, namemu, snamemu, idkeyword) VALUES (252, 'авиационный полк ', 'авп', 40);
INSERT INTO public.namemilitaryunit (idnamemu, namemu, snamemu, idkeyword) VALUES (253, 'артиллерийская база вооружения', 'абв', 252);
INSERT INTO public.namemilitaryunit (idnamemu, namemu, snamemu, idkeyword) VALUES (254, 'армия ВВС и ПВО', 'А ВВС и ПВО', 20);
INSERT INTO public.namemilitaryunit (idnamemu, namemu, snamemu, idkeyword) VALUES (255, 'Астрономо-геодезический отряд', 'аго', 55);
INSERT INTO public.namemilitaryunit (idnamemu, namemu, snamemu, idkeyword) VALUES (256, 'База ремонта и хранения', 'брх', 252);
INSERT INTO public.namemilitaryunit (idnamemu, namemu, snamemu, idkeyword) VALUES (257, 'База ремонта и хранения автомобильной техники и имущества', 'брхат', 252);
INSERT INTO public.namemilitaryunit (idnamemu, namemu, snamemu, idkeyword) VALUES (258, 'База хранения и ремонта военной техники', 'бхрвт', 252);
INSERT INTO public.namemilitaryunit (idnamemu, namemu, snamemu, idkeyword) VALUES (259, 'База хранения инженерной техники', 'бхит', 252);
INSERT INTO public.namemilitaryunit (idnamemu, namemu, snamemu, idkeyword) VALUES (260, 'Бригада катеров', 'бр кат', 35);
INSERT INTO public.namemilitaryunit (idnamemu, namemu, snamemu, idkeyword) VALUES (261, 'Бригада кораблей', 'бр кор', 35);
INSERT INTO public.namemilitaryunit (idnamemu, namemu, snamemu, idkeyword) VALUES (262, 'Бригада охраны', 'бр охр', 35);
INSERT INTO public.namemilitaryunit (idnamemu, namemu, snamemu, idkeyword) VALUES (263, 'Бригада подводных лодок', 'брпл', 35);
INSERT INTO public.namemilitaryunit (idnamemu, namemu, snamemu, idkeyword) VALUES (264, 'Военная школа поваров', 'вшп', 190);
INSERT INTO public.namemilitaryunit (idnamemu, namemu, snamemu, idkeyword) VALUES (265, 'Воздушно десантный полк', 'вдп', 40);
INSERT INTO public.namemilitaryunit (idnamemu, namemu, snamemu, idkeyword) VALUES (266, 'Зенитная ракетная бригада', 'зрбр', 35);
INSERT INTO public.namemilitaryunit (idnamemu, namemu, snamemu, idkeyword) VALUES (267, 'Инженерно-ремонтная база', 'ир база', 252);
INSERT INTO public.namemilitaryunit (idnamemu, namemu, snamemu, idkeyword) VALUES (268, 'Инженерно-сапёрная бригада', 'исбр', 35);
INSERT INTO public.namemilitaryunit (idnamemu, namemu, snamemu, idkeyword) VALUES (269, 'Истребительный авиационный полк', 'иап', 40);
INSERT INTO public.namemilitaryunit (idnamemu, namemu, snamemu, idkeyword) VALUES (270, 'Комплексная база МТО', 'кб МТО', 252);
INSERT INTO public.namemilitaryunit (idnamemu, namemu, snamemu, idkeyword) VALUES (271, 'Медицинская база хранения техники и имущества', 'мбхти', 252);
INSERT INTO public.namemilitaryunit (idnamemu, namemu, snamemu, idkeyword) VALUES (272, 'Медицинский отряд специального назначения', 'медоСН', 55);
INSERT INTO public.namemilitaryunit (idnamemu, namemu, snamemu, idkeyword) VALUES (273, 'Образцовый оркестр Почетного караула ', 'оо ПК', 454);
INSERT INTO public.namemilitaryunit (idnamemu, namemu, snamemu, idkeyword) VALUES (274, 'Общевойсковой полигон', 'оп', 206);
INSERT INTO public.namemilitaryunit (idnamemu, namemu, snamemu, idkeyword) VALUES (275, 'Окружной учебный центр подготовки', 'оуцп', 75);
INSERT INTO public.namemilitaryunit (idnamemu, namemu, snamemu, idkeyword) VALUES (276, 'Отдельная автомобильная рота', 'оар', 60);
INSERT INTO public.namemilitaryunit (idnamemu, namemu, snamemu, idkeyword) VALUES (277, 'Отдельная бригада морской пехоты', 'обрмп', 35);
INSERT INTO public.namemilitaryunit (idnamemu, namemu, snamemu, idkeyword) VALUES (278, 'Отдельная бригада подводных лодок', 'обрпл', 35);
INSERT INTO public.namemilitaryunit (idnamemu, namemu, snamemu, idkeyword) VALUES (279, 'Отдельная бригада РЭБ', 'обрРЭБ', 35);
INSERT INTO public.namemilitaryunit (idnamemu, namemu, snamemu, idkeyword) VALUES (280, 'Отдельная бригада управления', 'обрупр', 35);
INSERT INTO public.namemilitaryunit (idnamemu, namemu, snamemu, idkeyword) VALUES (281, 'Отдельная зенитная ракетная бригада', 'озрбр', 35);
INSERT INTO public.namemilitaryunit (idnamemu, namemu, snamemu, idkeyword) VALUES (282, 'Отдельная радиотехническая бригада', 'ортбр', 35);
INSERT INTO public.namemilitaryunit (idnamemu, namemu, snamemu, idkeyword) VALUES (283, 'Отдельная стрелковая рота (почетного караула)', 'оср пк', 60);
INSERT INTO public.namemilitaryunit (idnamemu, namemu, snamemu, idkeyword) VALUES (284, 'Отдельная учебная рота химической защиты', 'оурхз', 60);
INSERT INTO public.namemilitaryunit (idnamemu, namemu, snamemu, idkeyword) VALUES (285, 'Отдельный авиационный полк', 'оап', 40);
INSERT INTO public.namemilitaryunit (idnamemu, namemu, snamemu, idkeyword) VALUES (286, 'Отдельный батальон охраны и обеспечения', 'обоо', 45);
INSERT INTO public.namemilitaryunit (idnamemu, namemu, snamemu, idkeyword) VALUES (287, 'Отдельный батальон сопровождения воинских грузов', 'обсвг', 45);
INSERT INTO public.namemilitaryunit (idnamemu, namemu, snamemu, idkeyword) VALUES (288, 'Отдельный дисциплинарный батальон ', 'одисб', 45);
INSERT INTO public.namemilitaryunit (idnamemu, namemu, snamemu, idkeyword) VALUES (289, 'Отдельный инженерно-саперный полк', 'оисп', 40);
INSERT INTO public.namemilitaryunit (idnamemu, namemu, snamemu, idkeyword) VALUES (290, 'Отдельный комендантский полк', 'окп', 40);
INSERT INTO public.namemilitaryunit (idnamemu, namemu, snamemu, idkeyword) VALUES (291, 'Отдельный мостовой батальон', 'омосб', 45);
INSERT INTO public.namemilitaryunit (idnamemu, namemu, snamemu, idkeyword) VALUES (292, 'Отдельный полк обеспечения', 'опо', 40);
INSERT INTO public.namemilitaryunit (idnamemu, namemu, snamemu, idkeyword) VALUES (293, 'Отдельный самоходный артиллерийский дивизион', 'осад', 46);
INSERT INTO public.namemilitaryunit (idnamemu, namemu, snamemu, idkeyword) VALUES (294, 'Отдельный специальный поисковый батальон', 'оспб', 45);
INSERT INTO public.namemilitaryunit (idnamemu, namemu, snamemu, idkeyword) VALUES (295, 'Отдельный стрелковый полк', 'осп', 40);
INSERT INTO public.namemilitaryunit (idnamemu, namemu, snamemu, idkeyword) VALUES (296, 'Отдельный транспортный смешанный авиационный полк', 'отсап', 40);
INSERT INTO public.namemilitaryunit (idnamemu, namemu, snamemu, idkeyword) VALUES (297, 'Отдельный учебный автомобильный батальон', 'оуаб', 45);
INSERT INTO public.namemilitaryunit (idnamemu, namemu, snamemu, idkeyword) VALUES (298, 'Отдельный учебный батальон', 'оуб', 45);
INSERT INTO public.namemilitaryunit (idnamemu, namemu, snamemu, idkeyword) VALUES (299, 'Отдельный учебный батальон связи', 'оубс', 45);
INSERT INTO public.namemilitaryunit (idnamemu, namemu, snamemu, idkeyword) VALUES (300, 'Отдельный учебный инженерно-саперный батальон', 'оуисб', 45);
INSERT INTO public.namemilitaryunit (idnamemu, namemu, snamemu, idkeyword) VALUES (301, 'Отдельный учебный медицинский батальон', 'оумедб', 45);
INSERT INTO public.namemilitaryunit (idnamemu, namemu, snamemu, idkeyword) VALUES (302, 'Отдельный учебный мотострелковый батальон ', 'оумсб', 45);
INSERT INTO public.namemilitaryunit (idnamemu, namemu, snamemu, idkeyword) VALUES (303, 'Отдельный учебный ремонтно-восстановительный батальон', 'оурвб', 45);
INSERT INTO public.namemilitaryunit (idnamemu, namemu, snamemu, idkeyword) VALUES (304, 'Радиотехнический полк', 'ртп', 40);
INSERT INTO public.namemilitaryunit (idnamemu, namemu, snamemu, idkeyword) VALUES (305, 'Отдельный батальон охраны и обслуживания', 'обообсл', 45);
INSERT INTO public.namemilitaryunit (idnamemu, namemu, snamemu, idkeyword) VALUES (306, 'Главное управление контрольной и надзорной деятельности Минобороны России', 'ГУ КНД МО РФ', 10);
INSERT INTO public.namemilitaryunit (idnamemu, namemu, snamemu, idkeyword) VALUES (308, 'Отдельный полк связи', 'опс', 40);
INSERT INTO public.namemilitaryunit (idnamemu, namemu, snamemu, idkeyword) VALUES (311, 'Отдельный полк РЭБ', 'опРЭБ', 40);
INSERT INTO public.namemilitaryunit (idnamemu, namemu, snamemu, idkeyword) VALUES (312, 'Отдельный батальон материального обеспечения', 'обмо', 45);
INSERT INTO public.namemilitaryunit (idnamemu, namemu, snamemu, idkeyword) VALUES (313, 'Отдельный ремонтно-востановительный батальон', 'орвб', 45);
INSERT INTO public.namemilitaryunit (idnamemu, namemu, snamemu, idkeyword) VALUES (314, 'Танковая дивизия', 'тд', 30);
INSERT INTO public.namemilitaryunit (idnamemu, namemu, snamemu, idkeyword) VALUES (315, 'Ракетная армия', 'РА', 20);
INSERT INTO public.namemilitaryunit (idnamemu, namemu, snamemu, idkeyword) VALUES (316, 'Ракетная дивизия', 'рд', 30);
INSERT INTO public.namemilitaryunit (idnamemu, namemu, snamemu, idkeyword) VALUES (317, 'Балтийский флот', 'БФ', 18);
INSERT INTO public.namemilitaryunit (idnamemu, namemu, snamemu, idkeyword) VALUES (318, 'Тихоокеанский флот', 'ТОФ', 18);
INSERT INTO public.namemilitaryunit (idnamemu, namemu, snamemu, idkeyword) VALUES (319, 'Управление Балтийского флота', 'БФ упр', 10);
INSERT INTO public.namemilitaryunit (idnamemu, namemu, snamemu, idkeyword) VALUES (320, 'Управление Тихоокеанского флота', 'ТОФ упр', 10);INSERT INTO public.object_categories_list (object_categories_list_id, zones_id, object_categories_id) VALUES (3, 2, 3);
INSERT INTO public.object_categories_list (object_categories_list_id, zones_id, object_categories_id) VALUES (18, 2, 5);
INSERT INTO public.object_categories_list (object_categories_list_id, zones_id, object_categories_id) VALUES (24, 9, 14);
INSERT INTO public.object_categories_list (object_categories_list_id, zones_id, object_categories_id) VALUES (25, 9, 1);
INSERT INTO public.object_categories_list (object_categories_list_id, zones_id, object_categories_id) VALUES (26, 9, 2);
INSERT INTO public.object_categories_list (object_categories_list_id, zones_id, object_categories_id) VALUES (27, 9, 3);
INSERT INTO public.object_categories_list (object_categories_list_id, zones_id, object_categories_id) VALUES (28, 9, 5);
INSERT INTO public.object_categories_list (object_categories_list_id, zones_id, object_categories_id) VALUES (30, 13, 2);
INSERT INTO public.object_categories_list (object_categories_list_id, zones_id, object_categories_id) VALUES (31, 14, 3);
INSERT INTO public.object_categories_list (object_categories_list_id, zones_id, object_categories_id) VALUES (32, 14, 5);
INSERT INTO public.object_categories_list (object_categories_list_id, zones_id, object_categories_id) VALUES (33, 15, 1);
INSERT INTO public.object_categories_list (object_categories_list_id, zones_id, object_categories_id) VALUES (34, 15, 20);
INSERT INTO public.object_categories_list (object_categories_list_id, zones_id, object_categories_id) VALUES (35, 16, 2);
INSERT INTO public.object_categories_list (object_categories_list_id, zones_id, object_categories_id) VALUES (36, 16, 3);
INSERT INTO public.object_categories_list (object_categories_list_id, zones_id, object_categories_id) VALUES (37, 12, 2);
INSERT INTO public.object_categories_list (object_categories_list_id, zones_id, object_categories_id) VALUES (38, 12, 5);
INSERT INTO public.object_categories_list (object_categories_list_id, zones_id, object_categories_id) VALUES (39, 13, 3);INSERT INTO public.object_categories (object_categories_id, fullname, note) VALUES (1, 'Гражданский объект', 'Гражданский объект гражданского назначения');
INSERT INTO public.object_categories (object_categories_id, fullname, note) VALUES (2, 'Военный объект', 'Военный объект военного назначения');
INSERT INTO public.object_categories (object_categories_id, fullname, note) VALUES (3, 'Исследовательский объект', 'Исследовательский объект исследовательского назначения');
INSERT INTO public.object_categories (object_categories_id, fullname, note) VALUES (5, 'Энергетический объект', 'Солнечная станция');
INSERT INTO public.object_categories (object_categories_id, fullname, note) VALUES (14, 'Степной объект', 'Степной объект');
INSERT INTO public.object_categories (object_categories_id, fullname, note) VALUES (20, 'Новый объект', 'Новый объект');INSERT INTO public.object_files (object_files_id, idfilestorage, construction_objects_id, upload_date, note) VALUES (6, '136a4ff4-a134-4985-869b-65bbce31e9cb', 38, '2020-11-09 11:29:39.878104', null);INSERT INTO public."OKSM" (oksm_id, code, shortname, fullname, alpha2, alpha3) VALUES (2, '008', 'АЛБАНИЯ', 'Республика Албания', 'AL', 'ALB');
INSERT INTO public."OKSM" (oksm_id, code, shortname, fullname, alpha2, alpha3) VALUES (3, '010', 'АНТАРКТИДА', null, 'AQ', 'ATA');
INSERT INTO public."OKSM" (oksm_id, code, shortname, fullname, alpha2, alpha3) VALUES (4, '012', 'АЛЖИР', 'Алжирская Народная Демократическая Республика', 'DZ', 'DZA');
INSERT INTO public."OKSM" (oksm_id, code, shortname, fullname, alpha2, alpha3) VALUES (5, '016', 'АМЕРИКАНСКОЕ САМОА', null, 'AS', 'ASM');
INSERT INTO public."OKSM" (oksm_id, code, shortname, fullname, alpha2, alpha3) VALUES (7, '024', 'АНГОЛА', 'Республика Ангола', 'AO', 'AGO');
INSERT INTO public."OKSM" (oksm_id, code, shortname, fullname, alpha2, alpha3) VALUES (8, '028', 'АНТИГУА И БАРБУДА', null, 'AG', 'ATG');
INSERT INTO public."OKSM" (oksm_id, code, shortname, fullname, alpha2, alpha3) VALUES (9, '031', 'АЗЕРБАЙДЖАН', 'Республика Азербайджан', 'AZ', 'AZE');
INSERT INTO public."OKSM" (oksm_id, code, shortname, fullname, alpha2, alpha3) VALUES (10, '032', 'АРГЕНТИНА', 'Аргентинская Республика', 'AR', 'ARG');
INSERT INTO public."OKSM" (oksm_id, code, shortname, fullname, alpha2, alpha3) VALUES (11, '036', 'АВСТРАЛИЯ', null, 'AU', 'AUS');
INSERT INTO public."OKSM" (oksm_id, code, shortname, fullname, alpha2, alpha3) VALUES (12, '040', 'АВСТРИЯ', 'Австрийская Республика', 'AT', 'AUT');
INSERT INTO public."OKSM" (oksm_id, code, shortname, fullname, alpha2, alpha3) VALUES (13, '044', 'БАГАМЫ', 'Содружество Багамы', 'BS', 'BHS');
INSERT INTO public."OKSM" (oksm_id, code, shortname, fullname, alpha2, alpha3) VALUES (14, '048', 'БАХРЕЙН', 'Королевство Бахрейн', 'BH', 'BHR');
INSERT INTO public."OKSM" (oksm_id, code, shortname, fullname, alpha2, alpha3) VALUES (15, '050', 'БАНГЛАДЕШ', 'Народная Республика Бангладеш', 'BD', 'BGD');
INSERT INTO public."OKSM" (oksm_id, code, shortname, fullname, alpha2, alpha3) VALUES (16, '051', 'АРМЕНИЯ', 'Республика Армения', 'AM', 'ARM');
INSERT INTO public."OKSM" (oksm_id, code, shortname, fullname, alpha2, alpha3) VALUES (17, '052', 'БАРБАДОС', null, 'BB', 'BRB');
INSERT INTO public."OKSM" (oksm_id, code, shortname, fullname, alpha2, alpha3) VALUES (18, '056', 'БЕЛЬГИЯ', 'Королевство Бельгии', 'BE', 'BEL');
INSERT INTO public."OKSM" (oksm_id, code, shortname, fullname, alpha2, alpha3) VALUES (19, '060', 'БЕРМУДЫ', null, 'BM', 'BMU');
INSERT INTO public."OKSM" (oksm_id, code, shortname, fullname, alpha2, alpha3) VALUES (20, '064', 'БУТАН', 'Королевство Бутан', 'BT', 'BTN');
INSERT INTO public."OKSM" (oksm_id, code, shortname, fullname, alpha2, alpha3) VALUES (21, '068', 'БОЛИВИЯ, МНОГОНАЦИОНАЛЬНОЕ ГОСУДАРСТВО', 'Многонациональное Государство Боливия', 'BO', 'BOL');
INSERT INTO public."OKSM" (oksm_id, code, shortname, fullname, alpha2, alpha3) VALUES (22, '070', 'БОСНИЯ И ГЕРЦЕГОВИНА', null, 'BA', 'BIH');
INSERT INTO public."OKSM" (oksm_id, code, shortname, fullname, alpha2, alpha3) VALUES (23, '072', 'БОТСВАНА', 'Республика Ботсвана', 'BW', 'BWA');
INSERT INTO public."OKSM" (oksm_id, code, shortname, fullname, alpha2, alpha3) VALUES (24, '074', 'ОСТРОВ БУВЕ', null, 'BV', 'BVT');
INSERT INTO public."OKSM" (oksm_id, code, shortname, fullname, alpha2, alpha3) VALUES (25, '076', 'БРАЗИЛИЯ', 'Федеративная Республика Бразилия', 'BR', 'BRA');
INSERT INTO public."OKSM" (oksm_id, code, shortname, fullname, alpha2, alpha3) VALUES (26, '084', 'БЕЛИЗ', null, 'BZ', 'BLZ');
INSERT INTO public."OKSM" (oksm_id, code, shortname, fullname, alpha2, alpha3) VALUES (27, '086', 'БРИТАНСКАЯ ТЕРРИТОРИЯ В ИНДИЙСКОМ ОКЕАНЕ', null, 'IO', 'IOT');
INSERT INTO public."OKSM" (oksm_id, code, shortname, fullname, alpha2, alpha3) VALUES (28, '090', 'СОЛОМОНОВЫ ОСТРОВА', null, 'SB', 'SLB');
INSERT INTO public."OKSM" (oksm_id, code, shortname, fullname, alpha2, alpha3) VALUES (29, '092', 'ВИРГИНСКИЕ ОСТРОВА, БРИТАНСКИЕ', 'Британские Виргинские острова', 'VG', 'VGB');
INSERT INTO public."OKSM" (oksm_id, code, shortname, fullname, alpha2, alpha3) VALUES (30, '096', 'БРУНЕЙ-ДАРУССАЛАМ', null, 'BN', 'BRN');
INSERT INTO public."OKSM" (oksm_id, code, shortname, fullname, alpha2, alpha3) VALUES (31, '100', 'БОЛГАРИЯ', 'Республика Болгария', 'BG', 'BGR');
INSERT INTO public."OKSM" (oksm_id, code, shortname, fullname, alpha2, alpha3) VALUES (32, '104', 'МЬЯНМА', 'Республика Союза Мьянма', 'MM', 'MMR');
INSERT INTO public."OKSM" (oksm_id, code, shortname, fullname, alpha2, alpha3) VALUES (33, '108', 'БУРУНДИ', 'Республика Бурунди', 'BI', 'BDI');
INSERT INTO public."OKSM" (oksm_id, code, shortname, fullname, alpha2, alpha3) VALUES (34, '112', 'БЕЛАРУСЬ', 'Республика Беларусь', 'BY', 'BLR');
INSERT INTO public."OKSM" (oksm_id, code, shortname, fullname, alpha2, alpha3) VALUES (35, '116', 'КАМБОДЖА', 'Королевство Камбоджа', 'KH', 'KHM');
INSERT INTO public."OKSM" (oksm_id, code, shortname, fullname, alpha2, alpha3) VALUES (36, '120', 'КАМЕРУН', 'Республика Камерун', 'CM', 'CMR');
INSERT INTO public."OKSM" (oksm_id, code, shortname, fullname, alpha2, alpha3) VALUES (37, '124', 'КАНАДА', null, 'CA', 'CAN');
INSERT INTO public."OKSM" (oksm_id, code, shortname, fullname, alpha2, alpha3) VALUES (38, '132', 'КАБО-ВЕРДЕ', 'Республика Кабо-Верде', 'CV', 'CPV');
INSERT INTO public."OKSM" (oksm_id, code, shortname, fullname, alpha2, alpha3) VALUES (39, '136', 'ОСТРОВА КАЙМАН', null, 'KY', 'CYM');
INSERT INTO public."OKSM" (oksm_id, code, shortname, fullname, alpha2, alpha3) VALUES (40, '140', 'ЦЕНТРАЛЬНО-АФРИКАНСКАЯ РЕСПУБЛИКА', null, 'CF', 'CAF');
INSERT INTO public."OKSM" (oksm_id, code, shortname, fullname, alpha2, alpha3) VALUES (41, '144', 'ШРИ-ЛАНКА', 'Демократическая Социалистическая Республика Шри-Ланка', 'LK', 'LKA');
INSERT INTO public."OKSM" (oksm_id, code, shortname, fullname, alpha2, alpha3) VALUES (42, '148', 'ЧАД', 'Республика Чад', 'TD', 'TCD');
INSERT INTO public."OKSM" (oksm_id, code, shortname, fullname, alpha2, alpha3) VALUES (43, '152', 'ЧИЛИ', 'Республика Чили', 'CL', 'CHL');
INSERT INTO public."OKSM" (oksm_id, code, shortname, fullname, alpha2, alpha3) VALUES (44, '156', 'КИТАЙ', 'Китайская Народная Республика', 'CN', 'CHN');
INSERT INTO public."OKSM" (oksm_id, code, shortname, fullname, alpha2, alpha3) VALUES (45, '158', 'ТАЙВАНЬ (КИТАЙ)', null, 'TW', 'TWN');
INSERT INTO public."OKSM" (oksm_id, code, shortname, fullname, alpha2, alpha3) VALUES (46, '162', 'ОСТРОВ РОЖДЕСТВА', null, 'CX', 'CXR');
INSERT INTO public."OKSM" (oksm_id, code, shortname, fullname, alpha2, alpha3) VALUES (47, '166', 'КОКОСОВЫЕ (КИЛИНГ) ОСТРОВА', null, 'CC', 'CCK');
INSERT INTO public."OKSM" (oksm_id, code, shortname, fullname, alpha2, alpha3) VALUES (48, '170', 'КОЛУМБИЯ', 'Республика Колумбия', 'CO', 'COL');
INSERT INTO public."OKSM" (oksm_id, code, shortname, fullname, alpha2, alpha3) VALUES (49, '174', 'КОМОРЫ', 'Союз Коморы', 'KM', 'COM');
INSERT INTO public."OKSM" (oksm_id, code, shortname, fullname, alpha2, alpha3) VALUES (50, '175', 'МАЙОТТА', null, 'YT', 'MYT');
INSERT INTO public."OKSM" (oksm_id, code, shortname, fullname, alpha2, alpha3) VALUES (51, '178', 'КОНГО', 'Республика Конго', 'CG', 'COG');
INSERT INTO public."OKSM" (oksm_id, code, shortname, fullname, alpha2, alpha3) VALUES (52, '180', 'КОНГО, ДЕМОКРАТИЧЕСКАЯ РЕСПУБЛИКА', 'Демократическая Республика Конго', 'CD', 'COD');
INSERT INTO public."OKSM" (oksm_id, code, shortname, fullname, alpha2, alpha3) VALUES (53, '184', 'ОСТРОВА КУКА', null, 'CK', 'COK');
INSERT INTO public."OKSM" (oksm_id, code, shortname, fullname, alpha2, alpha3) VALUES (54, '188', 'КОСТА-РИКА', 'Республика Коста-Рика', 'CR', 'CRI');
INSERT INTO public."OKSM" (oksm_id, code, shortname, fullname, alpha2, alpha3) VALUES (55, '191', 'ХОРВАТИЯ', 'Республика Хорватия', 'HR', 'HRV');
INSERT INTO public."OKSM" (oksm_id, code, shortname, fullname, alpha2, alpha3) VALUES (56, '192', 'КУБА', 'Республика Куба', 'CU', 'CUB');
INSERT INTO public."OKSM" (oksm_id, code, shortname, fullname, alpha2, alpha3) VALUES (57, '196', 'КИПР', 'Республика Кипр', 'CY', 'CYP');
INSERT INTO public."OKSM" (oksm_id, code, shortname, fullname, alpha2, alpha3) VALUES (58, '203', 'ЧЕШСКАЯ РЕСПУБЛИКА', null, 'CZ', 'CZE');
INSERT INTO public."OKSM" (oksm_id, code, shortname, fullname, alpha2, alpha3) VALUES (59, '204', 'БЕНИН', 'Республика Бенин', 'BJ', 'BEN');
INSERT INTO public."OKSM" (oksm_id, code, shortname, fullname, alpha2, alpha3) VALUES (60, '208', 'ДАНИЯ', 'Королевство Дания', 'DK', 'DNK');
INSERT INTO public."OKSM" (oksm_id, code, shortname, fullname, alpha2, alpha3) VALUES (61, '212', 'ДОМИНИКА', 'Содружество Доминики', 'DM', 'DMA');
INSERT INTO public."OKSM" (oksm_id, code, shortname, fullname, alpha2, alpha3) VALUES (62, '214', 'ДОМИНИКАНСКАЯ РЕСПУБЛИКА', null, 'DO', 'DOM');
INSERT INTO public."OKSM" (oksm_id, code, shortname, fullname, alpha2, alpha3) VALUES (63, '218', 'ЭКВАДОР', 'Республика Эквадор', 'EC', 'ECU');
INSERT INTO public."OKSM" (oksm_id, code, shortname, fullname, alpha2, alpha3) VALUES (64, '222', 'ЭЛЬ-САЛЬВАДОР', 'Республика Эль-Сальвадор', 'SV', 'SLV');
INSERT INTO public."OKSM" (oksm_id, code, shortname, fullname, alpha2, alpha3) VALUES (65, '226', 'ЭКВАТОРИАЛЬНАЯ ГВИНЕЯ', 'Республика Экваториальная Гвинея', 'GQ', 'GNQ');
INSERT INTO public."OKSM" (oksm_id, code, shortname, fullname, alpha2, alpha3) VALUES (66, '231', 'ЭФИОПИЯ', 'Федеративная Демократическая Республика Эфиопия', 'ET', 'ETH');
INSERT INTO public."OKSM" (oksm_id, code, shortname, fullname, alpha2, alpha3) VALUES (67, '232', 'ЭРИТРЕЯ', 'Государство Эритрея', 'ER', 'ERI');
INSERT INTO public."OKSM" (oksm_id, code, shortname, fullname, alpha2, alpha3) VALUES (68, '233', 'ЭСТОНИЯ', 'Эстонская Республика', 'EE', 'EST');
INSERT INTO public."OKSM" (oksm_id, code, shortname, fullname, alpha2, alpha3) VALUES (69, '234', 'ФАРЕРСКИЕ ОСТРОВА', null, 'FO', 'FRO');
INSERT INTO public."OKSM" (oksm_id, code, shortname, fullname, alpha2, alpha3) VALUES (70, '238', 'ФОЛКЛЕНДСКИЕ ОСТРОВА (МАЛЬВИНСКИЕ)', null, 'FK', 'FLK');
INSERT INTO public."OKSM" (oksm_id, code, shortname, fullname, alpha2, alpha3) VALUES (71, '239', 'ЮЖНАЯ ДЖОРДЖИЯ И ЮЖНЫЕ САНДВИЧЕВЫ ОСТРОВА', null, 'GS', 'SGS');
INSERT INTO public."OKSM" (oksm_id, code, shortname, fullname, alpha2, alpha3) VALUES (72, '242', 'ФИДЖИ', 'Республика Фиджи', 'FJ', 'FJI');
INSERT INTO public."OKSM" (oksm_id, code, shortname, fullname, alpha2, alpha3) VALUES (73, '246', 'ФИНЛЯНДИЯ', 'Финляндская Республика', 'FI', 'FIN');
INSERT INTO public."OKSM" (oksm_id, code, shortname, fullname, alpha2, alpha3) VALUES (74, '248', 'ЭЛАНДСКИЕ ОСТРОВА', null, 'АХ', 'ALA');
INSERT INTO public."OKSM" (oksm_id, code, shortname, fullname, alpha2, alpha3) VALUES (75, '250', 'ФРАНЦИЯ', 'Французская Республика', 'FR', 'FRA');
INSERT INTO public."OKSM" (oksm_id, code, shortname, fullname, alpha2, alpha3) VALUES (76, '254', 'ФРАНЦУЗСКАЯ ГВИАНА', null, 'GF', 'GUF');
INSERT INTO public."OKSM" (oksm_id, code, shortname, fullname, alpha2, alpha3) VALUES (77, '258', 'ФРАНЦУЗСКАЯ ПОЛИНЕЗИЯ', null, 'PF', 'PYF');
INSERT INTO public."OKSM" (oksm_id, code, shortname, fullname, alpha2, alpha3) VALUES (78, '260', 'ФРАНЦУЗСКИЕ ЮЖНЫЕ ТЕРРИТОРИИ', null, 'TF', 'ATF');
INSERT INTO public."OKSM" (oksm_id, code, shortname, fullname, alpha2, alpha3) VALUES (79, '262', 'ДЖИБУТИ', 'Республика Джибути', 'DJ', 'DJI');
INSERT INTO public."OKSM" (oksm_id, code, shortname, fullname, alpha2, alpha3) VALUES (80, '266', 'ГАБОН', 'Габонская Республика', 'GA', 'GAB');
INSERT INTO public."OKSM" (oksm_id, code, shortname, fullname, alpha2, alpha3) VALUES (81, '268', 'ГРУЗИЯ', null, 'GE', 'GEO');
INSERT INTO public."OKSM" (oksm_id, code, shortname, fullname, alpha2, alpha3) VALUES (82, '270', 'ГАМБИЯ', 'Республика Гамбия', 'GM', 'GMB');
INSERT INTO public."OKSM" (oksm_id, code, shortname, fullname, alpha2, alpha3) VALUES (83, '275', 'ПАЛЕСТИНА, ГОСУДАРСТВО', 'Государство Палестина', 'PS', 'PSE');
INSERT INTO public."OKSM" (oksm_id, code, shortname, fullname, alpha2, alpha3) VALUES (84, '276', 'ГЕРМАНИЯ', 'Федеративная Республика Германия', 'DE', 'DEU');
INSERT INTO public."OKSM" (oksm_id, code, shortname, fullname, alpha2, alpha3) VALUES (85, '288', 'ГАНА', 'Республика Гана', 'GH', 'GHA');
INSERT INTO public."OKSM" (oksm_id, code, shortname, fullname, alpha2, alpha3) VALUES (86, '292', 'ГИБРАЛТАР', null, 'GI', 'GIB');
INSERT INTO public."OKSM" (oksm_id, code, shortname, fullname, alpha2, alpha3) VALUES (87, '296', 'КИРИБАТИ', 'Республика Кирибати', 'KI', 'KIR');
INSERT INTO public."OKSM" (oksm_id, code, shortname, fullname, alpha2, alpha3) VALUES (88, '300', 'ГРЕЦИЯ', 'Греческая Республика', 'GR', 'GRC');
INSERT INTO public."OKSM" (oksm_id, code, shortname, fullname, alpha2, alpha3) VALUES (89, '304', 'ГРЕНЛАНДИЯ', null, 'GL', 'GRL');
INSERT INTO public."OKSM" (oksm_id, code, shortname, fullname, alpha2, alpha3) VALUES (90, '308', 'ГРЕНАДА', null, 'GD', 'GRD');
INSERT INTO public."OKSM" (oksm_id, code, shortname, fullname, alpha2, alpha3) VALUES (91, '312', 'ГВАДЕЛУПА', null, 'GP', 'GLP');
INSERT INTO public."OKSM" (oksm_id, code, shortname, fullname, alpha2, alpha3) VALUES (92, '316', 'ГУАМ', null, 'GU', 'GUM');
INSERT INTO public."OKSM" (oksm_id, code, shortname, fullname, alpha2, alpha3) VALUES (93, '320', 'ГВАТЕМАЛА', 'Республика Гватемала', 'GT', 'GTM');
INSERT INTO public."OKSM" (oksm_id, code, shortname, fullname, alpha2, alpha3) VALUES (94, '324', 'ГВИНЕЯ', 'Гвинейская Республика', 'GN', 'GIN');
INSERT INTO public."OKSM" (oksm_id, code, shortname, fullname, alpha2, alpha3) VALUES (95, '328', 'ГАЙАНА', 'Республика Гайана', 'GY', 'GUY');
INSERT INTO public."OKSM" (oksm_id, code, shortname, fullname, alpha2, alpha3) VALUES (96, '332', 'ГАИТИ', 'Республика Гаити', 'HT', 'HTI');
INSERT INTO public."OKSM" (oksm_id, code, shortname, fullname, alpha2, alpha3) VALUES (97, '334', 'ОСТРОВ ХЕРД И ОСТРОВА МАКДОНАЛЬД', null, 'HM', 'HMD');
INSERT INTO public."OKSM" (oksm_id, code, shortname, fullname, alpha2, alpha3) VALUES (98, '336', 'ПАПСКИЙ ПРЕСТОЛ (ГОСУДАРСТВО - ГОРОД ВАТИКАН)', null, 'VA', 'VAT');
INSERT INTO public."OKSM" (oksm_id, code, shortname, fullname, alpha2, alpha3) VALUES (99, '340', 'ГОНДУРАС', 'Республика Гондурас', 'HN', 'HND');
INSERT INTO public."OKSM" (oksm_id, code, shortname, fullname, alpha2, alpha3) VALUES (100, '344', 'ГОНКОНГ', 'Специальный административный регион Китая Гонконг', 'HK', 'HKG');
INSERT INTO public."OKSM" (oksm_id, code, shortname, fullname, alpha2, alpha3) VALUES (101, '348', 'ВЕНГРИЯ', 'Венгрия', 'HU', 'HUN');
INSERT INTO public."OKSM" (oksm_id, code, shortname, fullname, alpha2, alpha3) VALUES (102, '352', 'ИСЛАНДИЯ', 'Республика Исландия', 'IS', 'ISL');
INSERT INTO public."OKSM" (oksm_id, code, shortname, fullname, alpha2, alpha3) VALUES (103, '356', 'ИНДИЯ', 'Республика Индия', 'IN', 'IND');
INSERT INTO public."OKSM" (oksm_id, code, shortname, fullname, alpha2, alpha3) VALUES (104, '360', 'ИНДОНЕЗИЯ', 'Республика Индонезия', 'ID', 'IDN');
INSERT INTO public."OKSM" (oksm_id, code, shortname, fullname, alpha2, alpha3) VALUES (105, '364', 'ИРАН, ИСЛАМСКАЯ РЕСПУБЛИКА', 'Исламская Республика Иран', 'IR', 'IRN');
INSERT INTO public."OKSM" (oksm_id, code, shortname, fullname, alpha2, alpha3) VALUES (106, '368', 'ИРАК', 'Республика Ирак', 'IQ', 'IRQ');
INSERT INTO public."OKSM" (oksm_id, code, shortname, fullname, alpha2, alpha3) VALUES (107, '372', 'ИРЛАНДИЯ', null, 'IE', 'IRL');
INSERT INTO public."OKSM" (oksm_id, code, shortname, fullname, alpha2, alpha3) VALUES (108, '376', 'ИЗРАИЛЬ', 'Государство Израиль', 'IL', 'ISR');
INSERT INTO public."OKSM" (oksm_id, code, shortname, fullname, alpha2, alpha3) VALUES (109, '380', 'ИТАЛИЯ', 'Итальянская Республика', 'IT', 'ITA');
INSERT INTO public."OKSM" (oksm_id, code, shortname, fullname, alpha2, alpha3) VALUES (110, '384', 'КОТ Д''ИВУАР', 'Республика Кот д''Ивуар', 'CI', 'CIV');
INSERT INTO public."OKSM" (oksm_id, code, shortname, fullname, alpha2, alpha3) VALUES (111, '388', 'ЯМАЙКА', null, 'JM', 'JAM');
INSERT INTO public."OKSM" (oksm_id, code, shortname, fullname, alpha2, alpha3) VALUES (112, '392', 'ЯПОНИЯ', null, 'JP', 'JPN');
INSERT INTO public."OKSM" (oksm_id, code, shortname, fullname, alpha2, alpha3) VALUES (113, '398', 'КАЗАХСТАН', 'Республика Казахстан', 'KZ', 'KAZ');
INSERT INTO public."OKSM" (oksm_id, code, shortname, fullname, alpha2, alpha3) VALUES (114, '400', 'ИОРДАНИЯ', 'Иорданское Хашимитское Королевство', 'JO', 'JOR');
INSERT INTO public."OKSM" (oksm_id, code, shortname, fullname, alpha2, alpha3) VALUES (115, '404', 'КЕНИЯ', 'Республика Кения', 'KE', 'KEN');
INSERT INTO public."OKSM" (oksm_id, code, shortname, fullname, alpha2, alpha3) VALUES (116, '408', 'КОРЕЯ, НАРОДНО-ДЕМОКРАТИЧЕСКАЯ РЕСПУБЛИКА', 'Корейская Народно-Демократическая Республика', 'KP', 'PRK');
INSERT INTO public."OKSM" (oksm_id, code, shortname, fullname, alpha2, alpha3) VALUES (117, '410', 'КОРЕЯ, РЕСПУБЛИКА', 'Республика Корея', 'KR', 'KOR');
INSERT INTO public."OKSM" (oksm_id, code, shortname, fullname, alpha2, alpha3) VALUES (118, '414', 'КУВЕЙТ', 'Государство Кувейт', 'KW', 'KWT');
INSERT INTO public."OKSM" (oksm_id, code, shortname, fullname, alpha2, alpha3) VALUES (119, '417', 'КИРГИЗИЯ', 'Киргизская Республика', 'KG', 'KGZ');
INSERT INTO public."OKSM" (oksm_id, code, shortname, fullname, alpha2, alpha3) VALUES (120, '418', 'ЛАОССКАЯ НАРОДНО-ДЕМОКРАТИЧЕСКАЯ РЕСПУБЛИКА', null, 'LA', 'LAO');
INSERT INTO public."OKSM" (oksm_id, code, shortname, fullname, alpha2, alpha3) VALUES (121, '422', 'ЛИВАН', 'Ливанская Республика', 'LB', 'LBN');
INSERT INTO public."OKSM" (oksm_id, code, shortname, fullname, alpha2, alpha3) VALUES (122, '426', 'ЛЕСОТО', 'Королевство Лесото', 'LS', 'LSO');
INSERT INTO public."OKSM" (oksm_id, code, shortname, fullname, alpha2, alpha3) VALUES (123, '428', 'ЛАТВИЯ', 'Латвийская Республика', 'LV', 'LVA');
INSERT INTO public."OKSM" (oksm_id, code, shortname, fullname, alpha2, alpha3) VALUES (124, '430', 'ЛИБЕРИЯ', 'Республика Либерия', 'LR', 'LBR');
INSERT INTO public."OKSM" (oksm_id, code, shortname, fullname, alpha2, alpha3) VALUES (125, '434', 'ЛИВИЯ', 'Ливия', 'LY', 'LBY');
INSERT INTO public."OKSM" (oksm_id, code, shortname, fullname, alpha2, alpha3) VALUES (126, '438', 'ЛИХТЕНШТЕЙН', 'Княжество Лихтенштейн', 'LI', 'LIE');
INSERT INTO public."OKSM" (oksm_id, code, shortname, fullname, alpha2, alpha3) VALUES (127, '440', 'ЛИТВА', 'Литовская Республика', 'LT', 'LTU');
INSERT INTO public."OKSM" (oksm_id, code, shortname, fullname, alpha2, alpha3) VALUES (128, '442', 'ЛЮКСЕМБУРГ', 'Великое Герцогство Люксембург', 'LU', 'LUX');
INSERT INTO public."OKSM" (oksm_id, code, shortname, fullname, alpha2, alpha3) VALUES (129, '446', 'МАКАО', 'Специальный административный регион Китая Макао', 'MO', 'MAC');
INSERT INTO public."OKSM" (oksm_id, code, shortname, fullname, alpha2, alpha3) VALUES (130, '450', 'МАДАГАСКАР', 'Республика Мадагаскар', 'MG', 'MDG');
INSERT INTO public."OKSM" (oksm_id, code, shortname, fullname, alpha2, alpha3) VALUES (131, '454', 'МАЛАВИ', 'Республика Малави', 'MW', 'MWI');
INSERT INTO public."OKSM" (oksm_id, code, shortname, fullname, alpha2, alpha3) VALUES (132, '458', 'МАЛАЙЗИЯ', null, 'MY', 'MYS');
INSERT INTO public."OKSM" (oksm_id, code, shortname, fullname, alpha2, alpha3) VALUES (133, '462', 'МАЛЬДИВЫ', 'Мальдивская Республика', 'MV', 'MDV');
INSERT INTO public."OKSM" (oksm_id, code, shortname, fullname, alpha2, alpha3) VALUES (134, '466', 'МАЛИ', 'Республика Мали', 'ML', 'MLI');
INSERT INTO public."OKSM" (oksm_id, code, shortname, fullname, alpha2, alpha3) VALUES (135, '470', 'МАЛЬТА', 'Республика Мальта', 'MT', 'MLT');
INSERT INTO public."OKSM" (oksm_id, code, shortname, fullname, alpha2, alpha3) VALUES (136, '474', 'МАРТИНИКА', null, 'MQ', 'MTQ');
INSERT INTO public."OKSM" (oksm_id, code, shortname, fullname, alpha2, alpha3) VALUES (137, '478', 'МАВРИТАНИЯ', 'Исламская Республика Мавритания', 'MR', 'MRT');
INSERT INTO public."OKSM" (oksm_id, code, shortname, fullname, alpha2, alpha3) VALUES (138, '480', 'МАВРИКИЙ', 'Республика Маврикий', 'MU', 'MUS');
INSERT INTO public."OKSM" (oksm_id, code, shortname, fullname, alpha2, alpha3) VALUES (139, '484', 'МЕКСИКА', 'Мексиканские Соединенные Штаты', 'MX', 'MEX');
INSERT INTO public."OKSM" (oksm_id, code, shortname, fullname, alpha2, alpha3) VALUES (140, '492', 'МОНАКО', 'Княжество Монако', 'MC', 'MCO');
INSERT INTO public."OKSM" (oksm_id, code, shortname, fullname, alpha2, alpha3) VALUES (141, '496', 'МОНГОЛИЯ', null, 'MN', 'MNG');
INSERT INTO public."OKSM" (oksm_id, code, shortname, fullname, alpha2, alpha3) VALUES (142, '498', 'МОЛДОВА, РЕСПУБЛИКА', 'Республика Молдова', 'MD', 'MDA');
INSERT INTO public."OKSM" (oksm_id, code, shortname, fullname, alpha2, alpha3) VALUES (143, '499', 'ЧЕРНОГОРИЯ', null, 'ME', 'MNE');
INSERT INTO public."OKSM" (oksm_id, code, shortname, fullname, alpha2, alpha3) VALUES (144, '500', 'МОНТСЕРРАТ', null, 'MS', 'MSR');
INSERT INTO public."OKSM" (oksm_id, code, shortname, fullname, alpha2, alpha3) VALUES (145, '504', 'МАРОККО', 'Королевство Марокко', 'MA', 'MAR');
INSERT INTO public."OKSM" (oksm_id, code, shortname, fullname, alpha2, alpha3) VALUES (146, '508', 'МОЗАМБИК', 'Республика Мозамбик', 'MZ', 'MOZ');
INSERT INTO public."OKSM" (oksm_id, code, shortname, fullname, alpha2, alpha3) VALUES (147, '512', 'ОМАН', 'Султанат Оман', 'OM', 'OMN');
INSERT INTO public."OKSM" (oksm_id, code, shortname, fullname, alpha2, alpha3) VALUES (148, '516', 'НАМИБИЯ', 'Республика Намибия', 'NA', 'NAM');
INSERT INTO public."OKSM" (oksm_id, code, shortname, fullname, alpha2, alpha3) VALUES (149, '520', 'НАУРУ', 'Республика Науру', 'NR', 'NRU');
INSERT INTO public."OKSM" (oksm_id, code, shortname, fullname, alpha2, alpha3) VALUES (150, '524', 'НЕПАЛ', 'Федеративная Демократическая Республика Непал', 'NP', 'NPL');
INSERT INTO public."OKSM" (oksm_id, code, shortname, fullname, alpha2, alpha3) VALUES (151, '528', 'НИДЕРЛАНДЫ', 'Королевство Нидерландов', 'NL', 'NLD');
INSERT INTO public."OKSM" (oksm_id, code, shortname, fullname, alpha2, alpha3) VALUES (152, '531', 'КЮРАСАО', null, 'CW', 'CUW');
INSERT INTO public."OKSM" (oksm_id, code, shortname, fullname, alpha2, alpha3) VALUES (153, '533', 'АРУБА', null, 'AW', 'ABW');
INSERT INTO public."OKSM" (oksm_id, code, shortname, fullname, alpha2, alpha3) VALUES (154, '534', 'СЕН-МАРТЕН (нидерландская часть)', null, 'SX', 'SXM');
INSERT INTO public."OKSM" (oksm_id, code, shortname, fullname, alpha2, alpha3) VALUES (155, '535', 'БОНЭЙР, СИНТ-ЭСТАТИУС И САБА', null, 'BQ', 'BES');
INSERT INTO public."OKSM" (oksm_id, code, shortname, fullname, alpha2, alpha3) VALUES (156, '540', 'НОВАЯ КАЛЕДОНИЯ', null, 'NC', 'NCL');
INSERT INTO public."OKSM" (oksm_id, code, shortname, fullname, alpha2, alpha3) VALUES (157, '548', 'ВАНУАТУ', 'Республика Вануату', 'VU', 'VUT');
INSERT INTO public."OKSM" (oksm_id, code, shortname, fullname, alpha2, alpha3) VALUES (158, '554', 'НОВАЯ ЗЕЛАНДИЯ', null, 'NZ', 'NZL');
INSERT INTO public."OKSM" (oksm_id, code, shortname, fullname, alpha2, alpha3) VALUES (159, '558', 'НИКАРАГУА', 'Республика Никарагуа', 'NI', 'NIC');
INSERT INTO public."OKSM" (oksm_id, code, shortname, fullname, alpha2, alpha3) VALUES (160, '562', 'НИГЕР', 'Республика Нигер', 'NE', 'NER');
INSERT INTO public."OKSM" (oksm_id, code, shortname, fullname, alpha2, alpha3) VALUES (161, '566', 'НИГЕРИЯ', 'Федеративная Республика Нигерия', 'NG', 'NGA');
INSERT INTO public."OKSM" (oksm_id, code, shortname, fullname, alpha2, alpha3) VALUES (162, '570', 'НИУЭ', 'Ниуэ', 'NU', 'NIU');
INSERT INTO public."OKSM" (oksm_id, code, shortname, fullname, alpha2, alpha3) VALUES (163, '574', 'ОСТРОВ НОРФОЛК', null, 'NF', 'NFK');
INSERT INTO public."OKSM" (oksm_id, code, shortname, fullname, alpha2, alpha3) VALUES (164, '578', 'НОРВЕГИЯ', 'Королевство Норвегия', 'NO', 'NOR');
INSERT INTO public."OKSM" (oksm_id, code, shortname, fullname, alpha2, alpha3) VALUES (165, '580', 'СЕВЕРНЫЕ МАРИАНСКИЕ ОСТРОВА', 'Содружество Северных Марианских островов', 'MP', 'MNP');
INSERT INTO public."OKSM" (oksm_id, code, shortname, fullname, alpha2, alpha3) VALUES (166, '581', 'МАЛЫЕ ТИХООКЕАНСКИЕ ОТДАЛЕННЫЕ ОСТРОВА СОЕДИНЕННЫХ ШТАТОВ', null, 'UM', 'UMI');
INSERT INTO public."OKSM" (oksm_id, code, shortname, fullname, alpha2, alpha3) VALUES (167, '583', 'МИКРОНЕЗИЯ, ФЕДЕРАТИВНЫЕ ШТАТЫ', 'Федеративные штаты Микронезии', 'FM', 'FSM');
INSERT INTO public."OKSM" (oksm_id, code, shortname, fullname, alpha2, alpha3) VALUES (168, '584', 'МАРШАЛЛОВЫ ОСТРОВА', 'Республика Маршалловы Острова', 'MH', 'MHL');
INSERT INTO public."OKSM" (oksm_id, code, shortname, fullname, alpha2, alpha3) VALUES (169, '585', 'ПАЛАУ', 'Республика Палау', 'PW', 'PLW');
INSERT INTO public."OKSM" (oksm_id, code, shortname, fullname, alpha2, alpha3) VALUES (170, '586', 'ПАКИСТАН', 'Исламская Республика Пакистан', 'PK', 'PAK');
INSERT INTO public."OKSM" (oksm_id, code, shortname, fullname, alpha2, alpha3) VALUES (171, '591', 'ПАНАМА', 'Республика Панама', 'PA', 'PAN');
INSERT INTO public."OKSM" (oksm_id, code, shortname, fullname, alpha2, alpha3) VALUES (172, '598', 'ПАПУА НОВАЯ ГВИНЕЯ', 'Независимое Государство Папуа Новая Гвинея', 'PG', 'PNG');
INSERT INTO public."OKSM" (oksm_id, code, shortname, fullname, alpha2, alpha3) VALUES (173, '600', 'ПАРАГВАЙ', 'Республика Парагвай', 'PY', 'PRY');
INSERT INTO public."OKSM" (oksm_id, code, shortname, fullname, alpha2, alpha3) VALUES (174, '604', 'ПЕРУ', 'Республика Перу', 'PE', 'PER');
INSERT INTO public."OKSM" (oksm_id, code, shortname, fullname, alpha2, alpha3) VALUES (175, '608', 'ФИЛИППИНЫ', 'Республика Филиппины', 'PH', 'PHL');
INSERT INTO public."OKSM" (oksm_id, code, shortname, fullname, alpha2, alpha3) VALUES (176, '612', 'ПИТКЕРН', null, 'PN', 'PCN');
INSERT INTO public."OKSM" (oksm_id, code, shortname, fullname, alpha2, alpha3) VALUES (177, '616', 'ПОЛЬША', 'Республика Польша', 'PL', 'POL');
INSERT INTO public."OKSM" (oksm_id, code, shortname, fullname, alpha2, alpha3) VALUES (178, '620', 'ПОРТУГАЛИЯ', 'Португальская Республика', 'PT', 'PRT');
INSERT INTO public."OKSM" (oksm_id, code, shortname, fullname, alpha2, alpha3) VALUES (179, '624', 'ГВИНЕЯ-БИСАУ', 'Республика Гвинея-Бисау', 'GW', 'GNB');
INSERT INTO public."OKSM" (oksm_id, code, shortname, fullname, alpha2, alpha3) VALUES (180, '626', 'ТИМОР-ЛЕСТЕ', 'Демократическая Республика Тимор-Лесте', 'TL', 'TLS');
INSERT INTO public."OKSM" (oksm_id, code, shortname, fullname, alpha2, alpha3) VALUES (181, '630', 'ПУЭРТО-РИКО', null, 'PR', 'PRI');
INSERT INTO public."OKSM" (oksm_id, code, shortname, fullname, alpha2, alpha3) VALUES (182, '634', 'КАТАР', 'Государство Катар', 'QA', 'QAT');
INSERT INTO public."OKSM" (oksm_id, code, shortname, fullname, alpha2, alpha3) VALUES (183, '638', 'РЕЮНЬОН', null, 'RE', 'REU');
INSERT INTO public."OKSM" (oksm_id, code, shortname, fullname, alpha2, alpha3) VALUES (184, '642', 'РУМЫНИЯ', null, 'RO', 'ROU');
INSERT INTO public."OKSM" (oksm_id, code, shortname, fullname, alpha2, alpha3) VALUES (185, '643', 'РОССИЯ', 'Российская Федерация', 'RU', 'RUS');
INSERT INTO public."OKSM" (oksm_id, code, shortname, fullname, alpha2, alpha3) VALUES (186, '646', 'РУАНДА', 'Руандийская Республика', 'RW', 'RWA');
INSERT INTO public."OKSM" (oksm_id, code, shortname, fullname, alpha2, alpha3) VALUES (187, '652', 'СЕН-БАРТЕЛЕМИ', null, 'BL', 'BLM');
INSERT INTO public."OKSM" (oksm_id, code, shortname, fullname, alpha2, alpha3) VALUES (188, '654', 'СВЯТАЯ ЕЛЕНА, ОСТРОВ ВОЗНЕСЕНИЯ, ТРИСТАН-ДА-КУНЬЯ', null, 'SH', 'SHN');
INSERT INTO public."OKSM" (oksm_id, code, shortname, fullname, alpha2, alpha3) VALUES (189, '659', 'СЕНТ-КИТС И НЕВИС', null, 'KN', 'KNA');
INSERT INTO public."OKSM" (oksm_id, code, shortname, fullname, alpha2, alpha3) VALUES (190, '660', 'АНГИЛЬЯ', null, 'AI', 'AIA');
INSERT INTO public."OKSM" (oksm_id, code, shortname, fullname, alpha2, alpha3) VALUES (191, '662', 'СЕНТ-ЛЮСИЯ', null, 'LC', 'LCA');
INSERT INTO public."OKSM" (oksm_id, code, shortname, fullname, alpha2, alpha3) VALUES (192, '663', 'СЕН-МАРТЕН', null, 'MF', 'MAF');
INSERT INTO public."OKSM" (oksm_id, code, shortname, fullname, alpha2, alpha3) VALUES (193, '666', 'СЕН-ПЬЕР И МИКЕЛОН', null, 'PM', 'SPM');
INSERT INTO public."OKSM" (oksm_id, code, shortname, fullname, alpha2, alpha3) VALUES (194, '670', 'СЕНТ-ВИНСЕНТ И ГРЕНАДИНЫ', null, 'VC', 'VCT');
INSERT INTO public."OKSM" (oksm_id, code, shortname, fullname, alpha2, alpha3) VALUES (195, '674', 'САН-МАРИНО', 'Республика Сан-Марино', 'SM', 'SMR');
INSERT INTO public."OKSM" (oksm_id, code, shortname, fullname, alpha2, alpha3) VALUES (196, '678', 'САН-ТОМЕ И ПРИНСИПИ', 'Демократическая Республика Сан-Томе и Принсипи', 'ST', 'STP');
INSERT INTO public."OKSM" (oksm_id, code, shortname, fullname, alpha2, alpha3) VALUES (197, '682', 'САУДОВСКАЯ АРАВИЯ', 'Королевство Саудовская Аравия', 'SA', 'SAU');
INSERT INTO public."OKSM" (oksm_id, code, shortname, fullname, alpha2, alpha3) VALUES (198, '686', 'СЕНЕГАЛ', 'Республика Сенегал', 'SN', 'SEN');
INSERT INTO public."OKSM" (oksm_id, code, shortname, fullname, alpha2, alpha3) VALUES (199, '688', 'СЕРБИЯ', 'Республика Сербия', 'RS', 'SRB');
INSERT INTO public."OKSM" (oksm_id, code, shortname, fullname, alpha2, alpha3) VALUES (200, '690', 'СЕЙШЕЛЫ', 'Республика Сейшелы', 'SC', 'SYC');
INSERT INTO public."OKSM" (oksm_id, code, shortname, fullname, alpha2, alpha3) VALUES (201, '694', 'СЬЕРРА-ЛЕОНЕ', 'Республика Сьерра-Леоне', 'SL', 'SLE');
INSERT INTO public."OKSM" (oksm_id, code, shortname, fullname, alpha2, alpha3) VALUES (202, '702', 'СИНГАПУР', 'Республика Сингапур', 'SG', 'SGP');
INSERT INTO public."OKSM" (oksm_id, code, shortname, fullname, alpha2, alpha3) VALUES (203, '703', 'СЛОВАКИЯ', 'Словацкая Республика', 'SK', 'SVK');
INSERT INTO public."OKSM" (oksm_id, code, shortname, fullname, alpha2, alpha3) VALUES (204, '704', 'ВЬЕТНАМ', 'Социалистическая Республика Вьетнам', 'VN', 'VNM');
INSERT INTO public."OKSM" (oksm_id, code, shortname, fullname, alpha2, alpha3) VALUES (205, '705', 'СЛОВЕНИЯ', 'Республика Словения', 'SI', 'SVN');
INSERT INTO public."OKSM" (oksm_id, code, shortname, fullname, alpha2, alpha3) VALUES (206, '706', 'СОМАЛИ', 'Федеративная Республика Сомали', 'SO', 'SOM');
INSERT INTO public."OKSM" (oksm_id, code, shortname, fullname, alpha2, alpha3) VALUES (207, '710', 'ЮЖНАЯ АФРИКА', 'Южно-Африканская Республика', 'ZA', 'ZAF');
INSERT INTO public."OKSM" (oksm_id, code, shortname, fullname, alpha2, alpha3) VALUES (208, '716', 'ЗИМБАБВЕ', 'Республика Зимбабве', 'ZW', 'ZWE');
INSERT INTO public."OKSM" (oksm_id, code, shortname, fullname, alpha2, alpha3) VALUES (209, '724', 'ИСПАНИЯ', 'Королевство Испания', 'ES', 'ESP');
INSERT INTO public."OKSM" (oksm_id, code, shortname, fullname, alpha2, alpha3) VALUES (210, '728', 'ЮЖНЫЙ СУДАН', 'Республика Южный Судан', 'SS', 'SSD');
INSERT INTO public."OKSM" (oksm_id, code, shortname, fullname, alpha2, alpha3) VALUES (211, '729', 'СУДАН', 'Республика Судан', 'SD', 'SDN');
INSERT INTO public."OKSM" (oksm_id, code, shortname, fullname, alpha2, alpha3) VALUES (212, '732', 'ЗАПАДНАЯ САХАРА Росстандарта от 14.12.2011 N 1514-ст', null, 'EH', 'ESH');
INSERT INTO public."OKSM" (oksm_id, code, shortname, fullname, alpha2, alpha3) VALUES (213, '740', 'СУРИНАМ', 'Республика Суринам', 'SR', 'SUR');
INSERT INTO public."OKSM" (oksm_id, code, shortname, fullname, alpha2, alpha3) VALUES (214, '744', 'ШПИЦБЕРГЕН И ЯН МАЙЕН', null, 'SJ', 'SJM');
INSERT INTO public."OKSM" (oksm_id, code, shortname, fullname, alpha2, alpha3) VALUES (215, '748', 'СВАЗИЛЕНД', 'Королевство Свазиленд', 'SZ', 'SWZ');
INSERT INTO public."OKSM" (oksm_id, code, shortname, fullname, alpha2, alpha3) VALUES (216, '752', 'ШВЕЦИЯ', 'Королевство Швеция', 'SE', 'SWE');
INSERT INTO public."OKSM" (oksm_id, code, shortname, fullname, alpha2, alpha3) VALUES (217, '756', 'ШВЕЙЦАРИЯ', 'Швейцарская Конфедерация', 'CH', 'CHE');
INSERT INTO public."OKSM" (oksm_id, code, shortname, fullname, alpha2, alpha3) VALUES (218, '760', 'СИРИЙСКАЯ АРАБСКАЯ РЕСПУБЛИКА', null, 'SY', 'SYR');
INSERT INTO public."OKSM" (oksm_id, code, shortname, fullname, alpha2, alpha3) VALUES (219, '762', 'ТАДЖИКИСТАН', 'Республика Таджикистан', 'TJ', 'TJK');
INSERT INTO public."OKSM" (oksm_id, code, shortname, fullname, alpha2, alpha3) VALUES (220, '764', 'ТАИЛАНД', 'Королевство Таиланд', 'TH', 'THA');
INSERT INTO public."OKSM" (oksm_id, code, shortname, fullname, alpha2, alpha3) VALUES (221, '768', 'ТОГО', 'Тоголезская Республика', 'TG', 'TGO');
INSERT INTO public."OKSM" (oksm_id, code, shortname, fullname, alpha2, alpha3) VALUES (222, '772', 'ТОКЕЛАУ', null, 'TK', 'TKL');
INSERT INTO public."OKSM" (oksm_id, code, shortname, fullname, alpha2, alpha3) VALUES (223, '776', 'ТОНГА', 'Королевство Тонга', 'TO', 'TON');
INSERT INTO public."OKSM" (oksm_id, code, shortname, fullname, alpha2, alpha3) VALUES (224, '780', 'ТРИНИДАД И ТОБАГО', 'Республика Тринидад и Тобаго', 'TT', 'TTO');
INSERT INTO public."OKSM" (oksm_id, code, shortname, fullname, alpha2, alpha3) VALUES (225, '784', 'ОБЪЕДИНЕННЫЕ АРАБСКИЕ ЭМИРАТЫ', null, 'AE', 'ARE');
INSERT INTO public."OKSM" (oksm_id, code, shortname, fullname, alpha2, alpha3) VALUES (226, '788', 'ТУНИС', 'Тунисская Республика', 'TN', 'TUN');
INSERT INTO public."OKSM" (oksm_id, code, shortname, fullname, alpha2, alpha3) VALUES (227, '792', 'ТУРЦИЯ', 'Турецкая Республика', 'TR', 'TUR');
INSERT INTO public."OKSM" (oksm_id, code, shortname, fullname, alpha2, alpha3) VALUES (228, '795', 'ТУРКМЕНИЯ', 'Туркменистан', 'TM', 'TKM');
INSERT INTO public."OKSM" (oksm_id, code, shortname, fullname, alpha2, alpha3) VALUES (229, '796', 'ОСТРОВА ТЕРКС И КАЙКОС', null, 'TC', 'TCA');
INSERT INTO public."OKSM" (oksm_id, code, shortname, fullname, alpha2, alpha3) VALUES (230, '798', 'ТУВАЛУ', null, 'TV', 'TUV');
INSERT INTO public."OKSM" (oksm_id, code, shortname, fullname, alpha2, alpha3) VALUES (231, '800', 'УГАНДА', 'Республика Уганда', 'UG', 'UGA');
INSERT INTO public."OKSM" (oksm_id, code, shortname, fullname, alpha2, alpha3) VALUES (232, '804', 'УКРАИНА', null, 'UA', 'UKR');
INSERT INTO public."OKSM" (oksm_id, code, shortname, fullname, alpha2, alpha3) VALUES (233, '807', 'РЕСПУБЛИКА МАКЕДОНИЯ', null, 'MK', 'MKD');
INSERT INTO public."OKSM" (oksm_id, code, shortname, fullname, alpha2, alpha3) VALUES (234, '818', 'ЕГИПЕТ', 'Арабская Республика Египет', 'EG', 'EGY');
INSERT INTO public."OKSM" (oksm_id, code, shortname, fullname, alpha2, alpha3) VALUES (235, '826', 'СОЕДИНЕННОЕ КОРОЛЕВСТВО', 'Соединенное Королевство Великобритании и Северной Ирландии', 'GB', 'GBR');
INSERT INTO public."OKSM" (oksm_id, code, shortname, fullname, alpha2, alpha3) VALUES (236, '831', 'ГЕРНСИ', null, 'GG', 'GGY');
INSERT INTO public."OKSM" (oksm_id, code, shortname, fullname, alpha2, alpha3) VALUES (237, '832', 'ДЖЕРСИ', null, 'JE', 'JEY');
INSERT INTO public."OKSM" (oksm_id, code, shortname, fullname, alpha2, alpha3) VALUES (238, '833', 'ОСТРОВ МЭН', null, 'IM', 'IMN');
INSERT INTO public."OKSM" (oksm_id, code, shortname, fullname, alpha2, alpha3) VALUES (239, '834', 'ТАНЗАНИЯ, ОБЪЕДИНЕННАЯ РЕСПУБЛИКА', 'Объединенная Республика Танзания', 'TZ', 'TZA');
INSERT INTO public."OKSM" (oksm_id, code, shortname, fullname, alpha2, alpha3) VALUES (240, '840', 'СОЕДИНЕННЫЕ ШТАТЫ', 'Соединенные Штаты Америки', 'US', 'USA');
INSERT INTO public."OKSM" (oksm_id, code, shortname, fullname, alpha2, alpha3) VALUES (241, '850', 'ВИРГИНСКИЕ ОСТРОВА, США', 'Виргинские острова Соединенных Штатов', 'VI', 'VIR');
INSERT INTO public."OKSM" (oksm_id, code, shortname, fullname, alpha2, alpha3) VALUES (242, '854', 'БУРКИНА-ФАСО', null, 'BF', 'BFA');
INSERT INTO public."OKSM" (oksm_id, code, shortname, fullname, alpha2, alpha3) VALUES (243, '858', 'УРУГВАЙ', 'Восточная Республика Уругвай', 'UY', 'URY');
INSERT INTO public."OKSM" (oksm_id, code, shortname, fullname, alpha2, alpha3) VALUES (244, '860', 'УЗБЕКИСТАН', 'Республика Узбекистан', 'UZ', 'UZB');
INSERT INTO public."OKSM" (oksm_id, code, shortname, fullname, alpha2, alpha3) VALUES (245, '862', 'ВЕНЕСУЭЛА БОЛИВАРИАНСКАЯ РЕСПУБЛИКА', 'Боливарианская Республика Венесуэла', 'VE', 'VEN');
INSERT INTO public."OKSM" (oksm_id, code, shortname, fullname, alpha2, alpha3) VALUES (246, '876', 'УОЛЛИС И ФУТУНА', null, 'WF', 'WLF');
INSERT INTO public."OKSM" (oksm_id, code, shortname, fullname, alpha2, alpha3) VALUES (247, '882', 'САМОА', 'Независимое Государство Самоа', 'WS', 'WSM');
INSERT INTO public."OKSM" (oksm_id, code, shortname, fullname, alpha2, alpha3) VALUES (248, '887', 'ЙЕМЕН', 'Йеменская Республика', 'YE', 'YEM');
INSERT INTO public."OKSM" (oksm_id, code, shortname, fullname, alpha2, alpha3) VALUES (249, '894', 'ЗАМБИЯ', 'Республика Замбия', 'ZM', 'ZMB');
INSERT INTO public."OKSM" (oksm_id, code, shortname, fullname, alpha2, alpha3) VALUES (250, '895', 'АБХАЗИЯ', 'Республика Абхазия', 'AB', 'ABH');
INSERT INTO public."OKSM" (oksm_id, code, shortname, fullname, alpha2, alpha3) VALUES (251, '896', 'ЮЖНАЯ ОСЕТИЯ', 'Республика Южная Осетия', 'OS', 'OST');
INSERT INTO public."OKSM" (oksm_id, code, shortname, fullname, alpha2, alpha3) VALUES (320, '990', 'Атланта', 'Атлантида', 'WQ', 'QQQ');
INSERT INTO public."OKSM" (oksm_id, code, shortname, fullname, alpha2, alpha3) VALUES (1, '004', 'АФГАНИСТАН', 'Переходное Исламское Государство Афганистан', 'AF', 'AFu');
INSERT INTO public."OKSM" (oksm_id, code, shortname, fullname, alpha2, alpha3) VALUES (6, '020', 'АНДОРРА', 'Княжество Андорра', 'AD', 'AND');
INSERT INTO public."OKSM" (oksm_id, code, shortname, fullname, alpha2, alpha3) VALUES (255, '999', 'Атлантида', 'Атлантида', 'AA', 'AAА');INSERT INTO public.progress_statuses (progress_statuses_id, fullname) VALUES (1, 'Прогресс начат');
INSERT INTO public.progress_statuses (progress_statuses_id, fullname) VALUES (3, 'Завершение');
INSERT INTO public.progress_statuses (progress_statuses_id, fullname) VALUES (2, 'В процесссе');INSERT INTO public.protocol (protocol_id, protocol_num, protocol_date, meetings_type_id, protocol_name, note, idfilestorage) VALUES (154, '37', '2020-10-03', 2, 'Протокол_330L', 'Заметка о протоколе Протокол_330L', '9dd8b21c-0577-42f1-9a9f-f1ad6ba89f5a');
INSERT INTO public.protocol (protocol_id, protocol_num, protocol_date, meetings_type_id, protocol_name, note, idfilestorage) VALUES (155, '102', '2020-10-06', 5, 'Протокол_428C', 'Заметка о протоколе Протокол_428C', '057e3cc9-0fbf-47c6-8571-5a421e560e3f');
INSERT INTO public.protocol (protocol_id, protocol_num, protocol_date, meetings_type_id, protocol_name, note, idfilestorage) VALUES (156, '87', '2020-10-04', 5, 'Протокол_267K', 'Заметка о протоколе Протокол_267K', '7c0eca68-21a1-4e1c-ac48-087291bc39b6');
INSERT INTO public.protocol (protocol_id, protocol_num, protocol_date, meetings_type_id, protocol_name, note, idfilestorage) VALUES (157, '99', '2020-10-02', 2, 'Протокол_140T', 'Заметка о протоколе Протокол_140T', '90e9798a-d07d-4875-8a7a-18ee31230c68');
INSERT INTO public.protocol (protocol_id, protocol_num, protocol_date, meetings_type_id, protocol_name, note, idfilestorage) VALUES (158, '100', '2020-10-05', 5, 'Протокол_446R', 'Заметка о протоколе Протокол_446R', '42698c6e-0737-4260-adb0-0f6428fa4ec5');INSERT INTO public.purposemu (idpurpose, namepurpose) VALUES (0, 'Вооруженные силы Российской Федерации');
INSERT INTO public.purposemu (idpurpose, namepurpose) VALUES (5, 'Воинские формирования органов государственной власти');
INSERT INTO public.purposemu (idpurpose, namepurpose) VALUES (100, 'Органы военного управления');
INSERT INTO public.purposemu (idpurpose, namepurpose) VALUES (107, 'Органы управления воинских подразделений');
INSERT INTO public.purposemu (idpurpose, namepurpose) VALUES (110, 'Центральные органы военного управления');
INSERT INTO public.purposemu (idpurpose, namepurpose) VALUES (111, 'Органы военного управления видов ВС РФ');
INSERT INTO public.purposemu (idpurpose, namepurpose) VALUES (112, 'Органы военного управления родов войск и служб');
INSERT INTO public.purposemu (idpurpose, namepurpose) VALUES (130, 'Органы управления фронтов, военных округов, групп войск');
INSERT INTO public.purposemu (idpurpose, namepurpose) VALUES (140, 'Органы управления армий');
INSERT INTO public.purposemu (idpurpose, namepurpose) VALUES (150, 'Органы управления корпусов');
INSERT INTO public.purposemu (idpurpose, namepurpose) VALUES (160, 'Органы управления оперативно-тактических территориальных объединений');
INSERT INTO public.purposemu (idpurpose, namepurpose) VALUES (175, 'Органы управления республик в составе РФ');
INSERT INTO public.purposemu (idpurpose, namepurpose) VALUES (200, 'Части обеспечения и охраны органов военного управления');
INSERT INTO public.purposemu (idpurpose, namepurpose) VALUES (210, 'Части обеспечения и охраны центральных органов');
INSERT INTO public.purposemu (idpurpose, namepurpose) VALUES (211, 'Части обеспечения и охраны видов ВС РФ');
INSERT INTO public.purposemu (idpurpose, namepurpose) VALUES (220, 'Части обеспечения и охраны стратегических объединений');
INSERT INTO public.purposemu (idpurpose, namepurpose) VALUES (230, 'Части обеспечения и охраны управлений округов');
INSERT INTO public.purposemu (idpurpose, namepurpose) VALUES (240, 'Части обеспечения и охраны управлений армий');
INSERT INTO public.purposemu (idpurpose, namepurpose) VALUES (250, 'Части обеспечения и охраны управлений корпусов');
INSERT INTO public.purposemu (idpurpose, namepurpose) VALUES (260, 'Части обеспечения и охраны опер.-тактич. Территориальных объединений');
INSERT INTO public.purposemu (idpurpose, namepurpose) VALUES (300, 'Боевые войска');
INSERT INTO public.purposemu (idpurpose, namepurpose) VALUES (310, 'Органы управления боевых войск');
INSERT INTO public.purposemu (idpurpose, namepurpose) VALUES (320, 'Органы боевой подготовки боевых войск');
INSERT INTO public.purposemu (idpurpose, namepurpose) VALUES (330, 'Боевые соединения и части');
INSERT INTO public.purposemu (idpurpose, namepurpose) VALUES (331, 'Летные части боевых войск');
INSERT INTO public.purposemu (idpurpose, namepurpose) VALUES (332, 'Корабельные части боевых войск');
INSERT INTO public.purposemu (idpurpose, namepurpose) VALUES (333, 'Части обеспечения боевых войск');
INSERT INTO public.purposemu (idpurpose, namepurpose) VALUES (340, 'Части боевого обеспечения боевых войск');
INSERT INTO public.purposemu (idpurpose, namepurpose) VALUES (341, 'Части боевого обеспечения летных воинских частей боевых войск');
INSERT INTO public.purposemu (idpurpose, namepurpose) VALUES (342, 'Части боевого обеспечения корабельных частей боевых войск');
INSERT INTO public.purposemu (idpurpose, namepurpose) VALUES (343, 'Части боевого обеспечения частей обеспечения боевых войск');
INSERT INTO public.purposemu (idpurpose, namepurpose) VALUES (350, 'Части технического обеспечения боевых войск');
INSERT INTO public.purposemu (idpurpose, namepurpose) VALUES (351, 'Ремонтно-восстановительные части боевых войск');
INSERT INTO public.purposemu (idpurpose, namepurpose) VALUES (353, 'Суда обеспечения боевых войск');
INSERT INTO public.purposemu (idpurpose, namepurpose) VALUES (360, 'Части тылового обеспечения боевых войск');
INSERT INTO public.purposemu (idpurpose, namepurpose) VALUES (370, 'Части обеспечения и охраны боевых войск');
INSERT INTO public.purposemu (idpurpose, namepurpose) VALUES (400, 'Специальные войска');
INSERT INTO public.purposemu (idpurpose, namepurpose) VALUES (410, 'Органы военного управления специальных войск');
INSERT INTO public.purposemu (idpurpose, namepurpose) VALUES (420, 'Органы боевой подготовки специальных войск');
INSERT INTO public.purposemu (idpurpose, namepurpose) VALUES (440, 'Соединения и части боевого обеспечения спец. Войск');
INSERT INTO public.purposemu (idpurpose, namepurpose) VALUES (441, 'Части боевого обеспечения летных частей спец. Войск');
INSERT INTO public.purposemu (idpurpose, namepurpose) VALUES (442, 'Части боевого обеспечения корабельных частей спец. Войск');
INSERT INTO public.purposemu (idpurpose, namepurpose) VALUES (443, 'Части боевого обеспечения частей обеспечения спец. Войск');
INSERT INTO public.purposemu (idpurpose, namepurpose) VALUES (450, 'Части технического обеспечения специальных войск');
INSERT INTO public.purposemu (idpurpose, namepurpose) VALUES (451, 'Ремонтно-восстановительные части специальных войск');
INSERT INTO public.purposemu (idpurpose, namepurpose) VALUES (453, 'Суда обеспечения специальных войск');
INSERT INTO public.purposemu (idpurpose, namepurpose) VALUES (454, 'Другие воинские части специальных войск');
INSERT INTO public.purposemu (idpurpose, namepurpose) VALUES (460, 'Части тылового обеспечения специальных войск');
INSERT INTO public.purposemu (idpurpose, namepurpose) VALUES (470, 'Части обеспечения и охраны специальных войск');
INSERT INTO public.purposemu (idpurpose, namepurpose) VALUES (500, 'Воинские части и учреждения тыла');
INSERT INTO public.purposemu (idpurpose, namepurpose) VALUES (510, 'Органы военного управления частей тыла');
INSERT INTO public.purposemu (idpurpose, namepurpose) VALUES (520, 'Органы боевой подготовки частей тыла');
INSERT INTO public.purposemu (idpurpose, namepurpose) VALUES (550, 'Части технического обеспечения частей тыла');
INSERT INTO public.purposemu (idpurpose, namepurpose) VALUES (551, 'Ремонтно-восстановительные части частей тыла');
INSERT INTO public.purposemu (idpurpose, namepurpose) VALUES (560, 'Части и учреждения тылового обеспечения');
INSERT INTO public.purposemu (idpurpose, namepurpose) VALUES (570, 'Части обеспечения и охраны частей тыла');
INSERT INTO public.purposemu (idpurpose, namepurpose) VALUES (600, 'Военно-учебные заведения');
INSERT INTO public.purposemu (idpurpose, namepurpose) VALUES (700, 'Учебные и запасные соединения и части');
INSERT INTO public.purposemu (idpurpose, namepurpose) VALUES (710, 'Органы военного управления учебных и запасных частей');
INSERT INTO public.purposemu (idpurpose, namepurpose) VALUES (730, 'Учебные и запасные соединения и части');
INSERT INTO public.purposemu (idpurpose, namepurpose) VALUES (801, 'Подразделения по работе с личным составом');
INSERT INTO public.purposemu (idpurpose, namepurpose) VALUES (803, 'Подразделения обеспечения органов военного управления');INSERT INTO public.realty_types (realty_types_id, fullname) VALUES (1, 'Мелкая недвижимость');
INSERT INTO public.realty_types (realty_types_id, fullname) VALUES (6, 'Монументальная недвижимость');
INSERT INTO public.realty_types (realty_types_id, fullname) VALUES (2, 'Средняя недвижимость');
INSERT INTO public.realty_types (realty_types_id, fullname) VALUES (3, 'Крупная недвижимость');INSERT INTO public.sortarmedforces (idsortaf, namesortaf, snamesortaf) VALUES ('0  ', 'Вооруженные Силы', 'ВС');
INSERT INTO public.sortarmedforces (idsortaf, namesortaf, snamesortaf) VALUES ('А0 ', 'Министерство обороны', 'МО');
INSERT INTO public.sortarmedforces (idsortaf, namesortaf, snamesortaf) VALUES ('В0 ', 'Генеральный штаб ВС', 'ГШВС');
INSERT INTO public.sortarmedforces (idsortaf, namesortaf, snamesortaf) VALUES ('Ж0 ', 'Ракетные войска стратегического назначения', 'РВСН');
INSERT INTO public.sortarmedforces (idsortaf, namesortaf, snamesortaf) VALUES ('К0 ', 'Сухопутные войска', 'СВ');
INSERT INTO public.sortarmedforces (idsortaf, namesortaf, snamesortaf) VALUES ('П0 ', 'Военно-воздушные силы', 'ВВС');
INSERT INTO public.sortarmedforces (idsortaf, namesortaf, snamesortaf) VALUES ('С0 ', 'Военно-Морской Флот', 'ВМФ');
INSERT INTO public.sortarmedforces (idsortaf, namesortaf, snamesortaf) VALUES ('Т0 ', 'Воздушно-десантные войска', 'ВДВ');
INSERT INTO public.sortarmedforces (idsortaf, namesortaf, snamesortaf) VALUES ('У0 ', 'Соединения, воинские части и учреждения, не входящие в виды ВС', null);
INSERT INTO public.sortarmedforces (idsortaf, namesortaf, snamesortaf) VALUES ('Ф0 ', 'Космические войска', 'КВ');
INSERT INTO public.sortarmedforces (idsortaf, namesortaf, snamesortaf) VALUES ('Х0 ', 'Соединения, воинские части и учреждения тыла ВС', null);
INSERT INTO public.sortarmedforces (idsortaf, namesortaf, snamesortaf) VALUES ('Я0 ', 'Формирования других министерств и ведомств', null);
INSERT INTO public.sortarmedforces (idsortaf, namesortaf, snamesortaf) VALUES ('Я1 ', 'Формирования дружественных стран', null);
INSERT INTO public.sortarmedforces (idsortaf, namesortaf, snamesortaf) VALUES ('Я4 ', 'Воинские формирования органов государственной власти и управления', null);INSERT INTO public.subcategories_list (subcategories_list_id, construction_categories_id, construction_subcategories_id) VALUES (83, 27, 121);
INSERT INTO public.subcategories_list (subcategories_list_id, construction_categories_id, construction_subcategories_id) VALUES (86, 25, 117);
INSERT INTO public.subcategories_list (subcategories_list_id, construction_categories_id, construction_subcategories_id) VALUES (39, 25, 109);
INSERT INTO public.subcategories_list (subcategories_list_id, construction_categories_id, construction_subcategories_id) VALUES (40, 25, 110);
INSERT INTO public.subcategories_list (subcategories_list_id, construction_categories_id, construction_subcategories_id) VALUES (41, 25, 111);
INSERT INTO public.subcategories_list (subcategories_list_id, construction_categories_id, construction_subcategories_id) VALUES (48, 24, 108);
INSERT INTO public.subcategories_list (subcategories_list_id, construction_categories_id, construction_subcategories_id) VALUES (49, 24, 112);
INSERT INTO public.subcategories_list (subcategories_list_id, construction_categories_id, construction_subcategories_id) VALUES (5, 2, 1);
INSERT INTO public.subcategories_list (subcategories_list_id, construction_categories_id, construction_subcategories_id) VALUES (7, 1, 2);
INSERT INTO public.subcategories_list (subcategories_list_id, construction_categories_id, construction_subcategories_id) VALUES (8, 2, 117);
INSERT INTO public.subcategories_list (subcategories_list_id, construction_categories_id, construction_subcategories_id) VALUES (12, 25, 112);
INSERT INTO public.subcategories_list (subcategories_list_id, construction_categories_id, construction_subcategories_id) VALUES (13, 25, 113);INSERT INTO public.visited_objects (work_trips_id, construction_id) VALUES (4, 5);
INSERT INTO public.visited_objects (work_trips_id, construction_id) VALUES (4, 7);
INSERT INTO public.visited_objects (work_trips_id, construction_id) VALUES (1, 5);
INSERT INTO public.visited_objects (work_trips_id, construction_id) VALUES (1, 4);
INSERT INTO public.visited_objects (work_trips_id, construction_id) VALUES (4, 4);
INSERT INTO public.visited_objects (work_trips_id, construction_id) VALUES (14, 7);INSERT INTO public.works_list (works_list_id, element_types_id, element_description, begin_date, work_description, relevance_date, note, weight, end_date, plan, fact, unit_id, work_types_id, construction_objects_id) VALUES (5, 1, 'first_element_descr', '2020-10-05', 'work_decrp', '2020-10-06', 'nota', 2, '2020-10-07', 2.0, 2.0, 1, 1, 37);INSERT INTO public.work_trips (work_trips_id, trip_date, trip_name, escort_officer, leadership_positions_id, protocol_id) VALUES (4, '2020-08-08', 'Четвертая поездка', 'Петров Петька', 3, null);
INSERT INTO public.work_trips (work_trips_id, trip_date, trip_name, escort_officer, leadership_positions_id, protocol_id) VALUES (1, '2020-08-07', 'Первая поездка', 'Васьков Васька', 1, null);
INSERT INTO public.work_trips (work_trips_id, trip_date, trip_name, escort_officer, leadership_positions_id, protocol_id) VALUES (14, '2020-10-02', 'Первая поездка', 'Васьков Васька', 2, null);
INSERT INTO public.work_trips (work_trips_id, trip_date, trip_name, escort_officer, leadership_positions_id, protocol_id) VALUES (6, '2020-10-16', 'Пятая поездка', 'Сидоров Сидр', 5, null);
INSERT INTO public.work_trips (work_trips_id, trip_date, trip_name, escort_officer, leadership_positions_id, protocol_id) VALUES (7, '2020-10-18', 'Шестая поездка', 'Ваньков Ваня', 5, null);INSERT INTO public.work_types (work_types_id, fullname, note) VALUES (1, 'Установка ПРО', 'Только самое современное ПРО');
INSERT INTO public.work_types (work_types_id, fullname, note) VALUES (3, 'Возведение стен', 'Возводить необходимо только высокие стены');
INSERT INTO public.work_types (work_types_id, fullname, note) VALUES (2, 'Закладка фундамента', 'Закладывать фундамент нужно летом');INSERT INTO public.zones (zones_id, fullname) VALUES (13, 'Горы');
INSERT INTO public.zones (zones_id, fullname) VALUES (14, 'Лес');
INSERT INTO public.zones (zones_id, fullname) VALUES (15, 'Равнины');
INSERT INTO public.zones (zones_id, fullname) VALUES (16, 'Пустыня');
INSERT INTO public.zones (zones_id, fullname) VALUES (2, 'Тундра');
INSERT INTO public.zones (zones_id, fullname) VALUES (9, 'Степь');
INSERT INTO public.zones (zones_id, fullname) VALUES (12, 'Болото');INSERT INTO state_contract.contracts (contracts_id, contract_num, contract_date, identifier, subject, contract_sum, paid_sum, accepted_sum, receivables, plan_sum, construction_id, contractor_id, subcontractor_id, contract_statuses_id) VALUES (25, '12345', '2020-11-12', '1234', '1234', 1.00, 2.00, 3.00, 4.00, 5.00, 7, 7, 9, 1);INSERT INTO state_contract.contract_statuses (contract_statuses_id, fullname) VALUES (1, 'Первый статус');
INSERT INTO state_contract.contract_statuses (contract_statuses_id, fullname) VALUES (2, 'Второй статус');
INSERT INTO state_contract.contract_statuses (contract_statuses_id, fullname) VALUES (3, 'Третий статус');
INSERT INTO state_contract.contract_worktypes (contract_worktypes_id, fullname) VALUES (5,	'подведение итогов');
INSERT INTO state_contract.contract_worktypes (contract_worktypes_id, fullname) VALUES (2,	'обсуждение');
INSERT INTO state_contract.contract_worktypes (contract_worktypes_id, fullname) VALUES (4,	'предложения');
INSERT INTO state_contract.contract_worktypes (contract_worktypes_id, fullname) VALUES (1,	'беседа');
INSERT INTO state_contract.contract_worktypes (contract_worktypes_id, fullname) VALUES (6,	'отчет');
INSERT INTO state_contract.contract_worktypes (contract_worktypes_id, fullname) VALUES (3,	'голосование');
INSERT INTO state_contract.completion_dates (completion_dates_id, end_date, contracts_id, contract_worktypes_id) VALUES (2, '2025-11-11', 1, 1);
INSERT INTO state_contract.completion_dates (completion_dates_id, end_date, contracts_id, contract_worktypes_id) VALUES (8, '2022-11-11', 7, 6);
INSERT INTO state_contract.completion_dates (completion_dates_id, end_date, contracts_id, contract_worktypes_id) VALUES (7, '2024-11-16', 7, 5);
INSERT INTO state_contract.completion_dates (completion_dates_id, end_date, contracts_id, contract_worktypes_id) VALUES (6, '2022-11-18', 7, 4);
INSERT INTO state_contract.completion_dates (completion_dates_id, end_date, contracts_id, contract_worktypes_id) VALUES (3, '2025-11-06', 1, 5);